transform,k,file,value_type,scope,variant,patlen,n_records_hit,n_available,mode_offset,expected_by_chance
raw,,a,own_f1,per_record,u16BE_x1,2,2,48,181,0.000732421875
raw,,a,own_f1,per_record,i16BE_x1,2,2,48,181,0.000732421875
raw,,a,own_f1,per_record,u16LE_x10,2,2,48,45,0.000732421875
raw,,a,own_f1,per_record,i16LE_x10,2,2,48,45,0.000732421875
raw,,a,own_f2,per_record,u16BE_x1,2,2,48,181,0.000732421875
raw,,a,own_f2,per_record,i16BE_x1,2,2,48,181,0.000732421875
raw,,a,own_f2,per_record,u16BE_x10,2,2,48,195,0.000732421875
raw,,a,own_f2,per_record,i16BE_x10,2,2,48,195,0.000732421875
raw,,a,own_f1,per_record,u16BE_x10,2,6,48,273,0.000732421875
raw,,a,own_f1,per_record,i16BE_x10,2,6,48,273,0.000732421875
raw,,a,own_f2,per_record,u16LE_x10,2,6,48,287,0.000732421875
raw,,a,own_f2,per_record,i16LE_x10,2,6,48,287,0.000732421875
xor,1,a,own_f1,per_record,u16LE_x1,2,2,48,181,0.000732421875
xor,1,a,own_f1,per_record,i16LE_x1,2,2,48,181,0.000732421875
xor,1,a,own_f2,per_record,u16LE_x1,2,2,48,181,0.000732421875
xor,1,a,own_f2,per_record,i16LE_x1,2,2,48,181,0.000732421875
xor,1,a,own_f1,per_record,u16BE_x10,2,6,48,292,0.000732421875
xor,1,a,own_f1,per_record,i16BE_x10,2,6,48,292,0.000732421875
xor,2,a,own_f1,per_record,u16BE_x1,2,4,48,328,0.000732421875
xor,2,a,own_f1,per_record,i16BE_x1,2,4,48,328,0.000732421875
xor,2,a,own_f2,per_record,u16BE_x1,2,4,48,328,0.000732421875
xor,2,a,own_f2,per_record,i16BE_x1,2,4,48,328,0.000732421875
xor,2,a,own_f2,per_record,u16BE_x10,2,6,48,298,0.000732421875
xor,2,a,own_f2,per_record,i16BE_x10,2,6,48,298,0.000732421875
xor,3,a,own_f1,per_record,u16LE_x1,2,4,48,328,0.000732421875
xor,3,a,own_f1,per_record,i16LE_x1,2,4,48,328,0.000732421875
xor,3,a,own_f2,per_record,u16LE_x1,2,4,48,328,0.000732421875
xor,3,a,own_f2,per_record,i16LE_x1,2,4,48,328,0.000732421875
xor,4,a,own_f2,per_record,u16LE_x10,2,6,48,298,0.000732421875
xor,4,a,own_f2,per_record,i16LE_x10,2,6,48,298,0.000732421875
xor,5,a,own_f2,per_record,u16LE_x10,2,2,48,81,0.000732421875
xor,5,a,own_f2,per_record,i16LE_x10,2,2,48,81,0.000732421875
xor,6,a,own_f2,per_record,u16LE_x10,2,2,48,195,0.000732421875
xor,6,a,own_f2,per_record,i16LE_x10,2,2,48,195,0.000732421875
xor,6,a,own_f2,per_record,u16BE_x10,2,6,48,287,0.000732421875
xor,6,a,own_f2,per_record,i16BE_x10,2,6,48,287,0.000732421875
xor,8,a,own_f1,per_record,u16BE_x10,2,2,48,45,0.000732421875
xor,8,a,own_f1,per_record,i16BE_x10,2,2,48,45,0.000732421875
xor,8,a,own_f1,per_record,u16BE_x1,2,3,48,158,0.000732421875
xor,8,a,own_f1,per_record,i16BE_x1,2,3,48,158,0.000732421875
xor,8,a,own_f2,per_record,u16BE_x1,2,3,48,158,0.000732421875
xor,8,a,own_f2,per_record,i16BE_x1,2,3,48,158,0.000732421875
xor,8,a,own_f1,per_record,u16LE_x10,2,6,48,273,0.000732421875
xor,8,a,own_f1,per_record,i16LE_x10,2,6,48,273,0.000732421875
xor,9,a,own_f2,per_record,u16BE_x10,2,8,48,245,0.000732421875
xor,9,a,own_f2,per_record,i16BE_x10,2,8,48,245,0.000732421875
xor,9,a,own_f1,per_record,u16LE_x1,2,3,48,158,0.000732421875
xor,9,a,own_f1,per_record,i16LE_x1,2,3,48,158,0.000732421875
xor,9,a,own_f2,per_record,u16LE_x1,2,3,48,158,0.000732421875
xor,9,a,own_f2,per_record,i16LE_x1,2,3,48,158,0.000732421875
xor,9,a,own_f1,per_record,u16LE_x10,2,6,48,292,0.000732421875
xor,9,a,own_f1,per_record,i16LE_x10,2,6,48,292,0.000732421875
xor,10,a,own_f2,per_record,u16BE_x10,2,8,48,196,0.000732421875
xor,10,a,own_f2,per_record,i16BE_x10,2,8,48,196,0.000732421875
xor,10,a,own_f4,per_record,bcd_swapped,2,2,48,35,0.000732421875
xor,12,a,own_f2,per_record,u16LE_x10,2,8,48,196,0.000732421875
xor,12,a,own_f2,per_record,i16LE_x10,2,8,48,196,0.000732421875
xor,12,a,own_f2,per_record,u16LE_x100,2,4,48,73,0.000732421875
xor,12,a,own_f2,per_record,i16LE_x100,2,4,48,73,0.000732421875
xor,15,a,own_f2,per_record,u16LE_x10,2,8,48,245,0.000732421875
xor,15,a,own_f2,per_record,i16LE_x10,2,8,48,245,0.000732421875
xor,16,a,own_f1,per_record,u16BE_x10,2,2,48,150,0.000732421875
xor,16,a,own_f1,per_record,i16BE_x10,2,2,48,150,0.000732421875
xor,16,a,own_f1,per_record,u16LE_x1,2,8,48,302,0.000732421875
xor,16,a,own_f1,per_record,i16LE_x1,2,8,48,302,0.000732421875
xor,16,a,own_f2,per_record,u16LE_x1,2,8,48,302,0.000732421875
xor,16,a,own_f2,per_record,i16LE_x1,2,8,48,302,0.000732421875
xor,16,a,own_f2,per_record,u16BE_x100,2,4,48,179,0.000732421875
xor,16,a,own_f2,per_record,i16BE_x100,2,4,48,179,0.000732421875
xor,17,a,own_f1,per_record,u16BE_x1,2,8,48,302,0.000732421875
xor,17,a,own_f1,per_record,i16BE_x1,2,8,48,302,0.000732421875
xor,17,a,own_f2,per_record,u16BE_x1,2,8,48,302,0.000732421875
xor,17,a,own_f2,per_record,i16BE_x1,2,8,48,302,0.000732421875
xor,17,a,own_f4,per_record,bcd_normal,2,2,48,50,0.000732421875
xor,18,a,own_f1,per_record,u16LE_x1,2,4,48,70,0.000732421875
xor,18,a,own_f1,per_record,i16LE_x1,2,4,48,70,0.000732421875
xor,18,a,own_f2,per_record,u16LE_x1,2,4,48,70,0.000732421875
xor,18,a,own_f2,per_record,i16LE_x1,2,4,48,70,0.000732421875
xor,18,a,own_f2,per_record,u16LE_x100,2,5,48,333,0.000732421875
xor,18,a,own_f2,per_record,i16LE_x100,2,5,48,333,0.000732421875
xor,18,a,own_f3_delta,per_record,bcd_normal,2,2,36,80,0.00054931640625
xor,19,a,own_f1,per_record,u16BE_x1,2,4,48,70,0.000732421875
xor,19,a,own_f1,per_record,i16BE_x1,2,4,48,70,0.000732421875
xor,19,a,own_f2,per_record,u16BE_x1,2,4,48,70,0.000732421875
xor,19,a,own_f2,per_record,i16BE_x1,2,4,48,70,0.000732421875
xor,20,a,own_f1,per_record,u16LE_x10,2,2,48,15,0.000732421875
xor,20,a,own_f1,per_record,i16LE_x10,2,2,48,15,0.000732421875
xor,20,a,own_f4,per_record,bcd_swapped,2,2,48,162,0.000732421875
xor,24,a,own_f1,per_record,u16LE_x10,2,2,48,150,0.000732421875
xor,24,a,own_f1,per_record,i16LE_x10,2,2,48,150,0.000732421875
xor,24,a,own_f4,per_record,bcd_swapped,2,2,48,306,0.000732421875
xor,24,a,own_f3_delta,per_record,u16BE_x10,2,2,36,150,0.00054931640625
xor,24,a,own_f3_delta,per_record,i16BE_x10,2,2,36,150,0.00054931640625
xor,25,a,own_f4,per_record,u16LE_x1,2,2,48,2,0.000732421875
xor,25,a,own_f4,per_record,i16LE_x1,2,2,48,2,0.000732421875
xor,28,a,own_f1,per_record,u16BE_x10,2,2,48,15,0.000732421875
xor,28,a,own_f1,per_record,i16BE_x10,2,2,48,15,0.000732421875
xor,31,a,own_f4,per_record,u16BE_x1,2,2,48,14,0.000732421875
xor,31,a,own_f4,per_record,i16BE_x1,2,2,48,14,0.000732421875
xor,32,a,own_f1,per_record,u16BE_x1,2,5,48,282,0.000732421875
xor,32,a,own_f1,per_record,i16BE_x1,2,5,48,282,0.000732421875
xor,32,a,own_f2,per_record,u16BE_x1,2,5,48,282,0.000732421875
xor,32,a,own_f2,per_record,i16BE_x1,2,5,48,282,0.000732421875
xor,32,a,own_f1,per_record,u16LE_x100,2,4,48,50,0.000732421875
xor,32,a,own_f1,per_record,i16LE_x100,2,4,48,50,0.000732421875
xor,33,a,own_f1,per_record,u16LE_x1,2,5,48,282,0.000732421875
xor,33,a,own_f1,per_record,i16LE_x1,2,5,48,282,0.000732421875
xor,33,a,own_f2,per_record,u16LE_x1,2,5,48,282,0.000732421875
xor,33,a,own_f2,per_record,i16LE_x1,2,5,48,282,0.000732421875
xor,36,a,own_f1,per_record,u16LE_x10,2,6,48,70,0.000732421875
xor,36,a,own_f1,per_record,i16LE_x10,2,6,48,70,0.000732421875
xor,36,a,own_f1,per_record,u16BE_x10,2,6,48,71,0.000732421875
xor,36,a,own_f1,per_record,i16BE_x10,2,6,48,71,0.000732421875
xor,38,a,own_f1,per_record,u16BE_x100,2,4,48,19,0.000732421875
xor,38,a,own_f1,per_record,i16BE_x100,2,4,48,19,0.000732421875
xor,40,a,own_f2,per_record,u16LE_x100,2,4,48,179,0.000732421875
xor,40,a,own_f2,per_record,i16LE_x100,2,4,48,179,0.000732421875
xor,44,a,own_f1,per_record,u16LE_x10,2,6,48,71,0.000732421875
xor,44,a,own_f1,per_record,i16LE_x10,2,6,48,71,0.000732421875
xor,44,a,own_f1,per_record,u16BE_x10,2,6,48,70,0.000732421875
xor,44,a,own_f1,per_record,i16BE_x10,2,6,48,70,0.000732421875
xor,44,a,own_f2,per_record,u16BE_x100,2,5,48,333,0.000732421875
xor,44,a,own_f2,per_record,i16BE_x100,2,5,48,333,0.000732421875
xor,46,a,own_f4,per_record,u16LE_x1,2,2,48,53,0.000732421875
xor,46,a,own_f4,per_record,i16LE_x1,2,2,48,53,0.000732421875
xor,52,a,own_f1,per_record,u16LE_x100,2,3,48,80,0.000732421875
xor,52,a,own_f1,per_record,i16LE_x100,2,3,48,80,0.000732421875
xor,52,a,own_f4,per_record,u16LE_x1,2,2,48,42,0.000732421875
xor,52,a,own_f4,per_record,i16LE_x1,2,2,48,42,0.000732421875
xor,52,a,own_f2,per_record,u16BE_x100,2,4,48,73,0.000732421875
xor,52,a,own_f2,per_record,i16BE_x100,2,4,48,73,0.000732421875
xor,53,a,own_f4,per_record,u16LE_x1,2,2,48,271,0.000732421875
xor,53,a,own_f4,per_record,i16LE_x1,2,2,48,271,0.000732421875
xor,56,a,own_f2,per_record,u16LE_x10,2,4,48,85,0.000732421875
xor,56,a,own_f2,per_record,i16LE_x10,2,4,48,85,0.000732421875
xor,56,a,own_f4,per_record,u16BE_x1,2,2,48,31,0.000732421875
xor,56,a,own_f4,per_record,i16BE_x1,2,2,48,31,0.000732421875
xor,62,a,own_f2,per_record,u16BE_x10,2,4,48,85,0.000732421875
xor,62,a,own_f2,per_record,i16BE_x10,2,4,48,85,0.000732421875
xor,65,a,own_f1,per_record,u16BE_x100,2,4,48,50,0.000732421875
xor,65,a,own_f1,per_record,i16BE_x100,2,4,48,50,0.000732421875
xor,68,a,own_f1,per_record,u16LE_x10,2,2,48,38,0.000732421875
xor,68,a,own_f1,per_record,i16LE_x10,2,2,48,38,0.000732421875
xor,68,a,own_f3_delta,per_record,u16BE_x1,2,2,36,85,0.00054931640625
xor,68,a,own_f3_delta,per_record,i16BE_x1,2,2,36,85,0.00054931640625
xor,74,a,own_f4,per_record,bcd_swapped,2,2,48,185,0.000732421875
xor,76,a,own_f1,per_record,u16BE_x10,2,2,48,38,0.000732421875
xor,76,a,own_f1,per_record,i16BE_x10,2,2,48,38,0.000732421875
xor,83,a,own_f1,per_record,u16BE_x100,2,3,48,80,0.000732421875
xor,83,a,own_f1,per_record,i16BE_x100,2,3,48,80,0.000732421875
xor,84,a,own_f1,per_record,u16LE_x10,2,2,48,30,0.000732421875
xor,84,a,own_f1,per_record,i16LE_x10,2,2,48,30,0.000732421875
xor,87,a,own_f4,per_record,u16BE_x1,2,2,48,271,0.000732421875
xor,87,a,own_f4,per_record,i16BE_x1,2,2,48,271,0.000732421875
xor,92,a,own_f1,per_record,u16BE_x10,2,2,48,30,0.000732421875
xor,92,a,own_f1,per_record,i16BE_x10,2,2,48,30,0.000732421875
xor,96,a,own_f2,per_record,u16LE_x10,2,6,48,65,0.000732421875
xor,96,a,own_f2,per_record,i16LE_x10,2,6,48,65,0.000732421875
xor,100,a,own_f1,per_record,u16BE_x10,2,2,48,35,0.000732421875
xor,100,a,own_f1,per_record,i16BE_x10,2,2,48,35,0.000732421875
xor,100,a,own_f1,per_record,u16LE_x10,2,2,48,34,0.000732421875
xor,100,a,own_f1,per_record,i16LE_x10,2,2,48,34,0.000732421875
xor,100,a,own_f4,per_record,u16BE_x1,2,2,48,53,0.000732421875
xor,100,a,own_f4,per_record,i16BE_x1,2,2,48,53,0.000732421875
xor,102,a,own_f2,per_record,u16BE_x10,2,6,48,65,0.000732421875
xor,102,a,own_f2,per_record,i16BE_x10,2,6,48,65,0.000732421875
xor,108,a,own_f1,per_record,u16LE_x10,2,2,48,35,0.000732421875
xor,108,a,own_f1,per_record,i16LE_x10,2,2,48,35,0.000732421875
xor,108,a,own_f1,per_record,u16BE_x10,2,2,48,34,0.000732421875
xor,108,a,own_f1,per_record,i16BE_x10,2,2,48,34,0.000732421875
xor,109,a,own_f4,per_record,bcd_swapped,2,2,48,224,0.000732421875
xor,115,a,own_f1,per_record,u16LE_x100,2,4,48,19,0.000732421875
xor,115,a,own_f1,per_record,i16LE_x100,2,4,48,19,0.000732421875
xor,116,a,own_f1,per_record,u16LE_x10,2,2,48,17,0.000732421875
xor,116,a,own_f1,per_record,i16LE_x10,2,2,48,17,0.000732421875
xor,119,a,own_f4,per_record,u16LE_x1,2,2,48,268,0.000732421875
xor,119,a,own_f4,per_record,i16LE_x1,2,2,48,268,0.000732421875
xor,123,a,own_f4,per_record,u16LE_x10,2,2,48,274,0.000732421875
xor,124,a,own_f1,per_record,u16BE_x10,2,2,48,17,0.000732421875
xor,124,a,own_f1,per_record,i16BE_x10,2,2,48,17,0.000732421875
xor,125,a,own_f4,per_record,u16BE_x10,2,2,48,274,0.000732421875
xor,128,a,own_f1,per_record,u16BE_x1,2,5,48,47,0.000732421875
xor,128,a,own_f1,per_record,i16BE_x1,2,5,48,47,0.000732421875
xor,128,a,own_f2,per_record,u16BE_x1,2,5,48,47,0.000732421875
xor,128,a,own_f2,per_record,i16BE_x1,2,5,48,47,0.000732421875
xor,128,a,own_f1,per_record,u16BE_x100,2,3,48,154,0.000732421875
xor,128,a,own_f1,per_record,i16BE_x100,2,3,48,154,0.000732421875
xor,128,a,own_f1,per_record,u16LE_x1,2,5,48,46,0.000732421875
xor,128,a,own_f1,per_record,i16LE_x1,2,5,48,46,0.000732421875
xor,128,a,own_f2,per_record,u16LE_x1,2,5,48,46,0.000732421875
xor,128,a,own_f2,per_record,i16LE_x1,2,5,48,46,0.000732421875
xor,129,a,own_f1,per_record,u16LE_x1,2,5,48,47,0.000732421875
xor,129,a,own_f1,per_record,i16LE_x1,2,5,48,47,0.000732421875
xor,129,a,own_f2,per_record,u16LE_x1,2,5,48,47,0.000732421875
xor,129,a,own_f2,per_record,i16LE_x1,2,5,48,47,0.000732421875
xor,129,a,own_f1,per_record,u16BE_x1,2,5,48,46,0.000732421875
xor,129,a,own_f1,per_record,i16BE_x1,2,5,48,46,0.000732421875
xor,129,a,own_f2,per_record,u16BE_x1,2,5,48,46,0.000732421875
xor,129,a,own_f2,per_record,i16BE_x1,2,5,48,46,0.000732421875
xor,130,a,own_f1,per_record,u16BE_x1,2,2,48,314,0.000732421875
xor,130,a,own_f1,per_record,i16BE_x1,2,2,48,314,0.000732421875
xor,130,a,own_f2,per_record,u16BE_x1,2,2,48,314,0.000732421875
xor,130,a,own_f2,per_record,i16BE_x1,2,2,48,314,0.000732421875
xor,131,a,own_f1,per_record,u16LE_x1,2,2,48,314,0.000732421875
xor,131,a,own_f1,per_record,i16LE_x1,2,2,48,314,0.000732421875
xor,131,a,own_f2,per_record,u16LE_x1,2,2,48,314,0.000732421875
xor,131,a,own_f2,per_record,i16LE_x1,2,2,48,314,0.000732421875
xor,132,a,own_f1,per_record,u16LE_x10,2,2,48,26,0.000732421875
xor,132,a,own_f1,per_record,i16LE_x10,2,2,48,26,0.000732421875
xor,132,a,own_f1,per_record,u16LE_x1,2,2,48,52,0.000732421875
xor,132,a,own_f1,per_record,i16LE_x1,2,2,48,52,0.000732421875
xor,132,a,own_f1,per_record,u16BE_x1,2,2,48,207,0.000732421875
xor,132,a,own_f1,per_record,i16BE_x1,2,2,48,207,0.000732421875
xor,132,a,own_f2,per_record,u16LE_x1,2,2,48,52,0.000732421875
xor,132,a,own_f2,per_record,i16LE_x1,2,2,48,52,0.000732421875
xor,132,a,own_f2,per_record,u16BE_x1,2,2,48,207,0.000732421875
xor,132,a,own_f2,per_record,i16BE_x1,2,2,48,207,0.000732421875
xor,133,a,own_f4,per_record,u16BE_x1,2,2,48,42,0.000732421875
xor,133,a,own_f4,per_record,i16BE_x1,2,2,48,42,0.000732421875
xor,133,a,own_f1,per_record,u16LE_x1,2,2,48,207,0.000732421875
xor,133,a,own_f1,per_record,i16LE_x1,2,2,48,207,0.000732421875
xor,133,a,own_f1,per_record,u16BE_x1,2,2,48,52,0.000732421875
xor,133,a,own_f1,per_record,i16BE_x1,2,2,48,52,0.000732421875
xor,133,a,own_f1,per_record,u16BE_x10,2,2,48,133,0.000732421875
xor,133,a,own_f1,per_record,i16BE_x10,2,2,48,133,0.000732421875
xor,133,a,own_f2,per_record,u16LE_x1,2,2,48,207,0.000732421875
xor,133,a,own_f2,per_record,i16LE_x1,2,2,48,207,0.000732421875
xor,133,a,own_f2,per_record,u16BE_x1,2,2,48,52,0.000732421875
xor,133,a,own_f2,per_record,i16BE_x1,2,2,48,52,0.000732421875
xor,134,a,own_f1,per_record,u16LE_x1,2,5,48,142,0.000732421875
xor,134,a,own_f1,per_record,i16LE_x1,2,5,48,142,0.000732421875
xor,134,a,own_f2,per_record,u16LE_x1,2,5,48,142,0.000732421875
xor,134,a,own_f2,per_record,i16LE_x1,2,5,48,142,0.000732421875
xor,135,a,own_f1,per_record,u16BE_x1,2,5,48,142,0.000732421875
xor,135,a,own_f1,per_record,i16BE_x1,2,5,48,142,0.000732421875
xor,135,a,own_f2,per_record,u16BE_x1,2,5,48,142,0.000732421875
xor,135,a,own_f2,per_record,i16BE_x1,2,5,48,142,0.000732421875
xor,135,a,own_f1,per_record,u16BE_x100,2,3,48,43,0.000732421875
xor,135,a,own_f1,per_record,i16BE_x100,2,3,48,43,0.000732421875
xor,136,a,own_f1,per_record,u16LE_x1,2,4,48,11,0.000732421875
xor,136,a,own_f1,per_record,i16LE_x1,2,4,48,11,0.000732421875
xor,136,a,own_f2,per_record,u16LE_x1,2,4,48,11,0.000732421875
xor,136,a,own_f2,per_record,i16LE_x1,2,4,48,11,0.000732421875
xor,136,a,own_f2,per_record,u16LE_x100,2,4,48,81,0.000732421875
xor,136,a,own_f2,per_record,i16LE_x100,2,4,48,81,0.000732421875
xor,137,a,own_f1,per_record,u16BE_x1,2,4,48,11,0.000732421875
xor,137,a,own_f1,per_record,i16BE_x1,2,4,48,11,0.000732421875
xor,137,a,own_f2,per_record,u16BE_x1,2,4,48,11,0.000732421875
xor,137,a,own_f2,per_record,i16BE_x1,2,4,48,11,0.000732421875
xor,138,a,own_f1,per_record,u16BE_x1,2,5,48,59,0.000732421875
xor,138,a,own_f1,per_record,i16BE_x1,2,5,48,59,0.000732421875
xor,138,a,own_f2,per_record,u16BE_x1,2,5,48,59,0.000732421875
xor,138,a,own_f2,per_record,i16BE_x1,2,5,48,59,0.000732421875
xor,138,a,own_f4,per_record,u16LE_x1,2,2,48,31,0.000732421875
xor,138,a,own_f4,per_record,i16LE_x1,2,2,48,31,0.000732421875
xor,139,a,own_f1,per_record,u16LE_x1,2,5,48,59,0.000732421875
xor,139,a,own_f1,per_record,i16LE_x1,2,5,48,59,0.000732421875
xor,139,a,own_f2,per_record,u16LE_x1,2,5,48,59,0.000732421875
xor,139,a,own_f2,per_record,i16LE_x1,2,5,48,59,0.000732421875
xor,140,a,own_f1,per_record,u16BE_x10,2,2,48,26,0.000732421875
xor,140,a,own_f1,per_record,i16BE_x10,2,2,48,26,0.000732421875
xor,141,a,own_f1,per_record,u16LE_x10,2,2,48,133,0.000732421875
xor,141,a,own_f1,per_record,i16LE_x10,2,2,48,133,0.000732421875
xor,141,a,own_f3_delta,per_record,u16LE_x100,2,2,36,105,0.00054931640625
xor,142,a,own_f1,per_record,u16LE_x1,2,6,48,188,0.000732421875
xor,142,a,own_f1,per_record,i16LE_x1,2,6,48,188,0.000732421875
xor,142,a,own_f2,per_record,u16LE_x1,2,6,48,188,0.000732421875
xor,142,a,own_f2,per_record,i16LE_x1,2,6,48,188,0.000732421875
xor,143,a,own_f1,per_record,u16BE_x1,2,6,48,188,0.000732421875
xor,143,a,own_f1,per_record,i16BE_x1,2,6,48,188,0.000732421875
xor,143,a,own_f2,per_record,u16BE_x1,2,6,48,188,0.000732421875
xor,143,a,own_f2,per_record,i16BE_x1,2,6,48,188,0.000732421875
xor,144,a,own_f1,per_record,u16BE_x1,2,5,48,76,0.000732421875
xor,144,a,own_f1,per_record,i16BE_x1,2,5,48,76,0.000732421875
xor,144,a,own_f2,per_record,u16BE_x1,2,5,48,76,0.000732421875
xor,144,a,own_f2,per_record,i16BE_x1,2,5,48,76,0.000732421875
xor,144,a,own_f2,per_record,u16LE_x10,2,5,48,159,0.000732421875
xor,144,a,own_f2,per_record,i16LE_x10,2,5,48,159,0.000732421875
xor,145,a,own_f1,per_record,u16LE_x1,2,5,48,76,0.000732421875
xor,145,a,own_f1,per_record,i16LE_x1,2,5,48,76,0.000732421875
xor,145,a,own_f2,per_record,u16LE_x1,2,5,48,76,0.000732421875
xor,145,a,own_f2,per_record,i16LE_x1,2,5,48,76,0.000732421875
xor,146,a,own_f2,per_record,u16LE_x10,2,4,48,295,0.000732421875
xor,146,a,own_f2,per_record,i16LE_x10,2,4,48,295,0.000732421875
xor,146,a,own_f1,per_record,u16BE_x1,2,2,48,47,0.000732421875
xor,146,a,own_f1,per_record,i16BE_x1,2,2,48,47,0.000732421875
xor,146,a,own_f2,per_record,u16BE_x1,2,2,48,47,0.000732421875
xor,146,a,own_f2,per_record,i16BE_x1,2,2,48,47,0.000732421875
xor,146,a,own_f1,per_record,u16LE_x10,2,5,48,218,0.000732421875
xor,146,a,own_f1,per_record,i16LE_x10,2,5,48,218,0.000732421875
xor,147,a,own_f1,per_record,u16LE_x1,2,2,48,47,0.000732421875
xor,147,a,own_f1,per_record,i16LE_x1,2,2,48,47,0.000732421875
xor,147,a,own_f2,per_record,u16LE_x1,2,2,48,47,0.000732421875
xor,147,a,own_f2,per_record,i16LE_x1,2,2,48,47,0.000732421875
xor,148,a,own_f2,per_record,u16BE_x10,2,4,48,295,0.000732421875
xor,148,a,own_f2,per_record,i16BE_x10,2,4,48,295,0.000732421875
xor,148,a,own_f1,per_record,u16BE_x1,2,2,48,307,0.000732421875
xor,148,a,own_f1,per_record,i16BE_x1,2,2,48,307,0.000732421875
xor,148,a,own_f2,per_record,u16BE_x1,2,2,48,307,0.000732421875
xor,148,a,own_f2,per_record,i16BE_x1,2,2,48,307,0.000732421875
xor,149,a,own_f1,per_record,u16LE_x1,2,2,48,307,0.000732421875
xor,149,a,own_f1,per_record,i16LE_x1,2,2,48,307,0.000732421875
xor,149,a,own_f2,per_record,u16LE_x1,2,2,48,307,0.000732421875
xor,149,a,own_f2,per_record,i16LE_x1,2,2,48,307,0.000732421875
xor,150,a,own_f2,per_record,u16BE_x10,2,5,48,159,0.000732421875
xor,150,a,own_f2,per_record,i16BE_x10,2,5,48,159,0.000732421875
xor,151,a,own_f1,per_record,u16LE_x100,2,4,48,224,0.000732421875
xor,151,a,own_f1,per_record,i16LE_x100,2,4,48,224,0.000732421875
xor,152,a,own_f1,per_record,u16BE_x1,2,4,48,179,0.000732421875
xor,152,a,own_f1,per_record,i16BE_x1,2,4,48,179,0.000732421875
xor,152,a,own_f2,per_record,u16BE_x1,2,4,48,179,0.000732421875
xor,152,a,own_f2,per_record,i16BE_x1,2,4,48,179,0.000732421875
xor,152,a,own_f1,per_record,u16LE_x1,2,6,48,181,0.000732421875
xor,152,a,own_f1,per_record,i16LE_x1,2,6,48,181,0.000732421875
xor,152,a,own_f2,per_record,u16LE_x1,2,6,48,181,0.000732421875
xor,152,a,own_f2,per_record,i16LE_x1,2,6,48,181,0.000732421875
xor,152,a,own_f2,per_record,u16BE_x100,2,5,48,254,0.000732421875
xor,152,a,own_f2,per_record,i16BE_x100,2,5,48,254,0.000732421875
xor,153,a,own_f1,per_record,u16LE_x1,2,4,48,179,0.000732421875
xor,153,a,own_f1,per_record,i16LE_x1,2,4,48,179,0.000732421875
xor,153,a,own_f2,per_record,u16LE_x1,2,4,48,179,0.000732421875
xor,153,a,own_f2,per_record,i16LE_x1,2,4,48,179,0.000732421875
xor,153,a,own_f1,per_record,u16BE_x1,2,6,48,181,0.000732421875
xor,153,a,own_f1,per_record,i16BE_x1,2,6,48,181,0.000732421875
xor,153,a,own_f2,per_record,u16BE_x1,2,6,48,181,0.000732421875
xor,153,a,own_f2,per_record,i16BE_x1,2,6,48,181,0.000732421875
xor,154,a,own_f1,per_record,u16LE_x1,2,6,48,87,0.000732421875
xor,154,a,own_f1,per_record,i16LE_x1,2,6,48,87,0.000732421875
xor,154,a,own_f2,per_record,u16LE_x1,2,6,48,87,0.000732421875
xor,154,a,own_f2,per_record,i16LE_x1,2,6,48,87,0.000732421875
xor,154,a,own_f1,per_record,u16BE_x10,2,5,48,218,0.000732421875
xor,154,a,own_f1,per_record,i16BE_x10,2,5,48,218,0.000732421875
xor,154,a,own_f3_delta,per_record,bcd_swapped,2,2,36,1,0.00054931640625
xor,155,a,own_f1,per_record,u16BE_x1,2,6,48,87,0.000732421875
xor,155,a,own_f1,per_record,i16BE_x1,2,6,48,87,0.000732421875
xor,155,a,own_f2,per_record,u16BE_x1,2,6,48,87,0.000732421875
xor,155,a,own_f2,per_record,i16BE_x1,2,6,48,87,0.000732421875
xor,156,a,own_f4,per_record,bcd_swapped,2,2,48,88,0.000732421875
xor,156,a,own_f1,per_record,u16LE_x1,2,4,48,87,0.000732421875
xor,156,a,own_f1,per_record,i16LE_x1,2,4,48,87,0.000732421875
xor,156,a,own_f2,per_record,u16LE_x1,2,4,48,87,0.000732421875
xor,156,a,own_f2,per_record,i16LE_x1,2,4,48,87,0.000732421875
xor,157,a,own_f2,per_record,u16BE_x100,2,3,48,182,0.000732421875
xor,157,a,own_f2,per_record,i16BE_x100,2,3,48,182,0.000732421875
xor,157,a,own_f4,per_record,bcd_swapped,2,2,48,24,0.000732421875
xor,157,a,own_f1,per_record,u16BE_x1,2,4,48,87,0.000732421875
xor,157,a,own_f1,per_record,i16BE_x1,2,4,48,87,0.000732421875
xor,157,a,own_f2,per_record,u16BE_x1,2,4,48,87,0.000732421875
xor,157,a,own_f2,per_record,i16BE_x1,2,4,48,87,0.000732421875
xor,157,a,own_f3_delta,per_record,u16LE_x10,2,2,36,150,0.00054931640625
xor,157,a,own_f3_delta,per_record,i16LE_x10,2,2,36,150,0.00054931640625
xor,160,a,own_f2,per_record,u16LE_x10,2,6,48,179,0.000732421875
xor,160,a,own_f2,per_record,i16LE_x10,2,6,48,179,0.000732421875
xor,160,a,own_f1,per_record,u16BE_x1,2,2,48,300,0.000732421875
xor,160,a,own_f1,per_record,i16BE_x1,2,2,48,300,0.000732421875
xor,160,a,own_f2,per_record,u16BE_x1,2,2,48,300,0.000732421875
xor,160,a,own_f2,per_record,i16BE_x1,2,2,48,300,0.000732421875
xor,161,a,own_f1,per_record,u16LE_x1,2,2,48,300,0.000732421875
xor,161,a,own_f1,per_record,i16LE_x1,2,2,48,300,0.000732421875
xor,161,a,own_f2,per_record,u16LE_x1,2,2,48,300,0.000732421875
xor,161,a,own_f2,per_record,i16LE_x1,2,2,48,300,0.000732421875
xor,162,a,own_f1,per_record,u16BE_x1,2,5,48,107,0.000732421875
xor,162,a,own_f1,per_record,i16BE_x1,2,5,48,107,0.000732421875
xor,162,a,own_f2,per_record,u16BE_x1,2,5,48,107,0.000732421875
xor,162,a,own_f2,per_record,i16BE_x1,2,5,48,107,0.000732421875
xor,162,a,own_f1,per_record,u16LE_x10,2,2,48,283,0.000732421875
xor,162,a,own_f1,per_record,i16LE_x10,2,2,48,283,0.000732421875
xor,163,a,own_f1,per_record,u16LE_x1,2,5,48,107,0.000732421875
xor,163,a,own_f1,per_record,i16LE_x1,2,5,48,107,0.000732421875
xor,163,a,own_f2,per_record,u16LE_x1,2,5,48,107,0.000732421875
xor,163,a,own_f2,per_record,i16LE_x1,2,5,48,107,0.000732421875
xor,163,a,own_f3_delta,per_record,bcd_normal,2,2,36,212,0.00054931640625
xor,164,a,own_f1,per_record,u16LE_x10,2,2,48,24,0.000732421875
xor,164,a,own_f1,per_record,i16LE_x10,2,2,48,24,0.000732421875
xor,166,a,own_f2,per_record,u16BE_x10,2,6,48,179,0.000732421875
xor,166,a,own_f2,per_record,i16BE_x10,2,6,48,179,0.000732421875
xor,166,a,own_f2,per_record,u16LE_x100,2,5,48,254,0.000732421875
xor,166,a,own_f2,per_record,i16LE_x100,2,5,48,254,0.000732421875
xor,168,a,own_f1,per_record,u16BE_x1,2,6,48,51,0.000732421875
xor,168,a,own_f1,per_record,i16BE_x1,2,6,48,51,0.000732421875
xor,168,a,own_f2,per_record,u16BE_x1,2,6,48,51,0.000732421875
xor,168,a,own_f2,per_record,i16BE_x1,2,6,48,51,0.000732421875
xor,168,a,own_f2,per_record,u16LE_x10,2,6,48,100,0.000732421875
xor,168,a,own_f2,per_record,i16LE_x10,2,6,48,100,0.000732421875
xor,169,a,own_f1,per_record,u16LE_x1,2,6,48,51,0.000732421875
xor,169,a,own_f1,per_record,i16LE_x1,2,6,48,51,0.000732421875
xor,169,a,own_f2,per_record,u16LE_x1,2,6,48,51,0.000732421875
xor,169,a,own_f2,per_record,i16LE_x1,2,6,48,51,0.000732421875
xor,170,a,own_f1,per_record,u16BE_x1,2,6,48,137,0.000732421875
xor,170,a,own_f1,per_record,i16BE_x1,2,6,48,137,0.000732421875
xor,170,a,own_f2,per_record,u16BE_x1,2,6,48,137,0.000732421875
xor,170,a,own_f2,per_record,i16BE_x1,2,6,48,137,0.000732421875
xor,170,a,own_f1,per_record,u16LE_x1,2,4,48,94,0.000732421875
xor,170,a,own_f1,per_record,i16LE_x1,2,4,48,94,0.000732421875
xor,170,a,own_f1,per_record,u16BE_x10,2,2,48,283,0.000732421875
xor,170,a,own_f1,per_record,i16BE_x10,2,2,48,283,0.000732421875
xor,170,a,own_f2,per_record,u16LE_x1,2,4,48,94,0.000732421875
xor,170,a,own_f2,per_record,i16LE_x1,2,4,48,94,0.000732421875
xor,170,a,own_f4,per_record,u16BE_x1,2,2,48,192,0.000732421875
xor,170,a,own_f4,per_record,i16BE_x1,2,2,48,192,0.000732421875
xor,171,a,own_f1,per_record,u16LE_x1,2,6,48,137,0.000732421875
xor,171,a,own_f1,per_record,i16LE_x1,2,6,48,137,0.000732421875
xor,171,a,own_f2,per_record,u16LE_x1,2,6,48,137,0.000732421875
xor,171,a,own_f2,per_record,i16LE_x1,2,6,48,137,0.000732421875
xor,171,a,own_f1,per_record,u16BE_x1,2,4,48,94,0.000732421875
xor,171,a,own_f1,per_record,i16BE_x1,2,4,48,94,0.000732421875
xor,171,a,own_f2,per_record,u16BE_x1,2,4,48,94,0.000732421875
xor,171,a,own_f2,per_record,i16BE_x1,2,4,48,94,0.000732421875
xor,171,a,own_f4,per_record,u16BE_x1,2,2,48,2,0.000732421875
xor,171,a,own_f4,per_record,i16BE_x1,2,2,48,2,0.000732421875
xor,172,a,own_f1,per_record,u16BE_x10,2,2,48,24,0.000732421875
xor,172,a,own_f1,per_record,i16BE_x10,2,2,48,24,0.000732421875
xor,172,a,own_f1,per_record,u16BE_x1,2,6,48,126,0.000732421875
xor,172,a,own_f1,per_record,i16BE_x1,2,6,48,126,0.000732421875
xor,172,a,own_f2,per_record,u16BE_x1,2,6,48,126,0.000732421875
xor,172,a,own_f2,per_record,i16BE_x1,2,6,48,126,0.000732421875
xor,172,a,own_f1,per_record,u16LE_x1,2,5,48,17,0.000732421875
xor,172,a,own_f1,per_record,i16LE_x1,2,5,48,17,0.000732421875
xor,172,a,own_f2,per_record,u16LE_x1,2,5,48,17,0.000732421875
xor,172,a,own_f2,per_record,i16LE_x1,2,5,48,17,0.000732421875
xor,173,a,own_f1,per_record,u16LE_x1,2,6,48,126,0.000732421875
xor,173,a,own_f1,per_record,i16LE_x1,2,6,48,126,0.000732421875
xor,173,a,own_f2,per_record,u16LE_x1,2,6,48,126,0.000732421875
xor,173,a,own_f2,per_record,i16LE_x1,2,6,48,126,0.000732421875
xor,173,a,own_f1,per_record,u16BE_x1,2,5,48,17,0.000732421875
xor,173,a,own_f1,per_record,i16BE_x1,2,5,48,17,0.000732421875
xor,173,a,own_f2,per_record,u16BE_x1,2,5,48,17,0.000732421875
xor,173,a,own_f2,per_record,i16BE_x1,2,5,48,17,0.000732421875
xor,173,a,own_f4,per_record,u16LE_x1,2,2,48,14,0.000732421875
xor,173,a,own_f4,per_record,i16LE_x1,2,2,48,14,0.000732421875
xor,174,a,own_f1,per_record,u16LE_x1,2,6,48,158,0.000732421875
xor,174,a,own_f1,per_record,i16LE_x1,2,6,48,158,0.000732421875
xor,174,a,own_f1,per_record,u16BE_x1,2,6,48,28,0.000732421875
xor,174,a,own_f1,per_record,i16BE_x1,2,6,48,28,0.000732421875
xor,174,a,own_f2,per_record,u16LE_x1,2,6,48,158,0.000732421875
xor,174,a,own_f2,per_record,i16LE_x1,2,6,48,158,0.000732421875
xor,174,a,own_f2,per_record,u16BE_x1,2,6,48,28,0.000732421875
xor,174,a,own_f2,per_record,i16BE_x1,2,6,48,28,0.000732421875
xor,174,a,own_f2,per_record,u16BE_x10,2,6,48,100,0.000732421875
xor,174,a,own_f2,per_record,i16BE_x10,2,6,48,100,0.000732421875
xor,175,a,own_f1,per_record,u16LE_x1,2,6,48,28,0.000732421875
xor,175,a,own_f1,per_record,i16LE_x1,2,6,48,28,0.000732421875
xor,175,a,own_f1,per_record,u16BE_x1,2,6,48,158,0.000732421875
xor,175,a,own_f1,per_record,i16BE_x1,2,6,48,158,0.000732421875
xor,175,a,own_f2,per_record,u16LE_x1,2,6,48,28,0.000732421875
xor,175,a,own_f2,per_record,i16LE_x1,2,6,48,28,0.000732421875
xor,175,a,own_f2,per_record,u16BE_x1,2,6,48,158,0.000732421875
xor,175,a,own_f2,per_record,i16BE_x1,2,6,48,158,0.000732421875
xor,176,a,own_f2,per_record,u16LE_x10,2,5,48,162,0.000732421875
xor,176,a,own_f2,per_record,i16LE_x10,2,5,48,162,0.000732421875
xor,176,a,own_f2,per_record,u16BE_x100,2,4,48,81,0.000732421875
xor,176,a,own_f2,per_record,i16BE_x100,2,4,48,81,0.000732421875
xor,176,a,own_f4,per_record,u16LE_x1,2,2,48,155,0.000732421875
xor,176,a,own_f4,per_record,i16LE_x1,2,2,48,155,0.000732421875
xor,178,a,own_f2,per_record,u16BE_x10,2,6,48,260,0.000732421875
xor,178,a,own_f2,per_record,i16BE_x10,2,6,48,260,0.000732421875
xor,178,a,own_f1,per_record,u16LE_x1,2,4,48,104,0.000732421875
xor,178,a,own_f1,per_record,i16LE_x1,2,4,48,104,0.000732421875
xor,178,a,own_f1,per_record,u16BE_x1,2,4,48,63,0.000732421875
xor,178,a,own_f1,per_record,i16BE_x1,2,4,48,63,0.000732421875
xor,178,a,own_f2,per_record,u16LE_x1,2,4,48,104,0.000732421875
xor,178,a,own_f2,per_record,i16LE_x1,2,4,48,104,0.000732421875
xor,178,a,own_f2,per_record,u16BE_x1,2,4,48,63,0.000732421875
xor,178,a,own_f2,per_record,i16BE_x1,2,4,48,63,0.000732421875
xor,179,a,own_f1,per_record,u16LE_x1,2,4,48,63,0.000732421875
xor,179,a,own_f1,per_record,i16LE_x1,2,4,48,63,0.000732421875
xor,179,a,own_f1,per_record,u16BE_x1,2,4,48,104,0.000732421875
xor,179,a,own_f1,per_record,i16BE_x1,2,4,48,104,0.000732421875
xor,179,a,own_f2,per_record,u16LE_x1,2,4,48,63,0.000732421875
xor,179,a,own_f2,per_record,i16LE_x1,2,4,48,63,0.000732421875
xor,179,a,own_f2,per_record,u16BE_x1,2,4,48,104,0.000732421875
xor,179,a,own_f2,per_record,i16BE_x1,2,4,48,104,0.000732421875
xor,180,a,own_f1,per_record,u16LE_x1,2,6,48,102,0.000732421875
xor,180,a,own_f1,per_record,i16LE_x1,2,6,48,102,0.000732421875
xor,180,a,own_f1,per_record,u16BE_x1,2,6,48,23,0.000732421875
xor,180,a,own_f1,per_record,i16BE_x1,2,6,48,23,0.000732421875
xor,180,a,own_f2,per_record,u16LE_x1,2,6,48,102,0.000732421875
xor,180,a,own_f2,per_record,i16LE_x1,2,6,48,102,0.000732421875
xor,180,a,own_f2,per_record,u16BE_x1,2,6,48,23,0.000732421875
xor,180,a,own_f2,per_record,i16BE_x1,2,6,48,23,0.000732421875
xor,180,a,own_f2,per_record,u16LE_x10,2,6,48,260,0.000732421875
xor,180,a,own_f2,per_record,i16LE_x10,2,6,48,260,0.000732421875
xor,181,a,own_f1,per_record,u16LE_x1,2,6,48,23,0.000732421875
xor,181,a,own_f1,per_record,i16LE_x1,2,6,48,23,0.000732421875
xor,181,a,own_f1,per_record,u16BE_x1,2,6,48,102,0.000732421875
xor,181,a,own_f1,per_record,i16BE_x1,2,6,48,102,0.000732421875
xor,181,a,own_f2,per_record,u16LE_x1,2,6,48,23,0.000732421875
xor,181,a,own_f2,per_record,i16LE_x1,2,6,48,23,0.000732421875
xor,181,a,own_f2,per_record,u16BE_x1,2,6,48,102,0.000732421875
xor,181,a,own_f2,per_record,i16BE_x1,2,6,48,102,0.000732421875
xor,182,a,own_f2,per_record,u16BE_x10,2,5,48,162,0.000732421875
xor,182,a,own_f2,per_record,i16BE_x10,2,5,48,162,0.000732421875
xor,186,a,own_f1,per_record,u16BE_x1,2,4,48,48,0.000732421875
xor,186,a,own_f1,per_record,i16BE_x1,2,4,48,48,0.000732421875
xor,186,a,own_f2,per_record,u16BE_x1,2,4,48,48,0.000732421875
xor,186,a,own_f2,per_record,i16BE_x1,2,4,48,48,0.000732421875
xor,187,a,own_f1,per_record,u16LE_x1,2,4,48,48,0.000732421875
xor,187,a,own_f1,per_record,i16LE_x1,2,4,48,48,0.000732421875
xor,187,a,own_f2,per_record,u16LE_x1,2,4,48,48,0.000732421875
xor,187,a,own_f2,per_record,i16LE_x1,2,4,48,48,0.000732421875
xor,188,a,own_f1,per_record,u16BE_x1,2,6,48,236,0.000732421875
xor,188,a,own_f1,per_record,i16BE_x1,2,6,48,236,0.000732421875
xor,188,a,own_f2,per_record,u16BE_x1,2,6,48,236,0.000732421875
xor,188,a,own_f2,per_record,i16BE_x1,2,6,48,236,0.000732421875
xor,189,a,own_f1,per_record,u16LE_x1,2,6,48,236,0.000732421875
xor,189,a,own_f1,per_record,i16LE_x1,2,6,48,236,0.000732421875
xor,189,a,own_f2,per_record,u16LE_x1,2,6,48,236,0.000732421875
xor,189,a,own_f2,per_record,i16LE_x1,2,6,48,236,0.000732421875
xor,190,a,own_f4,per_record,u16LE_x1,2,2,48,35,0.000732421875
xor,190,a,own_f4,per_record,i16LE_x1,2,2,48,35,0.000732421875
xor,192,a,own_f1,per_record,u16LE_x100,2,3,48,154,0.000732421875
xor,192,a,own_f1,per_record,i16LE_x100,2,3,48,154,0.000732421875
xor,194,a,own_f2,per_record,u16BE_x10,2,5,48,93,0.000732421875
xor,194,a,own_f2,per_record,i16BE_x10,2,5,48,93,0.000732421875
xor,195,a,own_f3_delta,per_record,u16LE_x1,2,2,36,85,0.00054931640625
xor,195,a,own_f3_delta,per_record,i16LE_x1,2,2,36,85,0.00054931640625
xor,196,a,own_f1,per_record,u16LE_x10,2,2,48,22,0.000732421875
xor,196,a,own_f1,per_record,i16LE_x10,2,2,48,22,0.000732421875
xor,196,a,own_f2,per_record,u16LE_x10,2,5,48,93,0.000732421875
xor,196,a,own_f2,per_record,i16LE_x10,2,5,48,93,0.000732421875
xor,197,a,own_f4,per_record,u16BE_x1,2,2,48,268,0.000732421875
xor,197,a,own_f4,per_record,i16BE_x1,2,2,48,268,0.000732421875
xor,201,a,own_f2,per_record,u16LE_x100,2,8,48,213,0.000732421875
xor,201,a,own_f2,per_record,i16LE_x100,2,8,48,213,0.000732421875
xor,201,a,own_f3_delta,per_record,bcd_swapped,2,2,36,255,0.00054931640625
xor,202,a,own_f2,per_record,u16LE_x100,2,4,48,43,0.000732421875
xor,202,a,own_f2,per_record,i16LE_x100,2,4,48,43,0.000732421875
xor,204,a,own_f1,per_record,u16BE_x10,2,2,48,22,0.000732421875
xor,204,a,own_f1,per_record,i16BE_x10,2,2,48,22,0.000732421875
xor,204,a,own_f1,per_record,u16BE_x100,2,4,48,224,0.000732421875
xor,204,a,own_f1,per_record,i16BE_x100,2,4,48,224,0.000732421875
xor,208,a,own_f2,per_record,u16BE_x100,2,4,48,70,0.000732421875
xor,208,a,own_f2,per_record,i16BE_x100,2,4,48,70,0.000732421875
xor,210,a,own_f1,per_record,u16BE_x10,2,6,48,233,0.000732421875
xor,210,a,own_f1,per_record,i16BE_x10,2,6,48,233,0.000732421875
xor,210,a,own_f2,per_record,u16LE_x10,2,3,48,274,0.000732421875
xor,210,a,own_f2,per_record,i16LE_x10,2,3,48,274,0.000732421875
xor,210,a,own_f2,per_record,u16BE_x100,2,3,48,171,0.000732421875
xor,210,a,own_f2,per_record,i16BE_x100,2,3,48,171,0.000732421875
xor,210,a,own_f2,per_record,u16BE_x10,2,4,48,61,0.000732421875
xor,210,a,own_f2,per_record,i16BE_x10,2,4,48,61,0.000732421875
xor,210,a,own_f2,per_record,u16LE_x100,2,4,48,60,0.000732421875
xor,210,a,own_f2,per_record,i16LE_x100,2,4,48,60,0.000732421875
xor,212,a,own_f2,per_record,u16LE_x100,2,4,48,252,0.000732421875
xor,212,a,own_f2,per_record,i16LE_x100,2,4,48,252,0.000732421875
xor,212,a,own_f2,per_record,u16BE_x10,2,3,48,274,0.000732421875
xor,212,a,own_f2,per_record,i16BE_x10,2,3,48,274,0.000732421875
xor,212,a,own_f2,per_record,u16LE_x10,2,4,48,61,0.000732421875
xor,212,a,own_f2,per_record,i16LE_x10,2,4,48,61,0.000732421875
xor,218,a,own_f1,per_record,u16LE_x10,2,6,48,233,0.000732421875
xor,218,a,own_f1,per_record,i16LE_x10,2,6,48,233,0.000732421875
xor,218,a,own_f2,per_record,u16BE_x10,2,6,48,234,0.000732421875
xor,218,a,own_f2,per_record,i16BE_x10,2,6,48,234,0.000732421875
xor,220,a,own_f2,per_record,u16LE_x10,2,6,48,234,0.000732421875
xor,220,a,own_f2,per_record,i16LE_x10,2,6,48,234,0.000732421875
xor,224,a,own_f1,per_record,u16LE_x100,2,3,48,43,0.000732421875
xor,224,a,own_f1,per_record,i16LE_x100,2,3,48,43,0.000732421875
xor,224,a,own_f4,per_record,u16LE_x1,2,2,48,192,0.000732421875
xor,224,a,own_f4,per_record,i16LE_x1,2,2,48,192,0.000732421875
xor,232,a,own_f2,per_record,u16LE_x100,2,4,48,70,0.000732421875
xor,232,a,own_f2,per_record,i16LE_x100,2,4,48,70,0.000732421875
xor,233,a,own_f2,per_record,u16BE_x100,2,4,48,252,0.000732421875
xor,233,a,own_f2,per_record,i16BE_x100,2,4,48,252,0.000732421875
xor,233,a,own_f2,per_record,u16LE_x100,2,3,48,171,0.000732421875
xor,233,a,own_f2,per_record,i16LE_x100,2,3,48,171,0.000732421875
xor,234,a,own_f2,per_record,u16BE_x100,2,4,48,60,0.000732421875
xor,234,a,own_f2,per_record,i16BE_x100,2,4,48,60,0.000732421875
xor,234,a,own_f3_delta,per_record,u16BE_x100,2,2,36,105,0.00054931640625
xor,242,a,own_f4,per_record,bcd_swapped,2,2,48,57,0.000732421875
xor,242,a,own_f2,per_record,u16BE_x100,2,4,48,43,0.000732421875
xor,242,a,own_f2,per_record,i16BE_x100,2,4,48,43,0.000732421875
xor,243,a,own_f2,per_record,u16BE_x100,2,8,48,213,0.000732421875
xor,243,a,own_f2,per_record,i16BE_x100,2,8,48,213,0.000732421875
xor,244,a,own_f4,per_record,u16BE_x1,2,2,48,35,0.000732421875
xor,244,a,own_f4,per_record,i16BE_x1,2,2,48,35,0.000732421875
xor,250,a,own_f4,per_record,u16BE_x1,2,2,48,155,0.000732421875
xor,250,a,own_f4,per_record,i16BE_x1,2,2,48,155,0.000732421875
nibble_swap,,a,own_f1,per_record,u16LE_x1,2,5,48,373,0.000732421875
nibble_swap,,a,own_f1,per_record,i16LE_x1,2,5,48,373,0.000732421875
nibble_swap,,a,own_f2,per_record,u16LE_x1,2,5,48,373,0.000732421875
nibble_swap,,a,own_f2,per_record,i16LE_x1,2,5,48,373,0.000732421875
nibble_swap,,a,own_f1,per_record,u16BE_x1,2,4,48,200,0.000732421875
nibble_swap,,a,own_f1,per_record,i16BE_x1,2,4,48,200,0.000732421875
nibble_swap,,a,own_f2,per_record,u16BE_x1,2,4,48,200,0.000732421875
nibble_swap,,a,own_f2,per_record,i16BE_x1,2,4,48,200,0.000732421875
nibble_swap,,a,own_f1,per_record,u16LE_x10,2,8,48,156,0.000732421875
nibble_swap,,a,own_f1,per_record,i16LE_x10,2,8,48,156,0.000732421875
nibble_swap,,a,own_f1,per_record,u16BE_x10,2,2,48,161,0.000732421875
nibble_swap,,a,own_f1,per_record,i16BE_x10,2,2,48,161,0.000732421875
nibble_swap,,a,own_f2,per_record,u16LE_x10,2,3,48,55,0.000732421875
nibble_swap,,a,own_f2,per_record,i16LE_x10,2,3,48,55,0.000732421875
nibble_swap,,a,own_f2,per_record,u16BE_x100,2,4,48,301,0.000732421875
nibble_swap,,a,own_f2,per_record,i16BE_x100,2,4,48,301,0.000732421875
nibble_swap,,a,own_f2,per_record,u32BE_x100,4,4,48,299,1.1175870895385742e-08
nibble_swap,,a,own_f2,per_record,i32BE_x100,4,4,48,299,1.1175870895385742e-08
bit_reverse,,a,own_f1,per_record,u16LE_x1,2,8,48,156,0.000732421875
bit_reverse,,a,own_f1,per_record,i16LE_x1,2,8,48,156,0.000732421875
bit_reverse,,a,own_f1,per_record,u16BE_x1,2,3,48,153,0.000732421875
bit_reverse,,a,own_f1,per_record,i16BE_x1,2,3,48,153,0.000732421875
bit_reverse,,a,own_f2,per_record,u16LE_x1,2,8,48,156,0.000732421875
bit_reverse,,a,own_f2,per_record,i16LE_x1,2,8,48,156,0.000732421875
bit_reverse,,a,own_f2,per_record,u16BE_x1,2,3,48,153,0.000732421875
bit_reverse,,a,own_f2,per_record,i16BE_x1,2,3,48,153,0.000732421875
bit_reverse,,a,own_f2,per_record,u16LE_x10,2,3,48,282,0.000732421875
bit_reverse,,a,own_f2,per_record,i16LE_x10,2,3,48,282,0.000732421875
bit_reverse,,a,own_f1,per_record,u32LE_x1,4,4,48,298,1.1175870895385742e-08
bit_reverse,,a,own_f1,per_record,i32LE_x1,4,4,48,298,1.1175870895385742e-08
bit_reverse,,a,own_f2,per_record,u32LE_x1,4,4,48,298,1.1175870895385742e-08
bit_reverse,,a,own_f2,per_record,i32LE_x1,4,4,48,298,1.1175870895385742e-08
bit_reverse,,a,own_f1,per_record,u16LE_x10,2,5,48,373,0.000732421875
bit_reverse,,a,own_f1,per_record,i16LE_x10,2,5,48,373,0.000732421875
raw,,b,own_f1,per_record,u16BE_x1,2,10,73,181,0.0011138916015625
raw,,b,own_f1,per_record,i16BE_x1,2,10,73,181,0.0011138916015625
raw,,b,own_f1,per_record,u16LE_x10,2,10,73,45,0.0011138916015625
raw,,b,own_f1,per_record,i16LE_x10,2,10,73,45,0.0011138916015625
raw,,b,own_f2,per_record,u16BE_x1,2,10,73,181,0.0011138916015625
raw,,b,own_f2,per_record,i16BE_x1,2,10,73,181,0.0011138916015625
raw,,b,own_f2,per_record,u16BE_x10,2,10,73,195,0.0011138916015625
raw,,b,own_f2,per_record,i16BE_x10,2,10,73,195,0.0011138916015625
raw,,b,own_f2,per_record,u16LE_x10,2,5,73,76,0.0011138916015625
raw,,b,own_f2,per_record,i16LE_x10,2,5,73,76,0.0011138916015625
raw,,b,own_f1,per_record,u16BE_x10,2,8,73,374,0.0011138916015625
raw,,b,own_f1,per_record,i16BE_x10,2,8,73,374,0.0011138916015625
xor,1,b,own_f1,per_record,u16LE_x1,2,10,73,181,0.0011138916015625
xor,1,b,own_f1,per_record,i16LE_x1,2,10,73,181,0.0011138916015625
xor,1,b,own_f2,per_record,u16LE_x1,2,10,73,181,0.0011138916015625
xor,1,b,own_f2,per_record,i16LE_x1,2,10,73,181,0.0011138916015625
xor,1,b,own_f3_delta,per_record,bcd_swapped,2,2,62,278,0.000946044921875
xor,1,b,own_f1,per_record,u16BE_x10,2,5,73,292,0.0011138916015625
xor,1,b,own_f1,per_record,i16BE_x10,2,5,73,292,0.0011138916015625
xor,2,b,own_f1,per_record,u16BE_x1,2,7,73,328,0.0011138916015625
xor,2,b,own_f1,per_record,i16BE_x1,2,7,73,328,0.0011138916015625
xor,2,b,own_f2,per_record,u16BE_x1,2,7,73,328,0.0011138916015625
xor,2,b,own_f2,per_record,i16BE_x1,2,7,73,328,0.0011138916015625
xor,2,b,own_f2,per_record,u16BE_x10,2,5,73,298,0.0011138916015625
xor,2,b,own_f2,per_record,i16BE_x10,2,5,73,298,0.0011138916015625
xor,3,b,own_f1,per_record,u16LE_x1,2,7,73,328,0.0011138916015625
xor,3,b,own_f1,per_record,i16LE_x1,2,7,73,328,0.0011138916015625
xor,3,b,own_f2,per_record,u16LE_x1,2,7,73,328,0.0011138916015625
xor,3,b,own_f2,per_record,i16LE_x1,2,7,73,328,0.0011138916015625
xor,4,b,own_f2,per_record,u16LE_x10,2,5,73,298,0.0011138916015625
xor,4,b,own_f2,per_record,i16LE_x10,2,5,73,298,0.0011138916015625
xor,4,b,own_f4,per_record,bcd_normal,2,2,73,284,0.0011138916015625
xor,5,b,own_f2,per_record,u16LE_x10,2,8,73,81,0.0011138916015625
xor,5,b,own_f2,per_record,i16LE_x10,2,8,73,81,0.0011138916015625
xor,6,b,own_f2,per_record,u16LE_x10,2,10,73,195,0.0011138916015625
xor,6,b,own_f2,per_record,i16LE_x10,2,10,73,195,0.0011138916015625
xor,6,b,own_f2,per_record,u16BE_x10,2,5,73,76,0.0011138916015625
xor,6,b,own_f2,per_record,i16BE_x10,2,5,73,76,0.0011138916015625
xor,7,b,own_f4,per_record,bcd_normal,2,2,73,180,0.0011138916015625
xor,7,b,own_f4,per_record,bcd_swapped,2,2,73,182,0.0011138916015625
xor,8,b,own_f1,per_record,u16BE_x10,2,10,73,45,0.0011138916015625
xor,8,b,own_f1,per_record,i16BE_x10,2,10,73,45,0.0011138916015625
xor,8,b,own_f1,per_record,u16LE_x10,2,8,73,374,0.0011138916015625
xor,8,b,own_f1,per_record,i16LE_x10,2,8,73,374,0.0011138916015625
xor,8,b,own_f1,per_record,u16BE_x1,2,7,73,158,0.0011138916015625
xor,8,b,own_f1,per_record,i16BE_x1,2,7,73,158,0.0011138916015625
xor,8,b,own_f2,per_record,u16BE_x1,2,7,73,158,0.0011138916015625
xor,8,b,own_f2,per_record,i16BE_x1,2,7,73,158,0.0011138916015625
xor,9,b,own_f1,per_record,u16LE_x10,2,5,73,292,0.0011138916015625
xor,9,b,own_f1,per_record,i16LE_x10,2,5,73,292,0.0011138916015625
xor,9,b,own_f1,per_record,u16LE_x1,2,7,73,158,0.0011138916015625
xor,9,b,own_f1,per_record,i16LE_x1,2,7,73,158,0.0011138916015625
xor,9,b,own_f2,per_record,u16LE_x1,2,7,73,158,0.0011138916015625
xor,9,b,own_f2,per_record,i16LE_x1,2,7,73,158,0.0011138916015625
xor,9,b,own_f2,per_record,u16BE_x10,2,4,73,245,0.0011138916015625
xor,9,b,own_f2,per_record,i16BE_x10,2,4,73,245,0.0011138916015625
xor,10,b,own_f2,per_record,u16BE_x10,2,5,73,31,0.0011138916015625
xor,10,b,own_f2,per_record,i16BE_x10,2,5,73,31,0.0011138916015625
xor,11,b,own_f4,per_record,u16LE_x10,2,2,73,40,0.0011138916015625
xor,11,b,own_f4,per_record,i16LE_x10,2,2,73,40,0.0011138916015625
xor,12,b,own_f2,per_record,u16LE_x10,2,5,73,31,0.0011138916015625
xor,12,b,own_f2,per_record,i16LE_x10,2,5,73,31,0.0011138916015625
xor,12,b,own_f2,per_record,u16LE_x100,2,5,73,73,0.0011138916015625
xor,12,b,own_f2,per_record,i16LE_x100,2,5,73,73,0.0011138916015625
xor,14,b,own_f3_delta,per_record,u16BE_x1,2,2,62,164,0.000946044921875
xor,14,b,own_f3_delta,per_record,i16BE_x1,2,2,62,164,0.000946044921875
xor,14,b,own_f4,per_record,bcd_normal,2,2,73,346,0.0011138916015625
xor,15,b,own_f2,per_record,u16LE_x10,2,4,73,245,0.0011138916015625
xor,15,b,own_f2,per_record,i16LE_x10,2,4,73,245,0.0011138916015625
xor,16,b,own_f1,per_record,u16BE_x10,2,10,73,150,0.0011138916015625
xor,16,b,own_f1,per_record,i16BE_x10,2,10,73,150,0.0011138916015625
xor,16,b,own_f2,per_record,u16BE_x100,2,5,73,179,0.0011138916015625
xor,16,b,own_f2,per_record,i16BE_x100,2,5,73,179,0.0011138916015625
xor,16,b,own_f3_delta,per_record,bcd_normal,2,2,62,253,0.000946044921875
xor,16,b,own_f1,per_record,u16LE_x1,2,4,73,302,0.0011138916015625
xor,16,b,own_f1,per_record,i16LE_x1,2,4,73,302,0.0011138916015625
xor,16,b,own_f2,per_record,u16LE_x1,2,4,73,302,0.0011138916015625
xor,16,b,own_f2,per_record,i16LE_x1,2,4,73,302,0.0011138916015625
xor,16,b,own_f4,per_record,bcd_normal,2,2,73,266,0.0011138916015625
xor,17,b,own_f1,per_record,u16BE_x1,2,4,73,302,0.0011138916015625
xor,17,b,own_f1,per_record,i16BE_x1,2,4,73,302,0.0011138916015625
xor,17,b,own_f2,per_record,u16BE_x1,2,4,73,302,0.0011138916015625
xor,17,b,own_f2,per_record,i16BE_x1,2,4,73,302,0.0011138916015625
xor,18,b,own_f2,per_record,u16LE_x100,2,8,73,333,0.0011138916015625
xor,18,b,own_f2,per_record,i16LE_x100,2,8,73,333,0.0011138916015625
xor,18,b,own_f3_delta,per_record,bcd_normal,2,2,62,128,0.000946044921875
xor,18,b,own_f1,per_record,u16LE_x1,2,7,73,70,0.0011138916015625
xor,18,b,own_f1,per_record,i16LE_x1,2,7,73,70,0.0011138916015625
xor,18,b,own_f2,per_record,u16LE_x1,2,7,73,70,0.0011138916015625
xor,18,b,own_f2,per_record,i16LE_x1,2,7,73,70,0.0011138916015625
xor,19,b,own_f1,per_record,u16BE_x1,2,7,73,70,0.0011138916015625
xor,19,b,own_f1,per_record,i16BE_x1,2,7,73,70,0.0011138916015625
xor,19,b,own_f2,per_record,u16BE_x1,2,7,73,70,0.0011138916015625
xor,19,b,own_f2,per_record,i16BE_x1,2,7,73,70,0.0011138916015625
xor,20,b,own_f1,per_record,u16LE_x10,2,10,73,15,0.0011138916015625
xor,20,b,own_f1,per_record,i16LE_x10,2,10,73,15,0.0011138916015625
xor,21,b,own_f4,per_record,u16LE_x1,2,2,73,88,0.0011138916015625
xor,21,b,own_f4,per_record,i16LE_x1,2,2,73,88,0.0011138916015625
xor,24,b,own_f1,per_record,u16LE_x10,2,10,73,150,0.0011138916015625
xor,24,b,own_f1,per_record,i16LE_x10,2,10,73,150,0.0011138916015625
xor,28,b,own_f1,per_record,u16BE_x10,2,10,73,15,0.0011138916015625
xor,28,b,own_f1,per_record,i16BE_x10,2,10,73,15,0.0011138916015625
xor,32,b,own_f1,per_record,u16BE_x1,2,8,73,282,0.0011138916015625
xor,32,b,own_f1,per_record,i16BE_x1,2,8,73,282,0.0011138916015625
xor,32,b,own_f2,per_record,u16BE_x1,2,8,73,282,0.0011138916015625
xor,32,b,own_f2,per_record,i16BE_x1,2,8,73,282,0.0011138916015625
xor,32,b,own_f3_delta,per_record,bcd_normal,2,2,62,136,0.000946044921875
xor,33,b,own_f1,per_record,u16LE_x1,2,8,73,282,0.0011138916015625
xor,33,b,own_f1,per_record,i16LE_x1,2,8,73,282,0.0011138916015625
xor,33,b,own_f2,per_record,u16LE_x1,2,8,73,282,0.0011138916015625
xor,33,b,own_f2,per_record,i16LE_x1,2,8,73,282,0.0011138916015625
xor,33,b,own_f3_delta,per_record,u16LE_x10,2,2,62,252,0.000946044921875
xor,33,b,own_f3_delta,per_record,i16LE_x10,2,2,62,252,0.000946044921875
xor,36,b,own_f1,per_record,u16LE_x10,2,5,73,70,0.0011138916015625
xor,36,b,own_f1,per_record,i16LE_x10,2,5,73,70,0.0011138916015625
xor,36,b,own_f1,per_record,u16BE_x10,2,5,73,71,0.0011138916015625
xor,36,b,own_f1,per_record,i16BE_x10,2,5,73,71,0.0011138916015625
xor,37,b,own_f4,per_record,u16BE_x10,2,2,73,230,0.0011138916015625
xor,37,b,own_f4,per_record,i16BE_x10,2,2,73,230,0.0011138916015625
xor,37,b,own_f4,per_record,u16LE_x10,2,2,73,214,0.0011138916015625
xor,37,b,own_f4,per_record,i16LE_x10,2,2,73,214,0.0011138916015625
xor,38,b,own_f1,per_record,u16BE_x100,2,7,73,19,0.0011138916015625
xor,38,b,own_f1,per_record,i16BE_x100,2,7,73,19,0.0011138916015625
xor,40,b,own_f2,per_record,u16LE_x100,2,5,73,179,0.0011138916015625
xor,40,b,own_f2,per_record,i16LE_x100,2,5,73,179,0.0011138916015625
xor,40,b,own_f3_delta,per_record,u16BE_x100,2,2,62,181,0.000946044921875
xor,44,b,own_f4,per_record,bcd_swapped,2,2,73,51,0.0011138916015625
xor,44,b,own_f4,per_record,u16BE_x1,2,2,73,315,0.0011138916015625
xor,44,b,own_f4,per_record,i16BE_x1,2,2,73,315,0.0011138916015625
xor,44,b,own_f2,per_record,u16BE_x100,2,8,73,333,0.0011138916015625
xor,44,b,own_f2,per_record,i16BE_x100,2,8,73,333,0.0011138916015625
xor,44,b,own_f1,per_record,u16LE_x10,2,5,73,71,0.0011138916015625
xor,44,b,own_f1,per_record,i16LE_x10,2,5,73,71,0.0011138916015625
xor,44,b,own_f1,per_record,u16BE_x10,2,5,73,70,0.0011138916015625
xor,44,b,own_f1,per_record,i16BE_x10,2,5,73,70,0.0011138916015625
xor,47,b,own_f4,per_record,u16LE_x1,2,2,73,314,0.0011138916015625
xor,47,b,own_f4,per_record,i16LE_x1,2,2,73,314,0.0011138916015625
xor,48,b,own_f4,per_record,bcd_normal,2,2,73,69,0.0011138916015625
xor,49,b,own_f4,per_record,bcd_normal,2,2,73,65,0.0011138916015625
xor,52,b,own_f2,per_record,u16BE_x100,2,5,73,73,0.0011138916015625
xor,52,b,own_f2,per_record,i16BE_x100,2,5,73,73,0.0011138916015625
xor,52,b,own_f1,per_record,u16LE_x100,2,9,73,80,0.0011138916015625
xor,52,b,own_f1,per_record,i16LE_x100,2,9,73,80,0.0011138916015625
xor,52,b,own_f4,per_record,u16BE_x10,2,2,73,40,0.0011138916015625
xor,52,b,own_f4,per_record,i16BE_x10,2,2,73,40,0.0011138916015625
xor,52,b,own_f4,per_record,u16LE_x1,2,2,73,48,0.0011138916015625
xor,52,b,own_f4,per_record,i16LE_x1,2,2,73,48,0.0011138916015625
xor,55,b,own_f4,per_record,u16LE_x1,2,2,73,207,0.0011138916015625
xor,55,b,own_f4,per_record,i16LE_x1,2,2,73,207,0.0011138916015625
xor,56,b,own_f2,per_record,u16LE_x10,2,5,73,85,0.0011138916015625
xor,56,b,own_f2,per_record,i16LE_x10,2,5,73,85,0.0011138916015625
xor,57,b,own_f4,per_record,bcd_swapped,2,2,73,237,0.0011138916015625
xor,61,b,own_f3_delta,per_record,u16LE_x10,2,2,62,211,0.000946044921875
xor,61,b,own_f3_delta,per_record,i16LE_x10,2,2,62,211,0.000946044921875
xor,62,b,own_f2,per_record,u16BE_x10,2,5,73,85,0.0011138916015625
xor,62,b,own_f2,per_record,i16BE_x10,2,5,73,85,0.0011138916015625
xor,64,b,own_f4,per_record,u16BE_x1,2,2,73,234,0.0011138916015625
xor,64,b,own_f4,per_record,i16BE_x1,2,2,73,234,0.0011138916015625
xor,68,b,own_f1,per_record,u16LE_x10,2,10,73,38,0.0011138916015625
xor,68,b,own_f1,per_record,i16LE_x10,2,10,73,38,0.0011138916015625
xor,68,b,own_f3_delta,per_record,u16LE_x1,2,2,62,143,0.000946044921875
xor,68,b,own_f3_delta,per_record,i16LE_x1,2,2,62,143,0.000946044921875
xor,69,b,own_f3_delta,per_record,u16LE_x1,2,2,62,159,0.000946044921875
xor,69,b,own_f3_delta,per_record,i16LE_x1,2,2,62,159,0.000946044921875
xor,74,b,own_f3_delta,per_record,u16BE_x1,2,2,62,159,0.000946044921875
xor,74,b,own_f3_delta,per_record,i16BE_x1,2,2,62,159,0.000946044921875
xor,76,b,own_f1,per_record,u16BE_x10,2,10,73,38,0.0011138916015625
xor,76,b,own_f1,per_record,i16BE_x10,2,10,73,38,0.0011138916015625
xor,79,b,own_f3_delta,per_record,u16LE_x100,2,2,62,181,0.000946044921875
xor,80,b,own_f4,per_record,bcd_normal,2,2,73,72,0.0011138916015625
xor,80,b,own_f3_delta,per_record,bcd_normal,2,2,62,166,0.000946044921875
xor,83,b,own_f1,per_record,u16BE_x100,2,9,73,80,0.0011138916015625
xor,83,b,own_f1,per_record,i16BE_x100,2,9,73,80,0.0011138916015625
xor,84,b,own_f1,per_record,u16LE_x10,2,10,73,30,0.0011138916015625
xor,84,b,own_f1,per_record,i16LE_x10,2,10,73,30,0.0011138916015625
xor,84,b,own_f4,per_record,u16LE_x10,2,2,73,268,0.0011138916015625
xor,84,b,own_f4,per_record,i16LE_x10,2,2,73,268,0.0011138916015625
xor,84,b,own_f4,per_record,bcd_swapped,2,2,73,94,0.0011138916015625
xor,85,b,own_f4,per_record,u16BE_x1,2,2,73,48,0.0011138916015625
xor,85,b,own_f4,per_record,i16BE_x1,2,2,73,48,0.0011138916015625
xor,89,b,own_f4,per_record,u16LE_x1,2,2,73,256,0.0011138916015625
xor,89,b,own_f4,per_record,i16LE_x1,2,2,73,256,0.0011138916015625
xor,92,b,own_f1,per_record,u16BE_x10,2,10,73,30,0.0011138916015625
xor,92,b,own_f1,per_record,i16BE_x10,2,10,73,30,0.0011138916015625
xor,92,b,own_f4,per_record,u16BE_x10,2,2,73,214,0.0011138916015625
xor,92,b,own_f4,per_record,i16BE_x10,2,2,73,214,0.0011138916015625
xor,95,b,own_f4,per_record,u16LE_x10,2,2,73,279,0.0011138916015625
xor,95,b,own_f4,per_record,i16LE_x10,2,2,73,279,0.0011138916015625
xor,96,b,own_f2,per_record,u16LE_x10,2,8,73,153,0.0011138916015625
xor,96,b,own_f2,per_record,i16LE_x10,2,8,73,153,0.0011138916015625
xor,96,b,own_f4,per_record,u16BE_x10,2,2,73,279,0.0011138916015625
xor,96,b,own_f4,per_record,i16BE_x10,2,2,73,279,0.0011138916015625
xor,97,b,own_f4,per_record,bcd_normal,2,2,73,182,0.0011138916015625
xor,100,b,own_f1,per_record,u16LE_x10,2,10,73,34,0.0011138916015625
xor,100,b,own_f1,per_record,i16LE_x10,2,10,73,34,0.0011138916015625
xor,100,b,own_f1,per_record,u16BE_x10,2,10,73,35,0.0011138916015625
xor,100,b,own_f1,per_record,i16BE_x10,2,10,73,35,0.0011138916015625
xor,102,b,own_f2,per_record,u16BE_x10,2,8,73,153,0.0011138916015625
xor,102,b,own_f2,per_record,i16BE_x10,2,8,73,153,0.0011138916015625
xor,103,b,own_f4,per_record,bcd_normal,2,2,73,148,0.0011138916015625
xor,105,b,own_f4,per_record,u16LE_x10,2,2,73,87,0.0011138916015625
xor,106,b,own_f4,per_record,u16BE_x1,2,2,73,170,0.0011138916015625
xor,106,b,own_f4,per_record,i16BE_x1,2,2,73,170,0.0011138916015625
xor,106,b,own_f4,per_record,u16BE_x10,2,2,73,87,0.0011138916015625
xor,107,b,own_f4,per_record,u16BE_x10,2,2,73,268,0.0011138916015625
xor,107,b,own_f4,per_record,i16BE_x10,2,2,73,268,0.0011138916015625
xor,108,b,own_f1,per_record,u16LE_x10,2,10,73,35,0.0011138916015625
xor,108,b,own_f1,per_record,i16LE_x10,2,10,73,35,0.0011138916015625
xor,108,b,own_f1,per_record,u16BE_x10,2,10,73,34,0.0011138916015625
xor,108,b,own_f1,per_record,i16BE_x10,2,10,73,34,0.0011138916015625
xor,112,b,own_f4,per_record,bcd_normal,2,2,73,71,0.0011138916015625
xor,114,b,own_f4,per_record,bcd_normal,2,2,73,59,0.0011138916015625
xor,115,b,own_f1,per_record,u16LE_x100,2,7,73,19,0.0011138916015625
xor,115,b,own_f1,per_record,i16LE_x100,2,7,73,19,0.0011138916015625
xor,115,b,own_f4,per_record,bcd_swapped,2,2,73,114,0.0011138916015625
xor,116,b,own_f1,per_record,u16LE_x10,2,10,73,17,0.0011138916015625
xor,116,b,own_f1,per_record,i16LE_x10,2,10,73,17,0.0011138916015625
xor,122,b,own_f4,per_record,u16LE_x1,2,2,73,255,0.0011138916015625
xor,122,b,own_f4,per_record,i16LE_x1,2,2,73,255,0.0011138916015625
xor,124,b,own_f1,per_record,u16BE_x10,2,10,73,17,0.0011138916015625
xor,124,b,own_f1,per_record,i16BE_x10,2,10,73,17,0.0011138916015625
xor,125,b,own_f4,per_record,bcd_normal,2,2,73,221,0.0011138916015625
xor,126,b,own_f4,per_record,u16LE_x1,2,2,73,170,0.0011138916015625
xor,126,b,own_f4,per_record,i16LE_x1,2,2,73,170,0.0011138916015625
xor,128,b,own_f1,per_record,u16BE_x1,2,10,73,162,0.0011138916015625
xor,128,b,own_f1,per_record,i16BE_x1,2,10,73,162,0.0011138916015625
xor,128,b,own_f2,per_record,u16BE_x1,2,10,73,162,0.0011138916015625
xor,128,b,own_f2,per_record,i16BE_x1,2,10,73,162,0.0011138916015625
xor,128,b,own_f1,per_record,u16LE_x1,2,8,73,115,0.0011138916015625
xor,128,b,own_f1,per_record,i16LE_x1,2,8,73,115,0.0011138916015625
xor,128,b,own_f2,per_record,u16LE_x1,2,8,73,115,0.0011138916015625
xor,128,b,own_f2,per_record,i16LE_x1,2,8,73,115,0.0011138916015625
xor,128,b,own_f1,per_record,u16BE_x100,2,7,73,154,0.0011138916015625
xor,128,b,own_f1,per_record,i16BE_x100,2,7,73,154,0.0011138916015625
xor,128,b,own_f4,per_record,bcd_swapped,2,2,73,6,0.0011138916015625
xor,129,b,own_f1,per_record,u16LE_x1,2,10,73,162,0.0011138916015625
xor,129,b,own_f1,per_record,i16LE_x1,2,10,73,162,0.0011138916015625
xor,129,b,own_f2,per_record,u16LE_x1,2,10,73,162,0.0011138916015625
xor,129,b,own_f2,per_record,i16LE_x1,2,10,73,162,0.0011138916015625
xor,129,b,own_f1,per_record,u16BE_x1,2,8,73,115,0.0011138916015625
xor,129,b,own_f1,per_record,i16BE_x1,2,8,73,115,0.0011138916015625
xor,129,b,own_f2,per_record,u16BE_x1,2,8,73,115,0.0011138916015625
xor,129,b,own_f2,per_record,i16BE_x1,2,8,73,115,0.0011138916015625
xor,129,b,own_f4,per_record,bcd_normal,2,2,73,191,0.0011138916015625
xor,129,b,own_f4,per_record,bcd_swapped,2,2,73,164,0.0011138916015625
xor,130,b,own_f1,per_record,u16BE_x1,2,8,73,314,0.0011138916015625
xor,130,b,own_f1,per_record,i16BE_x1,2,8,73,314,0.0011138916015625
xor,130,b,own_f2,per_record,u16BE_x1,2,8,73,314,0.0011138916015625
xor,130,b,own_f2,per_record,i16BE_x1,2,8,73,314,0.0011138916015625
xor,130,b,own_f4,per_record,u16BE_x1,2,2,73,207,0.0011138916015625
xor,130,b,own_f4,per_record,i16BE_x1,2,2,73,207,0.0011138916015625
xor,131,b,own_f1,per_record,u16LE_x1,2,8,73,314,0.0011138916015625
xor,131,b,own_f1,per_record,i16LE_x1,2,8,73,314,0.0011138916015625
xor,131,b,own_f2,per_record,u16LE_x1,2,8,73,314,0.0011138916015625
xor,131,b,own_f2,per_record,i16LE_x1,2,8,73,314,0.0011138916015625
xor,132,b,own_f1,per_record,u16LE_x10,2,10,73,26,0.0011138916015625
xor,132,b,own_f1,per_record,i16LE_x10,2,10,73,26,0.0011138916015625
xor,132,b,own_f1,per_record,u16LE_x1,2,8,73,52,0.0011138916015625
xor,132,b,own_f1,per_record,i16LE_x1,2,8,73,52,0.0011138916015625
xor,132,b,own_f1,per_record,u16BE_x1,2,8,73,207,0.0011138916015625
xor,132,b,own_f1,per_record,i16BE_x1,2,8,73,207,0.0011138916015625
xor,132,b,own_f2,per_record,u16LE_x1,2,8,73,52,0.0011138916015625
xor,132,b,own_f2,per_record,i16LE_x1,2,8,73,52,0.0011138916015625
xor,132,b,own_f2,per_record,u16BE_x1,2,8,73,207,0.0011138916015625
xor,132,b,own_f2,per_record,i16BE_x1,2,8,73,207,0.0011138916015625
xor,133,b,own_f1,per_record,u16LE_x1,2,8,73,207,0.0011138916015625
xor,133,b,own_f1,per_record,i16LE_x1,2,8,73,207,0.0011138916015625
xor,133,b,own_f1,per_record,u16BE_x1,2,8,73,52,0.0011138916015625
xor,133,b,own_f1,per_record,i16BE_x1,2,8,73,52,0.0011138916015625
xor,133,b,own_f1,per_record,u16BE_x10,2,8,73,133,0.0011138916015625
xor,133,b,own_f1,per_record,i16BE_x10,2,8,73,133,0.0011138916015625
xor,133,b,own_f2,per_record,u16LE_x1,2,8,73,207,0.0011138916015625
xor,133,b,own_f2,per_record,i16LE_x1,2,8,73,207,0.0011138916015625
xor,133,b,own_f2,per_record,u16BE_x1,2,8,73,52,0.0011138916015625
xor,133,b,own_f2,per_record,i16BE_x1,2,8,73,52,0.0011138916015625
xor,133,b,own_f3_delta,per_record,bcd_swapped,2,2,62,187,0.000946044921875
xor,134,b,own_f1,per_record,u16LE_x1,2,8,73,142,0.0011138916015625
xor,134,b,own_f1,per_record,i16LE_x1,2,8,73,142,0.0011138916015625
xor,134,b,own_f2,per_record,u16LE_x1,2,8,73,142,0.0011138916015625
xor,134,b,own_f2,per_record,i16LE_x1,2,8,73,142,0.0011138916015625
xor,135,b,own_f1,per_record,u16BE_x1,2,8,73,142,0.0011138916015625
xor,135,b,own_f1,per_record,i16BE_x1,2,8,73,142,0.0011138916015625
xor,135,b,own_f2,per_record,u16BE_x1,2,8,73,142,0.0011138916015625
xor,135,b,own_f2,per_record,i16BE_x1,2,8,73,142,0.0011138916015625
xor,135,b,own_f3_delta,per_record,u16BE_x1,2,2,62,143,0.000946044921875
xor,135,b,own_f3_delta,per_record,i16BE_x1,2,2,62,143,0.000946044921875
xor,135,b,own_f1,per_record,u16BE_x100,2,9,73,43,0.0011138916015625
xor,135,b,own_f1,per_record,i16BE_x100,2,9,73,43,0.0011138916015625
xor,136,b,own_f2,per_record,u16LE_x100,2,5,73,81,0.0011138916015625
xor,136,b,own_f2,per_record,i16LE_x100,2,5,73,81,0.0011138916015625
xor,136,b,own_f3_delta,per_record,u16LE_x1,2,2,62,164,0.000946044921875
xor,136,b,own_f3_delta,per_record,i16LE_x1,2,2,62,164,0.000946044921875
xor,136,b,own_f4,per_record,u16BE_x10,2,2,73,24,0.0011138916015625
xor,138,b,own_f1,per_record,u16BE_x1,2,8,73,59,0.0011138916015625
xor,138,b,own_f1,per_record,i16BE_x1,2,8,73,59,0.0011138916015625
xor,138,b,own_f2,per_record,u16BE_x1,2,8,73,59,0.0011138916015625
xor,138,b,own_f2,per_record,i16BE_x1,2,8,73,59,0.0011138916015625
xor,139,b,own_f1,per_record,u16LE_x1,2,8,73,59,0.0011138916015625
xor,139,b,own_f1,per_record,i16LE_x1,2,8,73,59,0.0011138916015625
xor,139,b,own_f2,per_record,u16LE_x1,2,8,73,59,0.0011138916015625
xor,139,b,own_f2,per_record,i16LE_x1,2,8,73,59,0.0011138916015625
xor,140,b,own_f1,per_record,u16BE_x10,2,10,73,26,0.0011138916015625
xor,140,b,own_f1,per_record,i16BE_x10,2,10,73,26,0.0011138916015625
xor,141,b,own_f1,per_record,u16LE_x10,2,8,73,133,0.0011138916015625
xor,141,b,own_f1,per_record,i16LE_x10,2,8,73,133,0.0011138916015625
xor,142,b,own_f1,per_record,u16LE_x1,2,5,73,188,0.0011138916015625
xor,142,b,own_f1,per_record,i16LE_x1,2,5,73,188,0.0011138916015625
xor,142,b,own_f2,per_record,u16LE_x1,2,5,73,188,0.0011138916015625
xor,142,b,own_f2,per_record,i16LE_x1,2,5,73,188,0.0011138916015625
xor,143,b,own_f4,per_record,u16LE_x10,2,2,73,230,0.0011138916015625
xor,143,b,own_f4,per_record,i16LE_x10,2,2,73,230,0.0011138916015625
xor,143,b,own_f1,per_record,u16BE_x1,2,5,73,188,0.0011138916015625
xor,143,b,own_f1,per_record,i16BE_x1,2,5,73,188,0.0011138916015625
xor,143,b,own_f2,per_record,u16BE_x1,2,5,73,188,0.0011138916015625
xor,143,b,own_f2,per_record,i16BE_x1,2,5,73,188,0.0011138916015625
xor,144,b,own_f1,per_record,u16BE_x1,2,8,73,76,0.0011138916015625
xor,144,b,own_f1,per_record,i16BE_x1,2,8,73,76,0.0011138916015625
xor,144,b,own_f2,per_record,u16BE_x1,2,8,73,76,0.0011138916015625
xor,144,b,own_f2,per_record,i16BE_x1,2,8,73,76,0.0011138916015625
xor,144,b,own_f2,per_record,u16LE_x10,2,8,73,159,0.0011138916015625
xor,144,b,own_f2,per_record,i16LE_x10,2,8,73,159,0.0011138916015625
xor,145,b,own_f1,per_record,u16LE_x1,2,8,73,76,0.0011138916015625
xor,145,b,own_f1,per_record,i16LE_x1,2,8,73,76,0.0011138916015625
xor,145,b,own_f2,per_record,u16LE_x1,2,8,73,76,0.0011138916015625
xor,145,b,own_f2,per_record,i16LE_x1,2,8,73,76,0.0011138916015625
xor,146,b,own_f1,per_record,u16BE_x1,2,10,73,47,0.0011138916015625
xor,146,b,own_f1,per_record,i16BE_x1,2,10,73,47,0.0011138916015625
xor,146,b,own_f2,per_record,u16BE_x1,2,10,73,47,0.0011138916015625
xor,146,b,own_f2,per_record,i16BE_x1,2,10,73,47,0.0011138916015625
xor,146,b,own_f1,per_record,u16LE_x10,2,8,73,218,0.0011138916015625
xor,146,b,own_f1,per_record,i16LE_x10,2,8,73,218,0.0011138916015625
xor,146,b,own_f2,per_record,u16LE_x10,2,7,73,295,0.0011138916015625
xor,146,b,own_f2,per_record,i16LE_x10,2,7,73,295,0.0011138916015625
xor,147,b,own_f1,per_record,u16LE_x1,2,10,73,47,0.0011138916015625
xor,147,b,own_f1,per_record,i16LE_x1,2,10,73,47,0.0011138916015625
xor,147,b,own_f2,per_record,u16LE_x1,2,10,73,47,0.0011138916015625
xor,147,b,own_f2,per_record,i16LE_x1,2,10,73,47,0.0011138916015625
xor,148,b,own_f1,per_record,u16BE_x1,2,8,73,307,0.0011138916015625
xor,148,b,own_f1,per_record,i16BE_x1,2,8,73,307,0.0011138916015625
xor,148,b,own_f2,per_record,u16BE_x1,2,8,73,307,0.0011138916015625
xor,148,b,own_f2,per_record,i16BE_x1,2,8,73,307,0.0011138916015625
xor,148,b,own_f2,per_record,u16BE_x10,2,7,73,295,0.0011138916015625
xor,148,b,own_f2,per_record,i16BE_x10,2,7,73,295,0.0011138916015625
xor,149,b,own_f1,per_record,u16LE_x1,2,8,73,307,0.0011138916015625
xor,149,b,own_f1,per_record,i16LE_x1,2,8,73,307,0.0011138916015625
xor,149,b,own_f2,per_record,u16LE_x1,2,8,73,307,0.0011138916015625
xor,149,b,own_f2,per_record,i16LE_x1,2,8,73,307,0.0011138916015625
xor,150,b,own_f2,per_record,u16BE_x10,2,8,73,159,0.0011138916015625
xor,150,b,own_f2,per_record,i16BE_x10,2,8,73,159,0.0011138916015625
xor,150,b,own_f4,per_record,u16LE_x1,2,2,73,42,0.0011138916015625
xor,150,b,own_f4,per_record,i16LE_x1,2,2,73,42,0.0011138916015625
xor,151,b,own_f1,per_record,u16LE_x100,2,5,73,224,0.0011138916015625
xor,151,b,own_f1,per_record,i16LE_x100,2,5,73,224,0.0011138916015625
xor,152,b,own_f2,per_record,u16BE_x100,2,8,73,254,0.0011138916015625
xor,152,b,own_f2,per_record,i16BE_x100,2,8,73,254,0.0011138916015625
xor,152,b,own_f1,per_record,u16BE_x1,2,7,73,179,0.0011138916015625
xor,152,b,own_f1,per_record,i16BE_x1,2,7,73,179,0.0011138916015625
xor,152,b,own_f2,per_record,u16BE_x1,2,7,73,179,0.0011138916015625
xor,152,b,own_f2,per_record,i16BE_x1,2,7,73,179,0.0011138916015625
xor,152,b,own_f1,per_record,u16LE_x1,2,5,73,181,0.0011138916015625
xor,152,b,own_f1,per_record,i16LE_x1,2,5,73,181,0.0011138916015625
xor,152,b,own_f2,per_record,u16LE_x1,2,5,73,181,0.0011138916015625
xor,152,b,own_f2,per_record,i16LE_x1,2,5,73,181,0.0011138916015625
xor,153,b,own_f1,per_record,u16LE_x1,2,7,73,179,0.0011138916015625
xor,153,b,own_f1,per_record,i16LE_x1,2,7,73,179,0.0011138916015625
xor,153,b,own_f2,per_record,u16LE_x1,2,7,73,179,0.0011138916015625
xor,153,b,own_f2,per_record,i16LE_x1,2,7,73,179,0.0011138916015625
xor,153,b,own_f1,per_record,u16BE_x1,2,5,73,181,0.0011138916015625
xor,153,b,own_f1,per_record,i16BE_x1,2,5,73,181,0.0011138916015625
xor,153,b,own_f2,per_record,u16BE_x1,2,5,73,181,0.0011138916015625
xor,153,b,own_f2,per_record,i16BE_x1,2,5,73,181,0.0011138916015625
xor,154,b,own_f1,per_record,u16BE_x10,2,8,73,218,0.0011138916015625
xor,154,b,own_f1,per_record,i16BE_x10,2,8,73,218,0.0011138916015625
xor,154,b,own_f1,per_record,u16LE_x1,2,5,73,87,0.0011138916015625
xor,154,b,own_f1,per_record,i16LE_x1,2,5,73,87,0.0011138916015625
xor,154,b,own_f2,per_record,u16LE_x1,2,5,73,87,0.0011138916015625
xor,154,b,own_f2,per_record,i16LE_x1,2,5,73,87,0.0011138916015625
xor,154,b,own_f4,per_record,u16BE_x10,2,2,73,184,0.0011138916015625
xor,154,b,own_f4,per_record,i16BE_x10,2,2,73,184,0.0011138916015625
xor,155,b,own_f1,per_record,u16BE_x1,2,5,73,87,0.0011138916015625
xor,155,b,own_f1,per_record,i16BE_x1,2,5,73,87,0.0011138916015625
xor,155,b,own_f2,per_record,u16BE_x1,2,5,73,87,0.0011138916015625
xor,155,b,own_f2,per_record,i16BE_x1,2,5,73,87,0.0011138916015625
xor,155,b,own_f4,per_record,u16BE_x1,2,2,73,314,0.0011138916015625
xor,155,b,own_f4,per_record,i16BE_x1,2,2,73,314,0.0011138916015625
xor,156,b,own_f1,per_record,u16LE_x1,2,5,73,87,0.0011138916015625
xor,156,b,own_f1,per_record,i16LE_x1,2,5,73,87,0.0011138916015625
xor,156,b,own_f2,per_record,u16LE_x1,2,5,73,87,0.0011138916015625
xor,156,b,own_f2,per_record,i16LE_x1,2,5,73,87,0.0011138916015625
xor,157,b,own_f1,per_record,u16BE_x1,2,5,73,87,0.0011138916015625
xor,157,b,own_f1,per_record,i16BE_x1,2,5,73,87,0.0011138916015625
xor,157,b,own_f2,per_record,u16BE_x1,2,5,73,87,0.0011138916015625
xor,157,b,own_f2,per_record,i16BE_x1,2,5,73,87,0.0011138916015625
xor,158,b,own_f4,per_record,u16BE_x1,2,2,73,256,0.0011138916015625
xor,158,b,own_f4,per_record,i16BE_x1,2,2,73,256,0.0011138916015625
xor,160,b,own_f1,per_record,u16BE_x1,2,8,73,300,0.0011138916015625
xor,160,b,own_f1,per_record,i16BE_x1,2,8,73,300,0.0011138916015625
xor,160,b,own_f2,per_record,u16BE_x1,2,8,73,300,0.0011138916015625
xor,160,b,own_f2,per_record,i16BE_x1,2,8,73,300,0.0011138916015625
xor,160,b,own_f2,per_record,u16LE_x10,2,5,73,179,0.0011138916015625
xor,160,b,own_f2,per_record,i16LE_x10,2,5,73,179,0.0011138916015625
xor,161,b,own_f1,per_record,u16LE_x1,2,8,73,300,0.0011138916015625
xor,161,b,own_f1,per_record,i16LE_x1,2,8,73,300,0.0011138916015625
xor,161,b,own_f2,per_record,u16LE_x1,2,8,73,300,0.0011138916015625
xor,161,b,own_f2,per_record,i16LE_x1,2,8,73,300,0.0011138916015625
xor,162,b,own_f1,per_record,u16LE_x10,2,8,73,283,0.0011138916015625
xor,162,b,own_f1,per_record,i16LE_x10,2,8,73,283,0.0011138916015625
xor,162,b,own_f1,per_record,u16BE_x1,2,8,73,107,0.0011138916015625
xor,162,b,own_f1,per_record,i16BE_x1,2,8,73,107,0.0011138916015625
xor,162,b,own_f2,per_record,u16BE_x1,2,8,73,107,0.0011138916015625
xor,162,b,own_f2,per_record,i16BE_x1,2,8,73,107,0.0011138916015625
xor,163,b,own_f1,per_record,u16LE_x1,2,8,73,107,0.0011138916015625
xor,163,b,own_f1,per_record,i16LE_x1,2,8,73,107,0.0011138916015625
xor,163,b,own_f2,per_record,u16LE_x1,2,8,73,107,0.0011138916015625
xor,163,b,own_f2,per_record,i16LE_x1,2,8,73,107,0.0011138916015625
xor,163,b,own_f4,per_record,bcd_normal,2,2,73,213,0.0011138916015625
xor,164,b,own_f1,per_record,u16LE_x10,2,10,73,24,0.0011138916015625
xor,164,b,own_f1,per_record,i16LE_x10,2,10,73,24,0.0011138916015625
xor,164,b,own_f4,per_record,u16LE_x1,2,2,73,315,0.0011138916015625
xor,164,b,own_f4,per_record,i16LE_x1,2,2,73,315,0.0011138916015625
xor,164,b,own_f3_delta,per_record,u16BE_x10,2,2,62,252,0.000946044921875
xor,164,b,own_f3_delta,per_record,i16BE_x10,2,2,62,252,0.000946044921875
xor,165,b,own_f4,per_record,u16BE_x1,2,2,73,42,0.0011138916015625
xor,165,b,own_f4,per_record,i16BE_x1,2,2,73,42,0.0011138916015625
xor,166,b,own_f2,per_record,u16LE_x100,2,8,73,254,0.0011138916015625
xor,166,b,own_f2,per_record,i16LE_x100,2,8,73,254,0.0011138916015625
xor,166,b,own_f2,per_record,u16BE_x10,2,5,73,179,0.0011138916015625
xor,166,b,own_f2,per_record,i16BE_x10,2,5,73,179,0.0011138916015625
xor,168,b,own_f1,per_record,u16BE_x1,2,5,73,51,0.0011138916015625
xor,168,b,own_f1,per_record,i16BE_x1,2,5,73,51,0.0011138916015625
xor,168,b,own_f2,per_record,u16BE_x1,2,5,73,51,0.0011138916015625
xor,168,b,own_f2,per_record,i16BE_x1,2,5,73,51,0.0011138916015625
xor,168,b,own_f2,per_record,u16LE_x10,2,5,73,100,0.0011138916015625
xor,168,b,own_f2,per_record,i16LE_x10,2,5,73,100,0.0011138916015625
xor,169,b,own_f1,per_record,u16LE_x1,2,5,73,51,0.0011138916015625
xor,169,b,own_f1,per_record,i16LE_x1,2,5,73,51,0.0011138916015625
xor,169,b,own_f2,per_record,u16LE_x1,2,5,73,51,0.0011138916015625
xor,169,b,own_f2,per_record,i16LE_x1,2,5,73,51,0.0011138916015625
xor,170,b,own_f1,per_record,u16LE_x1,2,8,73,158,0.0011138916015625
xor,170,b,own_f1,per_record,i16LE_x1,2,8,73,158,0.0011138916015625
xor,170,b,own_f2,per_record,u16LE_x1,2,8,73,158,0.0011138916015625
xor,170,b,own_f2,per_record,i16LE_x1,2,8,73,158,0.0011138916015625
xor,170,b,own_f1,per_record,u16BE_x10,2,8,73,283,0.0011138916015625
xor,170,b,own_f1,per_record,i16BE_x10,2,8,73,283,0.0011138916015625
xor,170,b,own_f1,per_record,u16BE_x1,2,5,73,137,0.0011138916015625
xor,170,b,own_f1,per_record,i16BE_x1,2,5,73,137,0.0011138916015625
xor,170,b,own_f2,per_record,u16BE_x1,2,5,73,137,0.0011138916015625
xor,170,b,own_f2,per_record,i16BE_x1,2,5,73,137,0.0011138916015625
xor,171,b,own_f1,per_record,u16BE_x1,2,8,73,158,0.0011138916015625
xor,171,b,own_f1,per_record,i16BE_x1,2,8,73,158,0.0011138916015625
xor,171,b,own_f2,per_record,u16BE_x1,2,8,73,158,0.0011138916015625
xor,171,b,own_f2,per_record,i16BE_x1,2,8,73,158,0.0011138916015625
xor,171,b,own_f1,per_record,u16LE_x1,2,5,73,137,0.0011138916015625
xor,171,b,own_f1,per_record,i16LE_x1,2,5,73,137,0.0011138916015625
xor,171,b,own_f2,per_record,u16LE_x1,2,5,73,137,0.0011138916015625
xor,171,b,own_f2,per_record,i16LE_x1,2,5,73,137,0.0011138916015625
xor,172,b,own_f1,per_record,u16BE_x10,2,10,73,24,0.0011138916015625
xor,172,b,own_f1,per_record,i16BE_x10,2,10,73,24,0.0011138916015625
xor,172,b,own_f1,per_record,u16BE_x1,2,8,73,288,0.0011138916015625
xor,172,b,own_f1,per_record,i16BE_x1,2,8,73,288,0.0011138916015625
xor,172,b,own_f2,per_record,u16BE_x1,2,8,73,288,0.0011138916015625
xor,172,b,own_f2,per_record,i16BE_x1,2,8,73,288,0.0011138916015625
xor,172,b,own_f1,per_record,u16LE_x1,2,8,73,17,0.0011138916015625
xor,172,b,own_f1,per_record,i16LE_x1,2,8,73,17,0.0011138916015625
xor,172,b,own_f2,per_record,u16LE_x1,2,8,73,17,0.0011138916015625
xor,172,b,own_f2,per_record,i16LE_x1,2,8,73,17,0.0011138916015625
xor,172,b,own_f3_delta,per_record,bcd_normal,2,2,62,185,0.000946044921875
xor,173,b,own_f1,per_record,u16LE_x1,2,8,73,288,0.0011138916015625
xor,173,b,own_f1,per_record,i16LE_x1,2,8,73,288,0.0011138916015625
xor,173,b,own_f2,per_record,u16LE_x1,2,8,73,288,0.0011138916015625
xor,173,b,own_f2,per_record,i16LE_x1,2,8,73,288,0.0011138916015625
xor,173,b,own_f1,per_record,u16BE_x1,2,8,73,17,0.0011138916015625
xor,173,b,own_f1,per_record,i16BE_x1,2,8,73,17,0.0011138916015625
xor,173,b,own_f2,per_record,u16BE_x1,2,8,73,17,0.0011138916015625
xor,173,b,own_f2,per_record,i16BE_x1,2,8,73,17,0.0011138916015625
xor,174,b,own_f1,per_record,u16LE_x1,2,8,73,325,0.0011138916015625
xor,174,b,own_f1,per_record,i16LE_x1,2,8,73,325,0.0011138916015625
xor,174,b,own_f2,per_record,u16LE_x1,2,8,73,325,0.0011138916015625
xor,174,b,own_f2,per_record,i16LE_x1,2,8,73,325,0.0011138916015625
xor,174,b,own_f1,per_record,u16BE_x1,2,5,73,28,0.0011138916015625
xor,174,b,own_f1,per_record,i16BE_x1,2,5,73,28,0.0011138916015625
xor,174,b,own_f2,per_record,u16BE_x1,2,5,73,28,0.0011138916015625
xor,174,b,own_f2,per_record,i16BE_x1,2,5,73,28,0.0011138916015625
xor,174,b,own_f2,per_record,u16BE_x10,2,5,73,100,0.0011138916015625
xor,174,b,own_f2,per_record,i16BE_x10,2,5,73,100,0.0011138916015625
xor,175,b,own_f1,per_record,u16BE_x1,2,8,73,325,0.0011138916015625
xor,175,b,own_f1,per_record,i16BE_x1,2,8,73,325,0.0011138916015625
xor,175,b,own_f2,per_record,u16BE_x1,2,8,73,325,0.0011138916015625
xor,175,b,own_f2,per_record,i16BE_x1,2,8,73,325,0.0011138916015625
xor,175,b,own_f1,per_record,u16LE_x1,2,5,73,28,0.0011138916015625
xor,175,b,own_f1,per_record,i16LE_x1,2,5,73,28,0.0011138916015625
xor,175,b,own_f2,per_record,u16LE_x1,2,5,73,28,0.0011138916015625
xor,175,b,own_f2,per_record,i16LE_x1,2,5,73,28,0.0011138916015625
xor,176,b,own_f2,per_record,u16BE_x100,2,5,73,81,0.0011138916015625
xor,176,b,own_f2,per_record,i16BE_x100,2,5,73,81,0.0011138916015625
xor,176,b,own_f2,per_record,u16LE_x10,2,8,73,162,0.0011138916015625
xor,176,b,own_f2,per_record,i16LE_x10,2,8,73,162,0.0011138916015625
xor,176,b,own_f4,per_record,bcd_swapped,2,2,73,299,0.0011138916015625
xor,178,b,own_f1,per_record,u16LE_x1,2,5,73,104,0.0011138916015625
xor,178,b,own_f1,per_record,i16LE_x1,2,5,73,104,0.0011138916015625
xor,178,b,own_f1,per_record,u16BE_x1,2,5,73,63,0.0011138916015625
xor,178,b,own_f1,per_record,i16BE_x1,2,5,73,63,0.0011138916015625
xor,178,b,own_f2,per_record,u16LE_x1,2,5,73,104,0.0011138916015625
xor,178,b,own_f2,per_record,i16LE_x1,2,5,73,104,0.0011138916015625
xor,178,b,own_f2,per_record,u16BE_x1,2,5,73,63,0.0011138916015625
xor,178,b,own_f2,per_record,i16BE_x1,2,5,73,63,0.0011138916015625
xor,178,b,own_f2,per_record,u16BE_x10,2,5,73,260,0.0011138916015625
xor,178,b,own_f2,per_record,i16BE_x10,2,5,73,260,0.0011138916015625
xor,179,b,own_f1,per_record,u16LE_x1,2,5,73,63,0.0011138916015625
xor,179,b,own_f1,per_record,i16LE_x1,2,5,73,63,0.0011138916015625
xor,179,b,own_f1,per_record,u16BE_x1,2,5,73,104,0.0011138916015625
xor,179,b,own_f1,per_record,i16BE_x1,2,5,73,104,0.0011138916015625
xor,179,b,own_f2,per_record,u16LE_x1,2,5,73,63,0.0011138916015625
xor,179,b,own_f2,per_record,i16LE_x1,2,5,73,63,0.0011138916015625
xor,179,b,own_f2,per_record,u16BE_x1,2,5,73,104,0.0011138916015625
xor,179,b,own_f2,per_record,i16BE_x1,2,5,73,104,0.0011138916015625
xor,180,b,own_f1,per_record,u16LE_x1,2,8,73,136,0.0011138916015625
xor,180,b,own_f1,per_record,i16LE_x1,2,8,73,136,0.0011138916015625
xor,180,b,own_f1,per_record,u16BE_x1,2,8,73,40,0.0011138916015625
xor,180,b,own_f1,per_record,i16BE_x1,2,8,73,40,0.0011138916015625
xor,180,b,own_f2,per_record,u16LE_x1,2,8,73,136,0.0011138916015625
xor,180,b,own_f2,per_record,i16LE_x1,2,8,73,136,0.0011138916015625
xor,180,b,own_f2,per_record,u16BE_x1,2,8,73,40,0.0011138916015625
xor,180,b,own_f2,per_record,i16BE_x1,2,8,73,40,0.0011138916015625
xor,180,b,own_f2,per_record,u16LE_x10,2,5,73,260,0.0011138916015625
xor,180,b,own_f2,per_record,i16LE_x10,2,5,73,260,0.0011138916015625
xor,181,b,own_f1,per_record,u16LE_x1,2,8,73,40,0.0011138916015625
xor,181,b,own_f1,per_record,i16LE_x1,2,8,73,40,0.0011138916015625
xor,181,b,own_f1,per_record,u16BE_x1,2,8,73,136,0.0011138916015625
xor,181,b,own_f1,per_record,i16BE_x1,2,8,73,136,0.0011138916015625
xor,181,b,own_f2,per_record,u16LE_x1,2,8,73,40,0.0011138916015625
xor,181,b,own_f2,per_record,i16LE_x1,2,8,73,40,0.0011138916015625
xor,181,b,own_f2,per_record,u16BE_x1,2,8,73,136,0.0011138916015625
xor,181,b,own_f2,per_record,i16BE_x1,2,8,73,136,0.0011138916015625
xor,182,b,own_f2,per_record,u16BE_x10,2,8,73,162,0.0011138916015625
xor,182,b,own_f2,per_record,i16BE_x10,2,8,73,162,0.0011138916015625
xor,184,b,own_f3_delta,per_record,u16BE_x10,2,2,62,211,0.000946044921875
xor,184,b,own_f3_delta,per_record,i16BE_x10,2,2,62,211,0.000946044921875
xor,185,b,own_f4,per_record,u16BE_x10,2,2,73,44,0.0011138916015625
xor,186,b,own_f1,per_record,u16BE_x1,2,5,73,48,0.0011138916015625
xor,186,b,own_f1,per_record,i16BE_x1,2,5,73,48,0.0011138916015625
xor,186,b,own_f2,per_record,u16BE_x1,2,5,73,48,0.0011138916015625
xor,186,b,own_f2,per_record,i16BE_x1,2,5,73,48,0.0011138916015625
xor,186,b,own_f4,per_record,u16LE_x10,2,2,73,44,0.0011138916015625
xor,187,b,own_f1,per_record,u16LE_x1,2,5,73,48,0.0011138916015625
xor,187,b,own_f1,per_record,i16LE_x1,2,5,73,48,0.0011138916015625
xor,187,b,own_f2,per_record,u16LE_x1,2,5,73,48,0.0011138916015625
xor,187,b,own_f2,per_record,i16LE_x1,2,5,73,48,0.0011138916015625
xor,188,b,own_f1,per_record,u16BE_x1,2,5,73,236,0.0011138916015625
xor,188,b,own_f1,per_record,i16BE_x1,2,5,73,236,0.0011138916015625
xor,188,b,own_f2,per_record,u16BE_x1,2,5,73,236,0.0011138916015625
xor,188,b,own_f2,per_record,i16BE_x1,2,5,73,236,0.0011138916015625
xor,189,b,own_f1,per_record,u16LE_x1,2,5,73,236,0.0011138916015625
xor,189,b,own_f1,per_record,i16LE_x1,2,5,73,236,0.0011138916015625
xor,189,b,own_f2,per_record,u16LE_x1,2,5,73,236,0.0011138916015625
xor,189,b,own_f2,per_record,i16LE_x1,2,5,73,236,0.0011138916015625
xor,192,b,own_f1,per_record,u16LE_x100,2,7,73,154,0.0011138916015625
xor,192,b,own_f1,per_record,i16LE_x100,2,7,73,154,0.0011138916015625
xor,194,b,own_f2,per_record,u16BE_x10,2,8,73,93,0.0011138916015625
xor,194,b,own_f2,per_record,i16BE_x10,2,8,73,93,0.0011138916015625
xor,196,b,own_f1,per_record,u16LE_x10,2,10,73,22,0.0011138916015625
xor,196,b,own_f1,per_record,i16LE_x10,2,10,73,22,0.0011138916015625
xor,196,b,own_f2,per_record,u16LE_x10,2,8,73,93,0.0011138916015625
xor,196,b,own_f2,per_record,i16LE_x10,2,8,73,93,0.0011138916015625
xor,196,b,own_f4,per_record,u16LE_x10,2,2,73,202,0.0011138916015625
xor,196,b,own_f4,per_record,i16LE_x10,2,2,73,202,0.0011138916015625
xor,198,b,own_f3_delta,per_record,u16LE_x10,2,2,62,297,0.000946044921875
xor,198,b,own_f3_delta,per_record,i16LE_x10,2,2,62,297,0.000946044921875
xor,200,b,own_f4,per_record,u16LE_x1,2,2,73,234,0.0011138916015625
xor,200,b,own_f4,per_record,i16LE_x1,2,2,73,234,0.0011138916015625
xor,201,b,own_f2,per_record,u16LE_x100,2,4,73,213,0.0011138916015625
xor,201,b,own_f2,per_record,i16LE_x100,2,4,73,213,0.0011138916015625
xor,202,b,own_f2,per_record,u16LE_x100,2,5,73,43,0.0011138916015625
xor,202,b,own_f2,per_record,i16LE_x100,2,5,73,43,0.0011138916015625
xor,204,b,own_f1,per_record,u16BE_x10,2,10,73,22,0.0011138916015625
xor,204,b,own_f1,per_record,i16BE_x10,2,10,73,22,0.0011138916015625
xor,204,b,own_f1,per_record,u16BE_x100,2,5,73,224,0.0011138916015625
xor,204,b,own_f1,per_record,i16BE_x100,2,5,73,224,0.0011138916015625
xor,208,b,own_f2,per_record,u16BE_x100,2,5,73,70,0.0011138916015625
xor,208,b,own_f2,per_record,i16BE_x100,2,5,73,70,0.0011138916015625
xor,208,b,own_f3_delta,per_record,u16BE_x10,2,2,62,297,0.000946044921875
xor,208,b,own_f3_delta,per_record,i16BE_x10,2,2,62,297,0.000946044921875
xor,210,b,own_f2,per_record,u16BE_x10,2,5,73,61,0.0011138916015625
xor,210,b,own_f2,per_record,i16BE_x10,2,5,73,61,0.0011138916015625
xor,210,b,own_f2,per_record,u16LE_x100,2,5,73,60,0.0011138916015625
xor,210,b,own_f2,per_record,i16LE_x100,2,5,73,60,0.0011138916015625
xor,210,b,own_f1,per_record,u16BE_x10,2,5,73,233,0.0011138916015625
xor,210,b,own_f1,per_record,i16BE_x10,2,5,73,233,0.0011138916015625
xor,210,b,own_f4,per_record,u16BE_x1,2,2,73,88,0.0011138916015625
xor,210,b,own_f4,per_record,i16BE_x1,2,2,73,88,0.0011138916015625
xor,212,b,own_f2,per_record,u16LE_x10,2,5,73,61,0.0011138916015625
xor,212,b,own_f2,per_record,i16LE_x10,2,5,73,61,0.0011138916015625
xor,212,b,own_f2,per_record,u16LE_x100,2,7,73,252,0.0011138916015625
xor,212,b,own_f2,per_record,i16LE_x100,2,7,73,252,0.0011138916015625
xor,218,b,own_f1,per_record,u16LE_x10,2,5,73,233,0.0011138916015625
xor,218,b,own_f1,per_record,i16LE_x10,2,5,73,233,0.0011138916015625
xor,218,b,own_f2,per_record,u16BE_x10,2,5,73,234,0.0011138916015625
xor,218,b,own_f2,per_record,i16BE_x10,2,5,73,234,0.0011138916015625
xor,220,b,own_f2,per_record,u16LE_x10,2,5,73,234,0.0011138916015625
xor,220,b,own_f2,per_record,i16LE_x10,2,5,73,234,0.0011138916015625
xor,224,b,own_f1,per_record,u16LE_x100,2,9,73,43,0.0011138916015625
xor,224,b,own_f1,per_record,i16LE_x100,2,9,73,43,0.0011138916015625
xor,226,b,own_f3_delta,per_record,u16BE_x1,2,2,62,59,0.000946044921875
xor,226,b,own_f3_delta,per_record,i16BE_x1,2,2,62,59,0.000946044921875
xor,228,b,own_f4,per_record,bcd_normal,2,2,73,113,0.0011138916015625
xor,230,b,own_f4,per_record,bcd_normal,2,2,73,6,0.0011138916015625
xor,232,b,own_f2,per_record,u16LE_x100,2,5,73,70,0.0011138916015625
xor,232,b,own_f2,per_record,i16LE_x100,2,5,73,70,0.0011138916015625
xor,233,b,own_f2,per_record,u16BE_x100,2,7,73,252,0.0011138916015625
xor,233,b,own_f2,per_record,i16BE_x100,2,7,73,252,0.0011138916015625
xor,233,b,own_f4,per_record,u16LE_x10,2,2,73,184,0.0011138916015625
xor,233,b,own_f4,per_record,i16LE_x10,2,2,73,184,0.0011138916015625
xor,234,b,own_f2,per_record,u16BE_x100,2,5,73,60,0.0011138916015625
xor,234,b,own_f2,per_record,i16BE_x100,2,5,73,60,0.0011138916015625
xor,236,b,own_f4,per_record,u16LE_x10,2,2,73,50,0.0011138916015625
xor,237,b,own_f3_delta,per_record,u16LE_x1,2,2,62,59,0.000946044921875
xor,237,b,own_f3_delta,per_record,i16LE_x1,2,2,62,59,0.000946044921875
xor,238,b,own_f4,per_record,bcd_swapped,2,2,73,53,0.0011138916015625
xor,239,b,own_f4,per_record,u16BE_x10,2,2,73,50,0.0011138916015625
xor,240,b,own_f4,per_record,bcd_swapped,2,2,73,165,0.0011138916015625
xor,242,b,own_f2,per_record,u16BE_x100,2,5,73,43,0.0011138916015625
xor,242,b,own_f2,per_record,i16BE_x100,2,5,73,43,0.0011138916015625
xor,242,b,own_f4,per_record,u16BE_x1,2,2,73,255,0.0011138916015625
xor,242,b,own_f4,per_record,i16BE_x1,2,2,73,255,0.0011138916015625
xor,242,b,own_f3_delta,per_record,bcd_normal,2,2,62,42,0.000946044921875
xor,243,b,own_f2,per_record,u16BE_x100,2,4,73,213,0.0011138916015625
xor,243,b,own_f2,per_record,i16BE_x100,2,4,73,213,0.0011138916015625
xor,251,b,own_f4,per_record,u16BE_x10,2,2,73,202,0.0011138916015625
xor,251,b,own_f4,per_record,i16BE_x10,2,2,73,202,0.0011138916015625
xor,255,b,own_f4,per_record,u16LE_x10,2,2,73,24,0.0011138916015625
nibble_swap,,b,own_f1,per_record,u16LE_x10,2,10,73,166,0.0011138916015625
nibble_swap,,b,own_f1,per_record,i16LE_x10,2,10,73,166,0.0011138916015625
nibble_swap,,b,own_f1,per_record,u16BE_x10,2,10,73,161,0.0011138916015625
nibble_swap,,b,own_f1,per_record,i16BE_x10,2,10,73,161,0.0011138916015625
nibble_swap,,b,own_f2,per_record,u16LE_x10,2,10,73,246,0.0011138916015625
nibble_swap,,b,own_f2,per_record,i16LE_x10,2,10,73,246,0.0011138916015625
nibble_swap,,b,own_f2,per_record,u16BE_x100,2,5,73,301,0.0011138916015625
nibble_swap,,b,own_f2,per_record,i16BE_x100,2,5,73,301,0.0011138916015625
nibble_swap,,b,own_f2,per_record,u32BE_x100,4,5,73,299,1.6996636986732483e-08
nibble_swap,,b,own_f2,per_record,i32BE_x100,4,5,73,299,1.6996636986732483e-08
nibble_swap,,b,own_f1,per_record,u16LE_x1,2,8,73,373,0.0011138916015625
nibble_swap,,b,own_f1,per_record,i16LE_x1,2,8,73,373,0.0011138916015625
nibble_swap,,b,own_f2,per_record,u16LE_x1,2,8,73,373,0.0011138916015625
nibble_swap,,b,own_f2,per_record,i16LE_x1,2,8,73,373,0.0011138916015625
nibble_swap,,b,own_f1,per_record,u16BE_x1,2,7,73,200,0.0011138916015625
nibble_swap,,b,own_f1,per_record,i16BE_x1,2,7,73,200,0.0011138916015625
nibble_swap,,b,own_f2,per_record,u16BE_x1,2,7,73,200,0.0011138916015625
nibble_swap,,b,own_f2,per_record,i16BE_x1,2,7,73,200,0.0011138916015625
bit_reverse,,b,own_f1,per_record,u16LE_x1,2,10,73,166,0.0011138916015625
bit_reverse,,b,own_f1,per_record,i16LE_x1,2,10,73,166,0.0011138916015625
bit_reverse,,b,own_f1,per_record,u16BE_x1,2,10,73,161,0.0011138916015625
bit_reverse,,b,own_f1,per_record,i16BE_x1,2,10,73,161,0.0011138916015625
bit_reverse,,b,own_f2,per_record,u16LE_x1,2,10,73,166,0.0011138916015625
bit_reverse,,b,own_f2,per_record,i16LE_x1,2,10,73,166,0.0011138916015625
bit_reverse,,b,own_f2,per_record,u16BE_x1,2,10,73,161,0.0011138916015625
bit_reverse,,b,own_f2,per_record,i16BE_x1,2,10,73,161,0.0011138916015625
bit_reverse,,b,own_f2,per_record,u16LE_x10,2,10,73,246,0.0011138916015625
bit_reverse,,b,own_f2,per_record,i16LE_x10,2,10,73,246,0.0011138916015625
bit_reverse,,b,own_f1,per_record,u32LE_x1,4,7,73,161,1.6996636986732483e-08
bit_reverse,,b,own_f1,per_record,i32LE_x1,4,7,73,161,1.6996636986732483e-08
bit_reverse,,b,own_f2,per_record,u32LE_x1,4,7,73,161,1.6996636986732483e-08
bit_reverse,,b,own_f2,per_record,i32LE_x1,4,7,73,161,1.6996636986732483e-08
bit_reverse,,b,own_f1,per_record,u16LE_x10,2,8,73,373,0.0011138916015625
bit_reverse,,b,own_f1,per_record,i16LE_x10,2,8,73,373,0.0011138916015625
bit_reverse,,b,own_f3_delta,per_record,u16LE_x1,2,2,62,131,0.000946044921875
bit_reverse,,b,own_f3_delta,per_record,i16LE_x1,2,2,62,131,0.000946044921875
bit_reverse,,b,own_f3_delta,per_record,u16BE_x1,2,2,62,130,0.000946044921875
bit_reverse,,b,own_f3_delta,per_record,i16BE_x1,2,2,62,130,0.000946044921875
xor,8,a,v1_ID01,per_identity,u16LE_x100,2,4,4,275,6.103515625e-05
xor,9,a,v1_ID01,per_identity,u16BE_x10,2,4,4,272,6.103515625e-05
xor,9,a,v1_ID01,per_identity,i16BE_x10,2,4,4,272,6.103515625e-05
xor,12,a,v1_ID01,per_identity,u16LE_x10,2,4,4,196,6.103515625e-05
xor,12,a,v1_ID01,per_identity,i16LE_x10,2,4,4,196,6.103515625e-05
xor,12,a,v1_ID01,per_identity,u16BE_x10,2,4,4,197,6.103515625e-05
xor,12,a,v1_ID01,per_identity,i16BE_x10,2,4,4,197,6.103515625e-05
xor,12,a,v1_ID01,per_identity,bcd_normal,2,4,4,196,6.103515625e-05
xor,12,a,v2_ID01,per_identity,u16LE_x10,2,4,4,412,6.103515625e-05
xor,12,a,v2_ID01,per_identity,i16LE_x10,2,4,4,412,6.103515625e-05
xor,19,a,v1_ID01,per_identity,u16BE_x1,2,4,4,323,6.103515625e-05
xor,19,a,v1_ID01,per_identity,i16BE_x1,2,4,4,323,6.103515625e-05
xor,22,a,v2_ID01,per_identity,u16LE_x100,2,4,4,174,6.103515625e-05
xor,22,a,v2_ID01,per_identity,i16LE_x100,2,4,4,174,6.103515625e-05
xor,24,a,v1_ID01,per_identity,u16LE_x10,2,4,4,197,6.103515625e-05
xor,24,a,v1_ID01,per_identity,i16LE_x10,2,4,4,197,6.103515625e-05
xor,24,a,v1_ID01,per_identity,u16BE_x10,2,4,4,196,6.103515625e-05
xor,24,a,v1_ID01,per_identity,i16BE_x10,2,4,4,196,6.103515625e-05
xor,24,a,v1_ID01,per_identity,bcd_normal,2,4,4,197,6.103515625e-05
xor,29,a,v1_ID01,per_identity,u16LE_x10,2,4,4,272,6.103515625e-05
xor,29,a,v1_ID01,per_identity,i16LE_x10,2,4,4,272,6.103515625e-05
xor,29,a,v1_ID01,per_identity,bcd_normal,2,4,4,272,6.103515625e-05
xor,43,a,v1_ID01,per_identity,u16LE_x1,2,4,4,93,6.103515625e-05
xor,43,a,v1_ID01,per_identity,i16LE_x1,2,4,4,93,6.103515625e-05
xor,56,a,v1_ID01,per_identity,u16LE_x100,2,4,4,201,6.103515625e-05
xor,57,a,v1_ID01,per_identity,bcd_swapped,2,4,4,298,6.103515625e-05
xor,76,a,v1_ID01,per_identity,u16LE_x10,2,4,4,334,6.103515625e-05
xor,76,a,v1_ID01,per_identity,i16LE_x10,2,4,4,334,6.103515625e-05
xor,76,a,v1_ID01,per_identity,bcd_normal,2,4,4,334,6.103515625e-05
xor,78,a,v2_ID01,per_identity,bcd_swapped,2,4,4,387,6.103515625e-05
xor,88,a,v1_ID01,per_identity,u16BE_x10,2,4,4,334,6.103515625e-05
xor,88,a,v1_ID01,per_identity,i16BE_x10,2,4,4,334,6.103515625e-05
xor,100,a,v1_ID01,per_identity,u16LE_x100,2,4,4,181,6.103515625e-05
xor,128,a,v1_ID01,per_identity,u16BE_x100,2,4,4,275,6.103515625e-05
xor,129,a,v1_ID01,per_identity,bcd_swapped,2,4,4,206,6.103515625e-05
xor,136,a,v1_ID01,per_identity,u16LE_x1,2,4,4,323,6.103515625e-05
xor,136,a,v1_ID01,per_identity,i16LE_x1,2,4,4,323,6.103515625e-05
xor,144,a,v1_ID01,per_identity,bcd_swapped,2,4,4,383,6.103515625e-05
xor,147,a,v2_ID01,per_identity,u16BE_x1,2,4,4,302,6.103515625e-05
xor,147,a,v2_ID01,per_identity,i16BE_x1,2,4,4,302,6.103515625e-05
xor,176,a,v1_ID01,per_identity,u16BE_x1,2,4,4,93,6.103515625e-05
xor,176,a,v1_ID01,per_identity,i16BE_x1,2,4,4,93,6.103515625e-05
xor,176,a,v1_ID01,per_identity,u16BE_x100,2,4,4,201,6.103515625e-05
xor,179,a,v2_ID01,per_identity,bcd_swapped,2,4,4,205,6.103515625e-05
xor,196,a,v1_ID01,per_identity,bcd_swapped,2,4,4,65,6.103515625e-05
xor,198,a,v2_ID01,per_identity,u16BE_x10,2,4,4,412,6.103515625e-05
xor,198,a,v2_ID01,per_identity,i16BE_x10,2,4,4,412,6.103515625e-05
xor,211,a,v2_ID01,per_identity,bcd_normal,2,4,4,326,6.103515625e-05
xor,213,a,v2_ID01,per_identity,u16LE_x1,2,4,4,302,6.103515625e-05
xor,213,a,v2_ID01,per_identity,i16LE_x1,2,4,4,302,6.103515625e-05
xor,213,a,v2_ID01,per_identity,u16BE_x100,2,4,4,174,6.103515625e-05
xor,213,a,v2_ID01,per_identity,i16BE_x100,2,4,4,174,6.103515625e-05
xor,236,a,v1_ID01,per_identity,u16BE_x100,2,4,4,181,6.103515625e-05
xor,251,a,v2_ID01,per_identity,bcd_swapped,2,4,4,117,6.103515625e-05
xor,4,a,v2_ID02,per_identity,u16BE_x10,2,2,2,5,3.0517578125e-05
xor,4,a,v2_ID02,per_identity,i16BE_x10,2,2,2,5,3.0517578125e-05
xor,5,a,v2_ID02,per_identity,u16BE_x10,2,2,2,85,3.0517578125e-05
xor,5,a,v2_ID02,per_identity,i16BE_x10,2,2,2,85,3.0517578125e-05
xor,16,a,v2_ID02,per_identity,bcd_swapped,2,2,2,13,3.0517578125e-05
xor,130,a,v2_ID02,per_identity,u16LE_x10,2,2,2,85,3.0517578125e-05
xor,130,a,v2_ID02,per_identity,i16LE_x10,2,2,2,85,3.0517578125e-05
xor,131,a,v2_ID02,per_identity,u16LE_x10,2,2,2,5,3.0517578125e-05
xor,131,a,v2_ID02,per_identity,i16LE_x10,2,2,2,5,3.0517578125e-05
xor,194,a,v2_ID02,per_identity,u16LE_x100,2,2,2,57,3.0517578125e-05
xor,194,a,v2_ID02,per_identity,i16LE_x100,2,2,2,57,3.0517578125e-05
xor,225,a,v2_ID02,per_identity,u16BE_x100,2,2,2,57,3.0517578125e-05
xor,225,a,v2_ID02,per_identity,i16BE_x100,2,2,2,57,3.0517578125e-05
xor,25,a,v1_ID03a,per_identity,u16BE_x10,2,8,8,122,0.0001220703125
xor,25,a,v1_ID03a,per_identity,i16BE_x10,2,8,8,122,0.0001220703125
xor,45,a,v1_ID03a,per_identity,u16LE_x10,2,8,8,18,0.0001220703125
xor,45,a,v1_ID03a,per_identity,i16LE_x10,2,8,8,18,0.0001220703125
xor,49,a,v2_ID03a,per_identity,bcd_swapped,2,8,8,302,0.0001220703125
xor,72,a,v2_ID03a,per_identity,u16LE_x1,2,8,8,283,0.0001220703125
xor,72,a,v2_ID03a,per_identity,i16LE_x1,2,8,8,283,0.0001220703125
xor,81,a,v2_ID03a,per_identity,u16BE_x100,2,8,8,56,0.0001220703125
xor,81,a,v2_ID03a,per_identity,i16BE_x100,2,8,8,56,0.0001220703125
xor,129,a,v2_ID03a,per_identity,u16LE_x10,2,8,8,254,0.0001220703125
xor,129,a,v2_ID03a,per_identity,i16LE_x10,2,8,8,254,0.0001220703125
xor,156,a,v2_ID03a,per_identity,u16BE_x1,2,8,8,283,0.0001220703125
xor,156,a,v2_ID03a,per_identity,i16BE_x1,2,8,8,283,0.0001220703125
xor,193,a,v2_ID03a,per_identity,u16BE_x10,2,8,8,254,0.0001220703125
xor,193,a,v2_ID03a,per_identity,i16BE_x10,2,8,8,254,0.0001220703125
xor,198,a,v1_ID03a,per_identity,u16BE_x10,2,8,8,18,0.0001220703125
xor,198,a,v1_ID03a,per_identity,i16BE_x10,2,8,8,18,0.0001220703125
xor,211,a,v2_ID03a,per_identity,u16LE_x100,2,8,8,56,0.0001220703125
xor,211,a,v2_ID03a,per_identity,i16LE_x100,2,8,8,56,0.0001220703125
xor,223,a,v1_ID03a,per_identity,bcd_normal,2,8,8,159,0.0001220703125
xor,242,a,v1_ID03a,per_identity,u16LE_x10,2,8,8,122,0.0001220703125
xor,242,a,v1_ID03a,per_identity,i16LE_x10,2,8,8,122,0.0001220703125
xor,1,a,v2_ID04,per_identity,u16LE_x100,2,3,3,94,4.57763671875e-05
xor,1,a,v2_ID04,per_identity,i16LE_x100,2,3,3,94,4.57763671875e-05
xor,40,a,v1_ID04,per_identity,u16LE_x10,2,3,3,155,4.57763671875e-05
xor,40,a,v1_ID04,per_identity,i16LE_x10,2,3,3,155,4.57763671875e-05
xor,53,a,v2_ID04,per_identity,bcd_swapped,2,3,3,45,4.57763671875e-05
xor,80,a,v2_ID04,per_identity,u16LE_x10,2,3,3,81,4.57763671875e-05
xor,80,a,v2_ID04,per_identity,i16LE_x10,2,3,3,81,4.57763671875e-05
xor,162,a,v2_ID04,per_identity,u16BE_x10,2,3,3,81,4.57763671875e-05
xor,162,a,v2_ID04,per_identity,i16BE_x10,2,3,3,81,4.57763671875e-05
xor,200,a,v1_ID04,per_identity,u16BE_x10,2,3,3,155,4.57763671875e-05
xor,200,a,v1_ID04,per_identity,i16BE_x10,2,3,3,155,4.57763671875e-05
xor,204,a,v2_ID04,per_identity,u16BE_x100,2,3,3,94,4.57763671875e-05
xor,204,a,v2_ID04,per_identity,i16BE_x100,2,3,3,94,4.57763671875e-05
xor,3,a,v1_ID05,per_identity,bcd_normal,2,6,6,11,9.1552734375e-05
xor,7,a,v1_ID05,per_identity,bcd_normal,2,6,6,289,9.1552734375e-05
xor,16,a,v1_ID05,per_identity,bcd_normal,2,6,6,53,9.1552734375e-05
xor,16,a,v1_ID05,per_identity,bcd_swapped,2,6,6,280,9.1552734375e-05
xor,20,a,v1_ID05,per_identity,bcd_swapped,2,6,6,304,9.1552734375e-05
xor,26,a,v1_ID05,per_identity,bcd_swapped,2,6,6,25,9.1552734375e-05
xor,27,a,v1_ID05,per_identity,bcd_swapped,2,6,6,121,9.1552734375e-05
xor,35,a,v1_ID05,per_identity,bcd_normal,2,6,6,280,9.1552734375e-05
xor,35,a,v1_ID05,per_identity,bcd_swapped,2,6,6,53,9.1552734375e-05
xor,39,a,v1_ID05,per_identity,bcd_normal,2,6,6,304,9.1552734375e-05
xor,40,a,v1_ID05,per_identity,bcd_normal,2,6,6,121,9.1552734375e-05
xor,41,a,v1_ID05,per_identity,bcd_normal,2,6,6,25,9.1552734375e-05
xor,48,a,v1_ID05,per_identity,bcd_swapped,2,6,6,11,9.1552734375e-05
xor,52,a,v1_ID05,per_identity,bcd_swapped,2,6,6,289,9.1552734375e-05
xor,66,a,v1_ID05,per_identity,bcd_normal,2,6,6,197,9.1552734375e-05
xor,76,a,v1_ID05,per_identity,bcd_normal,2,6,6,18,9.1552734375e-05
xor,81,a,v2_ID05,per_identity,u16LE_x10,2,6,6,266,9.1552734375e-05
xor,81,a,v2_ID05,per_identity,i16LE_x10,2,6,6,266,9.1552734375e-05
xor,83,a,v1_ID05,per_identity,u16BE_x10,2,6,6,145,9.1552734375e-05
xor,83,a,v1_ID05,per_identity,i16BE_x10,2,6,6,145,9.1552734375e-05
xor,83,a,v1_ID05,per_identity,bcd_normal,2,6,6,282,9.1552734375e-05
xor,84,a,v1_ID05,per_identity,bcd_normal,2,6,6,211,9.1552734375e-05
xor,85,a,v1_ID05,per_identity,bcd_normal,2,6,6,30,9.1552734375e-05
xor,86,a,v1_ID05,per_identity,bcd_normal,2,6,6,262,9.1552734375e-05
xor,87,a,v1_ID05,per_identity,bcd_normal,2,6,6,270,9.1552734375e-05
xor,88,a,v1_ID05,per_identity,bcd_normal,2,6,6,35,9.1552734375e-05
xor,91,a,v1_ID05,per_identity,bcd_normal,2,6,6,143,9.1552734375e-05
xor,96,a,v1_ID05,per_identity,bcd_swapped,2,6,6,282,9.1552734375e-05
xor,96,a,v2_ID05,per_identity,bcd_swapped,2,6,6,296,9.1552734375e-05
xor,100,a,v1_ID05,per_identity,bcd_swapped,2,6,6,270,9.1552734375e-05
xor,101,a,v1_ID05,per_identity,bcd_swapped,2,6,6,262,9.1552734375e-05
xor,102,a,v1_ID05,per_identity,bcd_swapped,2,6,6,30,9.1552734375e-05
xor,103,a,v1_ID05,per_identity,bcd_swapped,2,6,6,211,9.1552734375e-05
xor,104,a,v1_ID05,per_identity,bcd_swapped,2,6,6,143,9.1552734375e-05
xor,107,a,v1_ID05,per_identity,bcd_swapped,2,6,6,35,9.1552734375e-05
xor,113,a,v1_ID05,per_identity,bcd_swapped,2,6,6,197,9.1552734375e-05
xor,127,a,v1_ID05,per_identity,bcd_swapped,2,6,6,18,9.1552734375e-05
xor,134,a,v1_ID05,per_identity,bcd_normal,2,6,6,146,9.1552734375e-05
xor,142,a,v1_ID05,per_identity,u16LE_x10,2,6,6,145,9.1552734375e-05
xor,142,a,v1_ID05,per_identity,i16LE_x10,2,6,6,145,9.1552734375e-05
xor,149,a,v1_ID05,per_identity,bcd_normal,2,6,6,229,9.1552734375e-05
xor,166,a,v1_ID05,per_identity,bcd_swapped,2,6,6,229,9.1552734375e-05
xor,181,a,v1_ID05,per_identity,bcd_swapped,2,6,6,146,9.1552734375e-05
xor,221,a,v2_ID05,per_identity,u16BE_x10,2,6,6,266,9.1552734375e-05
xor,221,a,v2_ID05,per_identity,i16BE_x10,2,6,6,266,9.1552734375e-05
xor,10,a,v2_ID06,per_identity,bcd_normal,2,5,5,215,7.62939453125e-05
xor,25,a,v1_ID06,per_identity,u16BE_x10,2,5,5,289,7.62939453125e-05
xor,25,a,v1_ID06,per_identity,i16BE_x10,2,5,5,289,7.62939453125e-05
xor,34,a,v1_ID06,per_identity,bcd_swapped,2,5,5,55,7.62939453125e-05
xor,34,a,v2_ID06,per_identity,bcd_normal,2,5,5,134,7.62939453125e-05
xor,48,a,v2_ID06,per_identity,bcd_swapped,2,5,5,374,7.62939453125e-05
xor,50,a,v2_ID06,per_identity,u16BE_x1,2,5,5,247,7.62939453125e-05
xor,50,a,v2_ID06,per_identity,i16BE_x1,2,5,5,247,7.62939453125e-05
xor,67,a,v2_ID06,per_identity,bcd_normal,2,5,5,50,7.62939453125e-05
xor,70,a,v2_ID06,per_identity,bcd_normal,2,5,5,144,7.62939453125e-05
xor,76,a,v2_ID06,per_identity,u16LE_x1,2,5,5,247,7.62939453125e-05
xor,76,a,v2_ID06,per_identity,i16LE_x1,2,5,5,247,7.62939453125e-05
xor,78,a,v2_ID06,per_identity,bcd_normal,2,5,5,39,7.62939453125e-05
xor,87,a,v2_ID06,per_identity,u16BE_x10,2,5,5,312,7.62939453125e-05
xor,87,a,v2_ID06,per_identity,i16BE_x10,2,5,5,312,7.62939453125e-05
xor,92,a,v2_ID06,per_identity,bcd_normal,2,5,5,19,7.62939453125e-05
xor,106,a,v1_ID06,per_identity,bcd_swapped,2,5,5,114,7.62939453125e-05
xor,122,a,v1_ID06,per_identity,bcd_swapped,2,5,5,72,7.62939453125e-05
xor,131,a,v2_ID06,per_identity,bcd_normal,2,5,5,148,7.62939453125e-05
xor,133,a,v1_ID06,per_identity,u16LE_x10,2,5,5,289,7.62939453125e-05
xor,133,a,v1_ID06,per_identity,i16LE_x10,2,5,5,289,7.62939453125e-05
xor,145,a,v1_ID06,per_identity,u16BE_x100,2,5,5,354,7.62939453125e-05
xor,170,a,v2_ID06,per_identity,bcd_swapped,2,5,5,218,7.62939453125e-05
xor,175,a,v2_ID06,per_identity,u16LE_x10,2,5,5,312,7.62939453125e-05
xor,175,a,v2_ID06,per_identity,i16LE_x10,2,5,5,312,7.62939453125e-05
xor,176,a,v2_ID06,per_identity,u16LE_x100,2,5,5,298,7.62939453125e-05
xor,177,a,v1_ID06,per_identity,bcd_normal,2,5,5,295,7.62939453125e-05
xor,179,a,v1_ID06,per_identity,bcd_normal,2,5,5,369,7.62939453125e-05
xor,180,a,v1_ID06,per_identity,u16LE_x100,2,5,5,354,7.62939453125e-05
xor,185,a,v2_ID06,per_identity,u16BE_x100,2,5,5,298,7.62939453125e-05
xor,210,a,v2_ID06,per_identity,bcd_normal,2,5,5,65,7.62939453125e-05
raw,,a,v1_ID07,per_identity,u16BE_x10,2,4,4,101,6.103515625e-05
raw,,a,v1_ID07,per_identity,i16BE_x10,2,4,4,101,6.103515625e-05
raw,,a,v1_ID07,per_identity,bcd_normal,2,4,4,72,6.103515625e-05
xor,6,a,v1_ID07,per_identity,bcd_normal,2,4,4,102,6.103515625e-05
xor,11,a,v1_ID07,per_identity,bcd_normal,2,4,4,65,6.103515625e-05
xor,15,a,v1_ID07,per_identity,u16LE_x10,2,4,4,101,6.103515625e-05
xor,15,a,v1_ID07,per_identity,i16LE_x10,2,4,4,101,6.103515625e-05
xor,32,a,v1_ID07,per_identity,bcd_swapped,2,4,4,90,6.103515625e-05
xor,34,a,v1_ID07,per_identity,u16LE_x10,2,3,4,191,6.103515625e-05
xor,34,a,v1_ID07,per_identity,i16LE_x10,2,3,4,191,6.103515625e-05
xor,39,a,v2_ID07,per_identity,bcd_swapped,2,3,4,175,6.103515625e-05
xor,45,a,v1_ID07,per_identity,u16BE_x10,2,3,4,191,6.103515625e-05
xor,45,a,v1_ID07,per_identity,i16BE_x10,2,3,4,191,6.103515625e-05
xor,50,a,v2_ID07,per_identity,u16LE_x10,2,4,4,78,6.103515625e-05
xor,50,a,v2_ID07,per_identity,i16LE_x10,2,4,4,78,6.103515625e-05
xor,65,a,v2_ID07,per_identity,u16LE_x1,2,4,4,49,6.103515625e-05
xor,65,a,v2_ID07,per_identity,i16LE_x1,2,4,4,49,6.103515625e-05
xor,133,a,v2_ID07,per_identity,u16BE_x1,2,4,4,49,6.103515625e-05
xor,133,a,v2_ID07,per_identity,i16BE_x1,2,4,4,49,6.103515625e-05
xor,157,a,v2_ID07,per_identity,u16BE_x10,2,4,4,78,6.103515625e-05
xor,157,a,v2_ID07,per_identity,i16BE_x10,2,4,4,78,6.103515625e-05
xor,172,a,v1_ID07,per_identity,u16LE_x100,2,4,4,103,6.103515625e-05
xor,172,a,v1_ID07,per_identity,i16LE_x100,2,4,4,103,6.103515625e-05
xor,186,a,v1_ID07,per_identity,u16LE_x100,2,3,4,273,6.103515625e-05
xor,186,a,v1_ID07,per_identity,i16LE_x100,2,3,4,273,6.103515625e-05
xor,191,a,v1_ID07,per_identity,bcd_swapped,2,3,4,150,6.103515625e-05
xor,194,a,v1_ID07,per_identity,bcd_normal,2,3,4,139,6.103515625e-05
xor,234,a,v1_ID07,per_identity,u16BE_x100,2,4,4,103,6.103515625e-05
xor,234,a,v1_ID07,per_identity,i16BE_x100,2,4,4,103,6.103515625e-05
xor,252,a,v1_ID07,per_identity,u16BE_x100,2,3,4,273,6.103515625e-05
xor,252,a,v1_ID07,per_identity,i16BE_x100,2,3,4,273,6.103515625e-05
nibble_swap,,a,v1_ID07,per_identity,bcd_swapped,2,4,4,72,6.103515625e-05
xor,20,a,v2_ID08,per_identity,u16BE_x100,2,3,4,101,6.103515625e-05
xor,20,a,v2_ID08,per_identity,i16BE_x100,2,3,4,101,6.103515625e-05
xor,47,a,v2_ID08,per_identity,u16LE_x1,2,3,4,52,6.103515625e-05
xor,47,a,v2_ID08,per_identity,i16LE_x1,2,3,4,52,6.103515625e-05
xor,52,a,v1_ID08,per_identity,u16LE_x1,2,3,4,60,6.103515625e-05
xor,52,a,v1_ID08,per_identity,i16LE_x1,2,3,4,60,6.103515625e-05
xor,91,a,v1_ID08,per_identity,u16BE_x1,2,3,4,60,6.103515625e-05
xor,91,a,v1_ID08,per_identity,i16BE_x1,2,3,4,60,6.103515625e-05
xor,93,a,v2_ID08,per_identity,u16BE_x1,2,3,4,52,6.103515625e-05
xor,93,a,v2_ID08,per_identity,i16BE_x1,2,3,4,52,6.103515625e-05
xor,152,a,v2_ID08,per_identity,u16BE_x10,2,3,4,21,6.103515625e-05
xor,152,a,v2_ID08,per_identity,i16BE_x10,2,3,4,21,6.103515625e-05
xor,165,a,v1_ID08,per_identity,u16LE_x1,2,3,4,72,6.103515625e-05
xor,165,a,v1_ID08,per_identity,i16LE_x1,2,3,4,72,6.103515625e-05
xor,176,a,v2_ID08,per_identity,u16LE_x100,2,3,4,101,6.103515625e-05
xor,176,a,v2_ID08,per_identity,i16LE_x100,2,3,4,101,6.103515625e-05
xor,202,a,v1_ID08,per_identity,u16BE_x1,2,3,4,72,6.103515625e-05
xor,202,a,v1_ID08,per_identity,i16BE_x1,2,3,4,72,6.103515625e-05
xor,232,a,v2_ID08,per_identity,u16LE_x10,2,3,4,21,6.103515625e-05
xor,232,a,v2_ID08,per_identity,i16LE_x10,2,3,4,21,6.103515625e-05
xor,2,a,v2_ID03b,per_identity,u16BE_x1,2,2,3,5,4.57763671875e-05
xor,2,a,v2_ID03b,per_identity,i16BE_x1,2,2,3,5,4.57763671875e-05
xor,34,a,v2_ID03b,per_identity,u16LE_x100,2,2,3,36,4.57763671875e-05
xor,34,a,v2_ID03b,per_identity,bcd_swapped,2,2,3,220,4.57763671875e-05
xor,37,a,v2_ID03b,per_identity,u16BE_x100,2,2,3,36,4.57763671875e-05
xor,50,a,v2_ID03b,per_identity,u16LE_x100,2,2,3,284,4.57763671875e-05
xor,53,a,v2_ID03b,per_identity,u16BE_x100,2,2,3,284,4.57763671875e-05
xor,118,a,v1_ID03b,per_identity,bcd_normal,2,2,3,331,4.57763671875e-05
xor,128,a,v2_ID03b,per_identity,bcd_normal,2,2,3,315,4.57763671875e-05
xor,131,a,v1_ID03b,per_identity,bcd_normal,2,2,3,135,4.57763671875e-05
xor,135,a,v2_ID03b,per_identity,u16LE_x1,2,2,3,5,4.57763671875e-05
xor,135,a,v2_ID03b,per_identity,i16LE_x1,2,2,3,5,4.57763671875e-05
xor,145,a,v2_ID03b,per_identity,u16BE_x100,2,2,3,203,4.57763671875e-05
xor,150,a,v2_ID03b,per_identity,u16LE_x100,2,2,3,203,4.57763671875e-05
xor,182,a,v1_ID03b,per_identity,bcd_normal,2,2,3,79,4.57763671875e-05
xor,225,a,v2_ID03b,per_identity,bcd_swapped,2,2,3,234,4.57763671875e-05
nibble_swap,,a,v1_ID03b,per_identity,u16BE_x10,2,2,3,2,4.57763671875e-05
nibble_swap,,a,v1_ID03b,per_identity,i16BE_x10,2,2,3,2,4.57763671875e-05
xor,2,a,v2_ID09,per_identity,bcd_swapped,2,4,4,189,6.103515625e-05
xor,3,a,v1_ID09,per_identity,u16BE_x100,2,4,4,21,6.103515625e-05
xor,3,a,v1_ID09,per_identity,i16BE_x100,2,4,4,21,6.103515625e-05
xor,11,a,v1_ID09,per_identity,u16BE_x10,2,4,4,115,6.103515625e-05
xor,11,a,v1_ID09,per_identity,i16BE_x10,2,4,4,115,6.103515625e-05
xor,12,a,v2_ID09,per_identity,u16LE_x10,2,4,4,284,6.103515625e-05
xor,12,a,v2_ID09,per_identity,i16LE_x10,2,4,4,284,6.103515625e-05
xor,32,a,v2_ID09,per_identity,bcd_swapped,2,4,4,103,6.103515625e-05
xor,68,a,v1_ID09,per_identity,u16LE_x100,2,4,4,21,6.103515625e-05
xor,68,a,v1_ID09,per_identity,i16LE_x100,2,4,4,21,6.103515625e-05
xor,68,a,v1_ID09,per_identity,bcd_normal,2,4,4,175,6.103515625e-05
xor,81,a,v1_ID09,per_identity,u16LE_x10,2,4,4,115,6.103515625e-05
xor,81,a,v1_ID09,per_identity,i16LE_x10,2,4,4,115,6.103515625e-05
xor,83,a,v2_ID09,per_identity,u16BE_x10,2,4,4,284,6.103515625e-05
xor,83,a,v2_ID09,per_identity,i16BE_x10,2,4,4,284,6.103515625e-05
xor,102,a,v1_ID09,per_identity,bcd_swapped,2,4,4,175,6.103515625e-05
xor,156,a,v2_ID09,per_identity,u16BE_x10,2,4,4,134,6.103515625e-05
xor,156,a,v2_ID09,per_identity,i16BE_x10,2,4,4,134,6.103515625e-05
xor,192,a,v2_ID09,per_identity,u16BE_x100,2,4,4,87,6.103515625e-05
xor,192,a,v2_ID09,per_identity,i16BE_x100,2,4,4,87,6.103515625e-05
xor,193,a,v2_ID09,per_identity,u16LE_x100,2,4,4,87,6.103515625e-05
xor,193,a,v2_ID09,per_identity,i16LE_x100,2,4,4,87,6.103515625e-05
xor,195,a,v2_ID09,per_identity,u16LE_x10,2,4,4,134,6.103515625e-05
xor,195,a,v2_ID09,per_identity,i16LE_x10,2,4,4,134,6.103515625e-05
xor,204,a,v2_ID09,per_identity,u16LE_x100,2,4,4,11,6.103515625e-05
xor,204,a,v2_ID09,per_identity,i16LE_x100,2,4,4,11,6.103515625e-05
xor,205,a,v2_ID09,per_identity,u16BE_x100,2,4,4,11,6.103515625e-05
xor,205,a,v2_ID09,per_identity,i16BE_x100,2,4,4,11,6.103515625e-05
xor,214,a,v1_ID09,per_identity,bcd_normal,2,4,4,62,6.103515625e-05
xor,230,a,v2_ID09,per_identity,u16LE_x100,2,4,4,48,6.103515625e-05
xor,230,a,v2_ID09,per_identity,i16LE_x100,2,4,4,48,6.103515625e-05
xor,231,a,v2_ID09,per_identity,u16BE_x100,2,4,4,48,6.103515625e-05
xor,231,a,v2_ID09,per_identity,i16BE_x100,2,4,4,48,6.103515625e-05
xor,238,a,v2_ID09,per_identity,u16LE_x100,2,4,4,63,6.103515625e-05
xor,238,a,v2_ID09,per_identity,i16LE_x100,2,4,4,63,6.103515625e-05
xor,238,a,v2_ID09,per_identity,u16BE_x100,2,4,4,104,6.103515625e-05
xor,238,a,v2_ID09,per_identity,i16BE_x100,2,4,4,104,6.103515625e-05
xor,239,a,v2_ID09,per_identity,u16LE_x100,2,4,4,104,6.103515625e-05
xor,239,a,v2_ID09,per_identity,i16LE_x100,2,4,4,104,6.103515625e-05
xor,239,a,v2_ID09,per_identity,u16BE_x100,2,4,4,63,6.103515625e-05
xor,239,a,v2_ID09,per_identity,i16BE_x100,2,4,4,63,6.103515625e-05
xor,244,a,v1_ID09,per_identity,bcd_swapped,2,4,4,62,6.103515625e-05
xor,246,a,v2_ID09,per_identity,u16BE_x100,2,4,4,94,6.103515625e-05
xor,246,a,v2_ID09,per_identity,i16BE_x100,2,4,4,94,6.103515625e-05
xor,247,a,v2_ID09,per_identity,u16LE_x100,2,4,4,94,6.103515625e-05
xor,247,a,v2_ID09,per_identity,i16LE_x100,2,4,4,94,6.103515625e-05
xor,249,a,v2_ID09,per_identity,bcd_normal,2,4,4,309,6.103515625e-05
xor,4,b,v2_ID02,per_identity,u16BE_x10,2,10,10,5,0.000152587890625
xor,4,b,v2_ID02,per_identity,i16BE_x10,2,10,10,5,0.000152587890625
xor,5,b,v2_ID02,per_identity,u16BE_x10,2,10,10,85,0.000152587890625
xor,5,b,v2_ID02,per_identity,i16BE_x10,2,10,10,85,0.000152587890625
xor,16,b,v2_ID02,per_identity,bcd_swapped,2,10,10,13,0.000152587890625
xor,130,b,v2_ID02,per_identity,u16LE_x10,2,10,10,85,0.000152587890625
xor,130,b,v2_ID02,per_identity,i16LE_x10,2,10,10,85,0.000152587890625
xor,131,b,v2_ID02,per_identity,u16LE_x10,2,10,10,5,0.000152587890625
xor,131,b,v2_ID02,per_identity,i16LE_x10,2,10,10,5,0.000152587890625
xor,194,b,v2_ID02,per_identity,u16LE_x100,2,10,10,57,0.000152587890625
xor,194,b,v2_ID02,per_identity,i16LE_x100,2,10,10,57,0.000152587890625
xor,225,b,v2_ID02,per_identity,u16BE_x100,2,10,10,57,0.000152587890625
xor,225,b,v2_ID02,per_identity,i16BE_x100,2,10,10,57,0.000152587890625
xor,2,b,v2_ID09,per_identity,bcd_swapped,2,5,5,189,7.62939453125e-05
xor,3,b,v1_ID09,per_identity,u16BE_x100,2,5,5,21,7.62939453125e-05
xor,3,b,v1_ID09,per_identity,i16BE_x100,2,5,5,21,7.62939453125e-05
xor,11,b,v1_ID09,per_identity,u16BE_x10,2,5,5,115,7.62939453125e-05
xor,11,b,v1_ID09,per_identity,i16BE_x10,2,5,5,115,7.62939453125e-05
xor,12,b,v2_ID09,per_identity,u16LE_x10,2,5,5,284,7.62939453125e-05
xor,12,b,v2_ID09,per_identity,i16LE_x10,2,5,5,284,7.62939453125e-05
xor,32,b,v2_ID09,per_identity,bcd_swapped,2,5,5,103,7.62939453125e-05
xor,68,b,v1_ID09,per_identity,u16LE_x100,2,5,5,21,7.62939453125e-05
xor,68,b,v1_ID09,per_identity,i16LE_x100,2,5,5,21,7.62939453125e-05
xor,68,b,v1_ID09,per_identity,bcd_normal,2,5,5,175,7.62939453125e-05
xor,81,b,v1_ID09,per_identity,u16LE_x10,2,5,5,115,7.62939453125e-05
xor,81,b,v1_ID09,per_identity,i16LE_x10,2,5,5,115,7.62939453125e-05
xor,83,b,v2_ID09,per_identity,u16BE_x10,2,5,5,284,7.62939453125e-05
xor,83,b,v2_ID09,per_identity,i16BE_x10,2,5,5,284,7.62939453125e-05
xor,102,b,v1_ID09,per_identity,bcd_swapped,2,5,5,175,7.62939453125e-05
xor,156,b,v2_ID09,per_identity,u16BE_x10,2,5,5,134,7.62939453125e-05
xor,156,b,v2_ID09,per_identity,i16BE_x10,2,5,5,134,7.62939453125e-05
xor,192,b,v2_ID09,per_identity,u16BE_x100,2,5,5,87,7.62939453125e-05
xor,192,b,v2_ID09,per_identity,i16BE_x100,2,5,5,87,7.62939453125e-05
xor,193,b,v2_ID09,per_identity,u16LE_x100,2,5,5,87,7.62939453125e-05
xor,193,b,v2_ID09,per_identity,i16LE_x100,2,5,5,87,7.62939453125e-05
xor,195,b,v2_ID09,per_identity,u16LE_x10,2,5,5,134,7.62939453125e-05
xor,195,b,v2_ID09,per_identity,i16LE_x10,2,5,5,134,7.62939453125e-05
xor,204,b,v2_ID09,per_identity,u16LE_x100,2,5,5,11,7.62939453125e-05
xor,204,b,v2_ID09,per_identity,i16LE_x100,2,5,5,11,7.62939453125e-05
xor,205,b,v2_ID09,per_identity,u16BE_x100,2,5,5,11,7.62939453125e-05
xor,205,b,v2_ID09,per_identity,i16BE_x100,2,5,5,11,7.62939453125e-05
xor,214,b,v1_ID09,per_identity,bcd_normal,2,5,5,62,7.62939453125e-05
xor,230,b,v2_ID09,per_identity,u16LE_x100,2,5,5,48,7.62939453125e-05
xor,230,b,v2_ID09,per_identity,i16LE_x100,2,5,5,48,7.62939453125e-05
xor,231,b,v2_ID09,per_identity,u16BE_x100,2,5,5,48,7.62939453125e-05
xor,231,b,v2_ID09,per_identity,i16BE_x100,2,5,5,48,7.62939453125e-05
xor,238,b,v2_ID09,per_identity,u16LE_x100,2,5,5,63,7.62939453125e-05
xor,238,b,v2_ID09,per_identity,i16LE_x100,2,5,5,63,7.62939453125e-05
xor,238,b,v2_ID09,per_identity,u16BE_x100,2,5,5,104,7.62939453125e-05
xor,238,b,v2_ID09,per_identity,i16BE_x100,2,5,5,104,7.62939453125e-05
xor,239,b,v2_ID09,per_identity,u16LE_x100,2,5,5,104,7.62939453125e-05
xor,239,b,v2_ID09,per_identity,i16LE_x100,2,5,5,104,7.62939453125e-05
xor,239,b,v2_ID09,per_identity,u16BE_x100,2,5,5,63,7.62939453125e-05
xor,239,b,v2_ID09,per_identity,i16BE_x100,2,5,5,63,7.62939453125e-05
xor,244,b,v1_ID09,per_identity,bcd_swapped,2,5,5,62,7.62939453125e-05
xor,246,b,v2_ID09,per_identity,u16BE_x100,2,5,5,94,7.62939453125e-05
xor,246,b,v2_ID09,per_identity,i16BE_x100,2,5,5,94,7.62939453125e-05
xor,247,b,v2_ID09,per_identity,u16LE_x100,2,5,5,94,7.62939453125e-05
xor,247,b,v2_ID09,per_identity,i16LE_x100,2,5,5,94,7.62939453125e-05
xor,249,b,v2_ID09,per_identity,bcd_normal,2,5,5,309,7.62939453125e-05
xor,2,b,v2_ID03b,per_identity,u16BE_x1,2,8,8,5,0.0001220703125
xor,2,b,v2_ID03b,per_identity,i16BE_x1,2,8,8,5,0.0001220703125
xor,34,b,v2_ID03b,per_identity,u16LE_x100,2,8,8,36,0.0001220703125
xor,34,b,v2_ID03b,per_identity,bcd_swapped,2,8,8,220,0.0001220703125
xor,37,b,v2_ID03b,per_identity,u16BE_x100,2,8,8,36,0.0001220703125
xor,50,b,v2_ID03b,per_identity,u16LE_x100,2,8,8,284,0.0001220703125
xor,53,b,v2_ID03b,per_identity,u16BE_x100,2,8,8,284,0.0001220703125
xor,118,b,v1_ID03b,per_identity,bcd_normal,2,8,8,331,0.0001220703125
xor,128,b,v2_ID03b,per_identity,bcd_normal,2,8,8,315,0.0001220703125
xor,131,b,v1_ID03b,per_identity,bcd_normal,2,8,8,135,0.0001220703125
xor,135,b,v2_ID03b,per_identity,u16LE_x1,2,8,8,5,0.0001220703125
xor,135,b,v2_ID03b,per_identity,i16LE_x1,2,8,8,5,0.0001220703125
xor,145,b,v2_ID03b,per_identity,u16BE_x100,2,8,8,203,0.0001220703125
xor,150,b,v2_ID03b,per_identity,u16LE_x100,2,8,8,203,0.0001220703125
xor,182,b,v1_ID03b,per_identity,bcd_normal,2,8,8,79,0.0001220703125
xor,225,b,v2_ID03b,per_identity,bcd_swapped,2,8,8,234,0.0001220703125
nibble_swap,,b,v1_ID03b,per_identity,u16BE_x10,2,8,8,2,0.0001220703125
nibble_swap,,b,v1_ID03b,per_identity,i16BE_x10,2,8,8,2,0.0001220703125
xor,10,b,v2_ID06,per_identity,bcd_normal,2,8,8,215,0.0001220703125
xor,25,b,v1_ID06,per_identity,u16BE_x10,2,8,8,289,0.0001220703125
xor,25,b,v1_ID06,per_identity,i16BE_x10,2,8,8,289,0.0001220703125
xor,34,b,v1_ID06,per_identity,bcd_swapped,2,8,8,55,0.0001220703125
xor,34,b,v2_ID06,per_identity,bcd_normal,2,8,8,134,0.0001220703125
xor,48,b,v2_ID06,per_identity,bcd_swapped,2,8,8,374,0.0001220703125
xor,50,b,v2_ID06,per_identity,u16BE_x1,2,8,8,247,0.0001220703125
xor,50,b,v2_ID06,per_identity,i16BE_x1,2,8,8,247,0.0001220703125
xor,67,b,v2_ID06,per_identity,bcd_normal,2,8,8,50,0.0001220703125
xor,70,b,v2_ID06,per_identity,bcd_normal,2,8,8,144,0.0001220703125
xor,76,b,v2_ID06,per_identity,u16LE_x1,2,8,8,247,0.0001220703125
xor,76,b,v2_ID06,per_identity,i16LE_x1,2,8,8,247,0.0001220703125
xor,78,b,v2_ID06,per_identity,bcd_normal,2,8,8,39,0.0001220703125
xor,87,b,v2_ID06,per_identity,u16BE_x10,2,8,8,312,0.0001220703125
xor,87,b,v2_ID06,per_identity,i16BE_x10,2,8,8,312,0.0001220703125
xor,92,b,v2_ID06,per_identity,bcd_normal,2,8,8,19,0.0001220703125
xor,106,b,v1_ID06,per_identity,bcd_swapped,2,8,8,114,0.0001220703125
xor,122,b,v1_ID06,per_identity,bcd_swapped,2,8,8,72,0.0001220703125
xor,131,b,v2_ID06,per_identity,bcd_normal,2,8,8,148,0.0001220703125
xor,133,b,v1_ID06,per_identity,u16LE_x10,2,8,8,289,0.0001220703125
xor,133,b,v1_ID06,per_identity,i16LE_x10,2,8,8,289,0.0001220703125
xor,145,b,v1_ID06,per_identity,u16BE_x100,2,8,8,354,0.0001220703125
xor,170,b,v2_ID06,per_identity,bcd_swapped,2,8,8,218,0.0001220703125
xor,175,b,v2_ID06,per_identity,u16LE_x10,2,8,8,312,0.0001220703125
xor,175,b,v2_ID06,per_identity,i16LE_x10,2,8,8,312,0.0001220703125
xor,176,b,v2_ID06,per_identity,u16LE_x100,2,8,8,298,0.0001220703125
xor,177,b,v1_ID06,per_identity,bcd_normal,2,8,8,295,0.0001220703125
xor,179,b,v1_ID06,per_identity,bcd_normal,2,8,8,369,0.0001220703125
xor,180,b,v1_ID06,per_identity,u16LE_x100,2,8,8,354,0.0001220703125
xor,185,b,v2_ID06,per_identity,u16BE_x100,2,8,8,298,0.0001220703125
xor,210,b,v2_ID06,per_identity,bcd_normal,2,8,8,65,0.0001220703125
raw,,b,v1_ID10,per_identity,bcd_normal,1,9,9,46,0.03515625
raw,,b,v1_ID10,per_identity,bcd_swapped,1,9,9,51,0.03515625
xor,1,b,v1_ID10,per_identity,bcd_normal,1,9,9,5,0.03515625
xor,1,b,v1_ID10,per_identity,bcd_swapped,1,9,9,64,0.03515625
xor,2,b,v1_ID10,per_identity,bcd_normal,1,9,9,3,0.03515625
xor,4,b,v1_ID10,per_identity,bcd_swapped,1,9,9,52,0.03515625
xor,5,b,v1_ID10,per_identity,bcd_normal,1,9,9,21,0.03515625
xor,8,b,v1_ID10,per_identity,bcd_swapped,1,9,9,28,0.03515625
xor,9,b,v1_ID10,per_identity,bcd_normal,1,9,9,35,0.03515625
xor,11,b,v1_ID10,per_identity,bcd_normal,1,9,9,26,0.03515625
xor,11,b,v1_ID10,per_identity,bcd_swapped,1,9,9,11,0.03515625
xor,13,b,v1_ID10,per_identity,bcd_normal,1,9,9,34,0.03515625
xor,13,b,v1_ID10,per_identity,bcd_swapped,1,9,9,2,0.03515625
xor,24,b,v1_ID10,per_identity,bcd_normal,1,9,9,62,0.03515625
xor,24,b,v1_ID10,per_identity,bcd_swapped,1,9,9,23,0.03515625
xor,26,b,v1_ID10,per_identity,bcd_swapped,1,9,9,83,0.03515625
xor,27,b,v1_ID10,per_identity,bcd_swapped,1,9,9,40,0.03515625
xor,33,b,v1_ID10,per_identity,bcd_swapped,1,9,9,49,0.03515625
xor,34,b,v1_ID10,per_identity,bcd_normal,1,9,9,7,0.03515625
xor,36,b,v1_ID10,per_identity,bcd_swapped,1,9,9,81,0.03515625
xor,37,b,v1_ID10,per_identity,bcd_normal,1,9,9,70,0.03515625
xor,39,b,v1_ID10,per_identity,bcd_normal,1,9,9,41,0.03515625
xor,42,b,v1_ID10,per_identity,bcd_normal,1,9,9,27,0.03515625
xor,47,b,v1_ID10,per_identity,bcd_normal,1,9,9,12,0.03515625
xor,53,b,v1_ID10,per_identity,bcd_normal,1,9,9,65,0.03515625
xor,57,b,v1_ID10,per_identity,bcd_normal,1,9,9,30,0.03515625
xor,60,b,v1_ID10,per_identity,bcd_normal,1,9,9,77,0.03515625
xor,63,b,v1_ID10,per_identity,bcd_swapped,1,9,9,57,0.03515625
xor,67,b,v1_ID10,per_identity,bcd_swapped,1,9,9,24,0.03515625
xor,69,b,v1_ID10,per_identity,bcd_normal,1,9,9,58,0.03515625
xor,69,b,v1_ID10,per_identity,bcd_swapped,1,9,9,32,0.03515625
xor,70,b,v1_ID10,per_identity,bcd_normal,1,9,9,20,0.03515625
xor,72,b,v1_ID10,per_identity,bcd_swapped,1,9,9,82,0.03515625
xor,74,b,v1_ID10,per_identity,bcd_normal,1,9,9,56,0.03515625
xor,74,b,v1_ID10,per_identity,bcd_swapped,1,9,9,74,0.03515625
xor,77,b,v1_ID10,per_identity,bcd_normal,1,9,9,75,0.03515625
xor,79,b,v1_ID10,per_identity,bcd_swapped,1,9,9,88,0.03515625
xor,82,b,v1_ID10,per_identity,bcd_normal,1,9,9,10,0.03515625
xor,82,b,v1_ID10,per_identity,bcd_swapped,1,9,9,1,0.03515625
xor,84,b,v1_ID10,per_identity,bcd_swapped,1,9,9,79,0.03515625
xor,86,b,v1_ID10,per_identity,bcd_swapped,1,9,9,33,0.03515625
xor,88,b,v1_ID10,per_identity,bcd_swapped,1,9,9,13,0.03515625
xor,89,b,v1_ID10,per_identity,bcd_swapped,1,9,9,4,0.03515625
xor,91,b,v1_ID10,per_identity,bcd_swapped,1,9,9,50,0.03515625
xor,94,b,v1_ID10,per_identity,bcd_swapped,1,9,9,48,0.03515625
xor,95,b,v1_ID10,per_identity,bcd_swapped,1,9,9,39,0.03515625
xor,96,b,v1_ID10,per_identity,bcd_swapped,1,9,9,29,0.03515625
xor,97,b,v1_ID10,per_identity,bcd_normal,1,9,9,38,0.03515625
xor,97,b,v1_ID10,per_identity,bcd_swapped,1,9,9,61,0.03515625
xor,98,b,v1_ID10,per_identity,bcd_swapped,1,9,9,15,0.03515625
xor,101,b,v1_ID10,per_identity,bcd_swapped,1,9,9,16,0.03515625
xor,102,b,v1_ID10,per_identity,bcd_swapped,1,9,9,8,0.03515625
xor,106,b,v1_ID10,per_identity,bcd_swapped,1,9,9,37,0.03515625
xor,107,b,v1_ID10,per_identity,bcd_swapped,1,9,9,63,0.03515625
xor,110,b,v1_ID10,per_identity,bcd_swapped,1,9,9,25,0.03515625
xor,113,b,v1_ID10,per_identity,bcd_swapped,1,9,9,9,0.03515625
xor,115,b,v1_ID10,per_identity,bcd_normal,1,9,9,80,0.03515625
xor,119,b,v1_ID10,per_identity,bcd_normal,1,9,9,47,0.03515625
xor,120,b,v1_ID10,per_identity,bcd_swapped,1,9,9,53,0.03515625
xor,125,b,v1_ID10,per_identity,bcd_normal,1,9,9,6,0.03515625
xor,130,b,v1_ID10,per_identity,bcd_normal,1,9,9,39,0.03515625
xor,131,b,v1_ID10,per_identity,bcd_normal,1,9,9,48,0.03515625
xor,132,b,v1_ID10,per_identity,bcd_normal,1,9,9,4,0.03515625
xor,133,b,v1_ID10,per_identity,bcd_normal,1,9,9,13,0.03515625
xor,133,b,v2_ID10,per_identity,u16LE_x10,2,9,9,20,0.0001373291015625
xor,133,b,v2_ID10,per_identity,i16LE_x10,2,9,9,20,0.0001373291015625
xor,134,b,v1_ID10,per_identity,bcd_normal,1,9,9,50,0.03515625
xor,137,b,v1_ID10,per_identity,bcd_normal,1,9,9,79,0.03515625
xor,139,b,v1_ID10,per_identity,bcd_normal,1,9,9,33,0.03515625
xor,143,b,v1_ID10,per_identity,bcd_normal,1,9,9,1,0.03515625
xor,143,b,v1_ID10,per_identity,bcd_swapped,1,9,9,10,0.03515625
xor,144,b,v1_ID10,per_identity,bcd_swapped,1,9,9,75,0.03515625
xor,146,b,v1_ID10,per_identity,bcd_normal,1,9,9,88,0.03515625
xor,149,b,v1_ID10,per_identity,bcd_normal,1,9,9,82,0.03515625
xor,151,b,v1_ID10,per_identity,bcd_normal,1,9,9,74,0.03515625
xor,151,b,v1_ID10,per_identity,bcd_swapped,1,9,9,56,0.03515625
xor,152,b,v1_ID10,per_identity,bcd_normal,1,9,9,32,0.03515625
xor,152,b,v1_ID10,per_identity,bcd_swapped,1,9,9,58,0.03515625
xor,155,b,v1_ID10,per_identity,bcd_swapped,1,9,9,20,0.03515625
xor,158,b,v1_ID10,per_identity,bcd_normal,1,9,9,24,0.03515625
xor,160,b,v1_ID10,per_identity,bcd_swapped,1,9,9,6,0.03515625
xor,165,b,v1_ID10,per_identity,bcd_normal,1,9,9,53,0.03515625
xor,170,b,v1_ID10,per_identity,bcd_swapped,1,9,9,47,0.03515625
xor,172,b,v1_ID10,per_identity,bcd_normal,1,9,9,9,0.03515625
xor,174,b,v1_ID10,per_identity,bcd_swapped,1,9,9,80,0.03515625
xor,179,b,v1_ID10,per_identity,bcd_normal,1,9,9,25,0.03515625
xor,182,b,v1_ID10,per_identity,bcd_normal,1,9,9,63,0.03515625
xor,183,b,v1_ID10,per_identity,bcd_normal,1,9,9,37,0.03515625
xor,184,b,v1_ID10,per_identity,bcd_normal,1,9,9,16,0.03515625
xor,187,b,v1_ID10,per_identity,bcd_normal,1,9,9,8,0.03515625
xor,188,b,v1_ID10,per_identity,bcd_normal,1,9,9,61,0.03515625
xor,188,b,v1_ID10,per_identity,bcd_swapped,1,9,9,38,0.03515625
xor,189,b,v1_ID10,per_identity,bcd_normal,1,9,9,29,0.03515625
xor,191,b,v1_ID10,per_identity,bcd_normal,1,9,9,15,0.03515625
xor,197,b,v1_ID10,per_identity,bcd_normal,1,9,9,23,0.03515625
xor,197,b,v1_ID10,per_identity,bcd_swapped,1,9,9,62,0.03515625
xor,198,b,v1_ID10,per_identity,bcd_normal,1,9,9,40,0.03515625
xor,198,b,v2_ID10,per_identity,u16BE_x10,2,9,9,20,0.0001373291015625
xor,198,b,v2_ID10,per_identity,i16BE_x10,2,9,9,20,0.0001373291015625
xor,199,b,v1_ID10,per_identity,bcd_normal,1,9,9,83,0.03515625
xor,208,b,v1_ID10,per_identity,bcd_normal,1,9,9,2,0.03515625
xor,208,b,v1_ID10,per_identity,bcd_swapped,1,9,9,34,0.03515625
xor,211,b,v2_ID10,per_identity,bcd_swapped,2,9,9,20,0.0001373291015625
xor,212,b,v1_ID10,per_identity,bcd_swapped,1,9,9,35,0.03515625
xor,213,b,v1_ID10,per_identity,bcd_normal,1,9,9,28,0.03515625
xor,214,b,v1_ID10,per_identity,bcd_normal,1,9,9,11,0.03515625
xor,214,b,v1_ID10,per_identity,bcd_swapped,1,9,9,26,0.03515625
xor,216,b,v1_ID10,per_identity,bcd_swapped,1,9,9,21,0.03515625
xor,217,b,v1_ID10,per_identity,bcd_normal,1,9,9,52,0.03515625
xor,220,b,v1_ID10,per_identity,bcd_normal,1,9,9,64,0.03515625
xor,220,b,v1_ID10,per_identity,bcd_swapped,1,9,9,5,0.03515625
xor,221,b,v1_ID10,per_identity,bcd_normal,1,9,9,51,0.03515625
xor,221,b,v1_ID10,per_identity,bcd_swapped,1,9,9,46,0.03515625
xor,223,b,v1_ID10,per_identity,bcd_swapped,1,9,9,3,0.03515625
xor,225,b,v1_ID10,per_identity,bcd_swapped,1,9,9,77,0.03515625
xor,226,b,v1_ID10,per_identity,bcd_normal,1,9,9,57,0.03515625
xor,228,b,v1_ID10,per_identity,bcd_swapped,1,9,9,30,0.03515625
xor,232,b,v1_ID10,per_identity,bcd_swapped,1,9,9,65,0.03515625
xor,242,b,v1_ID10,per_identity,bcd_swapped,1,9,9,12,0.03515625
xor,247,b,v1_ID10,per_identity,bcd_swapped,1,9,9,27,0.03515625
xor,248,b,v1_ID10,per_identity,bcd_swapped,1,9,9,70,0.03515625
xor,249,b,v1_ID10,per_identity,bcd_normal,1,9,9,81,0.03515625
xor,250,b,v1_ID10,per_identity,bcd_swapped,1,9,9,41,0.03515625
xor,252,b,v1_ID10,per_identity,bcd_normal,1,9,9,49,0.03515625
xor,255,b,v1_ID10,per_identity,bcd_swapped,1,9,9,7,0.03515625
nibble_swap,,b,v1_ID10,per_identity,bcd_normal,1,9,9,51,0.03515625
nibble_swap,,b,v1_ID10,per_identity,bcd_swapped,1,9,9,46,0.03515625
bit_reverse,,b,v1_ID10,per_identity,u16LE_x1,2,9,9,12,0.0001373291015625
bit_reverse,,b,v1_ID10,per_identity,i16LE_x1,2,9,9,12,0.0001373291015625
xor,1,b,v2_ID04,per_identity,u16LE_x100,2,7,7,94,0.0001068115234375
xor,1,b,v2_ID04,per_identity,i16LE_x100,2,7,7,94,0.0001068115234375
xor,40,b,v1_ID04,per_identity,u16LE_x10,2,7,7,155,0.0001068115234375
xor,40,b,v1_ID04,per_identity,i16LE_x10,2,7,7,155,0.0001068115234375
xor,53,b,v2_ID04,per_identity,bcd_swapped,2,7,7,45,0.0001068115234375
xor,80,b,v2_ID04,per_identity,u16LE_x10,2,7,7,81,0.0001068115234375
xor,80,b,v2_ID04,per_identity,i16LE_x10,2,7,7,81,0.0001068115234375
xor,162,b,v2_ID04,per_identity,u16BE_x10,2,7,7,81,0.0001068115234375
xor,162,b,v2_ID04,per_identity,i16BE_x10,2,7,7,81,0.0001068115234375
xor,200,b,v1_ID04,per_identity,u16BE_x10,2,7,7,155,0.0001068115234375
xor,200,b,v1_ID04,per_identity,i16BE_x10,2,7,7,155,0.0001068115234375
xor,204,b,v2_ID04,per_identity,u16BE_x100,2,7,7,94,0.0001068115234375
xor,204,b,v2_ID04,per_identity,i16BE_x100,2,7,7,94,0.0001068115234375
xor,8,b,v1_ID01,per_identity,u16LE_x100,2,7,7,275,0.0001068115234375
xor,9,b,v1_ID01,per_identity,u16BE_x10,2,7,7,272,0.0001068115234375
xor,9,b,v1_ID01,per_identity,i16BE_x10,2,7,7,272,0.0001068115234375
xor,12,b,v1_ID01,per_identity,u16LE_x10,2,7,7,196,0.0001068115234375
xor,12,b,v1_ID01,per_identity,i16LE_x10,2,7,7,196,0.0001068115234375
xor,12,b,v1_ID01,per_identity,u16BE_x10,2,7,7,197,0.0001068115234375
xor,12,b,v1_ID01,per_identity,i16BE_x10,2,7,7,197,0.0001068115234375
xor,12,b,v1_ID01,per_identity,bcd_normal,2,7,7,196,0.0001068115234375
xor,12,b,v2_ID01,per_identity,u16LE_x10,2,7,7,412,0.0001068115234375
xor,12,b,v2_ID01,per_identity,i16LE_x10,2,7,7,412,0.0001068115234375
xor,19,b,v1_ID01,per_identity,u16BE_x1,2,7,7,323,0.0001068115234375
xor,19,b,v1_ID01,per_identity,i16BE_x1,2,7,7,323,0.0001068115234375
xor,22,b,v2_ID01,per_identity,u16LE_x100,2,7,7,174,0.0001068115234375
xor,22,b,v2_ID01,per_identity,i16LE_x100,2,7,7,174,0.0001068115234375
xor,24,b,v1_ID01,per_identity,u16LE_x10,2,7,7,197,0.0001068115234375
xor,24,b,v1_ID01,per_identity,i16LE_x10,2,7,7,197,0.0001068115234375
xor,24,b,v1_ID01,per_identity,u16BE_x10,2,7,7,196,0.0001068115234375
xor,24,b,v1_ID01,per_identity,i16BE_x10,2,7,7,196,0.0001068115234375
xor,24,b,v1_ID01,per_identity,bcd_normal,2,7,7,197,0.0001068115234375
xor,29,b,v1_ID01,per_identity,u16LE_x10,2,7,7,272,0.0001068115234375
xor,29,b,v1_ID01,per_identity,i16LE_x10,2,7,7,272,0.0001068115234375
xor,29,b,v1_ID01,per_identity,bcd_normal,2,7,7,272,0.0001068115234375
xor,43,b,v1_ID01,per_identity,u16LE_x1,2,7,7,93,0.0001068115234375
xor,43,b,v1_ID01,per_identity,i16LE_x1,2,7,7,93,0.0001068115234375
xor,56,b,v1_ID01,per_identity,u16LE_x100,2,7,7,201,0.0001068115234375
xor,57,b,v1_ID01,per_identity,bcd_swapped,2,7,7,298,0.0001068115234375
xor,76,b,v1_ID01,per_identity,u16LE_x10,2,7,7,334,0.0001068115234375
xor,76,b,v1_ID01,per_identity,i16LE_x10,2,7,7,334,0.0001068115234375
xor,76,b,v1_ID01,per_identity,bcd_normal,2,7,7,334,0.0001068115234375
xor,78,b,v2_ID01,per_identity,bcd_swapped,2,7,7,387,0.0001068115234375
xor,88,b,v1_ID01,per_identity,u16BE_x10,2,7,7,334,0.0001068115234375
xor,88,b,v1_ID01,per_identity,i16BE_x10,2,7,7,334,0.0001068115234375
xor,100,b,v1_ID01,per_identity,u16LE_x100,2,7,7,181,0.0001068115234375
xor,128,b,v1_ID01,per_identity,u16BE_x100,2,7,7,275,0.0001068115234375
xor,129,b,v1_ID01,per_identity,bcd_swapped,2,7,7,206,0.0001068115234375
xor,136,b,v1_ID01,per_identity,u16LE_x1,2,7,7,323,0.0001068115234375
xor,136,b,v1_ID01,per_identity,i16LE_x1,2,7,7,323,0.0001068115234375
xor,144,b,v1_ID01,per_identity,bcd_swapped,2,7,7,383,0.0001068115234375
xor,147,b,v2_ID01,per_identity,u16BE_x1,2,7,7,302,0.0001068115234375
xor,147,b,v2_ID01,per_identity,i16BE_x1,2,7,7,302,0.0001068115234375
xor,176,b,v1_ID01,per_identity,u16BE_x1,2,7,7,93,0.0001068115234375
xor,176,b,v1_ID01,per_identity,i16BE_x1,2,7,7,93,0.0001068115234375
xor,176,b,v1_ID01,per_identity,u16BE_x100,2,7,7,201,0.0001068115234375
xor,179,b,v2_ID01,per_identity,bcd_swapped,2,7,7,205,0.0001068115234375
xor,196,b,v1_ID01,per_identity,bcd_swapped,2,7,7,65,0.0001068115234375
xor,198,b,v2_ID01,per_identity,u16BE_x10,2,7,7,412,0.0001068115234375
xor,198,b,v2_ID01,per_identity,i16BE_x10,2,7,7,412,0.0001068115234375
xor,211,b,v2_ID01,per_identity,bcd_normal,2,7,7,326,0.0001068115234375
xor,213,b,v2_ID01,per_identity,u16LE_x1,2,7,7,302,0.0001068115234375
xor,213,b,v2_ID01,per_identity,i16LE_x1,2,7,7,302,0.0001068115234375
xor,213,b,v2_ID01,per_identity,u16BE_x100,2,7,7,174,0.0001068115234375
xor,213,b,v2_ID01,per_identity,i16BE_x100,2,7,7,174,0.0001068115234375
xor,236,b,v1_ID01,per_identity,u16BE_x100,2,7,7,181,0.0001068115234375
xor,251,b,v2_ID01,per_identity,bcd_swapped,2,7,7,117,0.0001068115234375
xor,20,b,v2_ID08,per_identity,u16BE_x100,2,9,9,101,0.0001373291015625
xor,20,b,v2_ID08,per_identity,i16BE_x100,2,9,9,101,0.0001373291015625
xor,47,b,v2_ID08,per_identity,u16LE_x1,2,9,9,52,0.0001373291015625
xor,47,b,v2_ID08,per_identity,i16LE_x1,2,9,9,52,0.0001373291015625
xor,52,b,v1_ID08,per_identity,u16LE_x1,2,9,9,60,0.0001373291015625
xor,52,b,v1_ID08,per_identity,i16LE_x1,2,9,9,60,0.0001373291015625
xor,91,b,v1_ID08,per_identity,u16BE_x1,2,9,9,60,0.0001373291015625
xor,91,b,v1_ID08,per_identity,i16BE_x1,2,9,9,60,0.0001373291015625
xor,93,b,v2_ID08,per_identity,u16BE_x1,2,9,9,52,0.0001373291015625
xor,93,b,v2_ID08,per_identity,i16BE_x1,2,9,9,52,0.0001373291015625
xor,152,b,v2_ID08,per_identity,u16BE_x10,2,9,9,21,0.0001373291015625
xor,152,b,v2_ID08,per_identity,i16BE_x10,2,9,9,21,0.0001373291015625
xor,165,b,v1_ID08,per_identity,u16LE_x1,2,9,9,72,0.0001373291015625
xor,165,b,v1_ID08,per_identity,i16LE_x1,2,9,9,72,0.0001373291015625
xor,176,b,v2_ID08,per_identity,u16LE_x100,2,9,9,101,0.0001373291015625
xor,176,b,v2_ID08,per_identity,i16LE_x100,2,9,9,101,0.0001373291015625
xor,202,b,v1_ID08,per_identity,u16BE_x1,2,9,9,72,0.0001373291015625
xor,202,b,v1_ID08,per_identity,i16BE_x1,2,9,9,72,0.0001373291015625
xor,232,b,v2_ID08,per_identity,u16LE_x10,2,9,9,21,0.0001373291015625
xor,232,b,v2_ID08,per_identity,i16LE_x10,2,9,9,21,0.0001373291015625
xor,3,b,v1_ID05,per_identity,bcd_normal,2,5,5,11,7.62939453125e-05
xor,7,b,v1_ID05,per_identity,bcd_normal,2,5,5,289,7.62939453125e-05
xor,16,b,v1_ID05,per_identity,bcd_normal,2,5,5,53,7.62939453125e-05
xor,16,b,v1_ID05,per_identity,bcd_swapped,2,5,5,280,7.62939453125e-05
xor,20,b,v1_ID05,per_identity,bcd_swapped,2,5,5,304,7.62939453125e-05
xor,26,b,v1_ID05,per_identity,bcd_swapped,2,5,5,25,7.62939453125e-05
xor,27,b,v1_ID05,per_identity,bcd_swapped,2,5,5,121,7.62939453125e-05
xor,35,b,v1_ID05,per_identity,bcd_normal,2,5,5,280,7.62939453125e-05
xor,35,b,v1_ID05,per_identity,bcd_swapped,2,5,5,53,7.62939453125e-05
xor,39,b,v1_ID05,per_identity,bcd_normal,2,5,5,304,7.62939453125e-05
xor,40,b,v1_ID05,per_identity,bcd_normal,2,5,5,121,7.62939453125e-05
xor,41,b,v1_ID05,per_identity,bcd_normal,2,5,5,25,7.62939453125e-05
xor,48,b,v1_ID05,per_identity,bcd_swapped,2,5,5,11,7.62939453125e-05
xor,52,b,v1_ID05,per_identity,bcd_swapped,2,5,5,289,7.62939453125e-05
xor,66,b,v1_ID05,per_identity,bcd_normal,2,5,5,197,7.62939453125e-05
xor,76,b,v1_ID05,per_identity,bcd_normal,2,5,5,18,7.62939453125e-05
xor,81,b,v2_ID05,per_identity,u16LE_x10,2,5,5,266,7.62939453125e-05
xor,81,b,v2_ID05,per_identity,i16LE_x10,2,5,5,266,7.62939453125e-05
xor,83,b,v1_ID05,per_identity,u16BE_x10,2,5,5,145,7.62939453125e-05
xor,83,b,v1_ID05,per_identity,i16BE_x10,2,5,5,145,7.62939453125e-05
xor,83,b,v1_ID05,per_identity,bcd_normal,2,5,5,282,7.62939453125e-05
xor,84,b,v1_ID05,per_identity,bcd_normal,2,5,5,211,7.62939453125e-05
xor,85,b,v1_ID05,per_identity,bcd_normal,2,5,5,30,7.62939453125e-05
xor,86,b,v1_ID05,per_identity,bcd_normal,2,5,5,262,7.62939453125e-05
xor,87,b,v1_ID05,per_identity,bcd_normal,2,5,5,270,7.62939453125e-05
xor,88,b,v1_ID05,per_identity,bcd_normal,2,5,5,35,7.62939453125e-05
xor,91,b,v1_ID05,per_identity,bcd_normal,2,5,5,143,7.62939453125e-05
xor,96,b,v1_ID05,per_identity,bcd_swapped,2,5,5,282,7.62939453125e-05
xor,96,b,v2_ID05,per_identity,bcd_swapped,2,5,5,296,7.62939453125e-05
xor,100,b,v1_ID05,per_identity,bcd_swapped,2,5,5,270,7.62939453125e-05
xor,101,b,v1_ID05,per_identity,bcd_swapped,2,5,5,262,7.62939453125e-05
xor,102,b,v1_ID05,per_identity,bcd_swapped,2,5,5,30,7.62939453125e-05
xor,103,b,v1_ID05,per_identity,bcd_swapped,2,5,5,211,7.62939453125e-05
xor,104,b,v1_ID05,per_identity,bcd_swapped,2,5,5,143,7.62939453125e-05
xor,107,b,v1_ID05,per_identity,bcd_swapped,2,5,5,35,7.62939453125e-05
xor,113,b,v1_ID05,per_identity,bcd_swapped,2,5,5,197,7.62939453125e-05
xor,127,b,v1_ID05,per_identity,bcd_swapped,2,5,5,18,7.62939453125e-05
xor,134,b,v1_ID05,per_identity,bcd_normal,2,5,5,146,7.62939453125e-05
xor,142,b,v1_ID05,per_identity,u16LE_x10,2,5,5,145,7.62939453125e-05
xor,142,b,v1_ID05,per_identity,i16LE_x10,2,5,5,145,7.62939453125e-05
xor,149,b,v1_ID05,per_identity,bcd_normal,2,5,5,229,7.62939453125e-05
xor,166,b,v1_ID05,per_identity,bcd_swapped,2,5,5,229,7.62939453125e-05
xor,181,b,v1_ID05,per_identity,bcd_swapped,2,5,5,146,7.62939453125e-05
xor,221,b,v2_ID05,per_identity,u16BE_x10,2,5,5,266,7.62939453125e-05
xor,221,b,v2_ID05,per_identity,i16BE_x10,2,5,5,266,7.62939453125e-05
xor,25,b,v1_ID03a,per_identity,u16BE_x10,2,4,4,122,6.103515625e-05
xor,25,b,v1_ID03a,per_identity,i16BE_x10,2,4,4,122,6.103515625e-05
xor,45,b,v1_ID03a,per_identity,u16LE_x10,2,4,4,18,6.103515625e-05
xor,45,b,v1_ID03a,per_identity,i16LE_x10,2,4,4,18,6.103515625e-05
xor,49,b,v2_ID03a,per_identity,bcd_swapped,2,4,4,302,6.103515625e-05
xor,72,b,v2_ID03a,per_identity,u16LE_x1,2,4,4,283,6.103515625e-05
xor,72,b,v2_ID03a,per_identity,i16LE_x1,2,4,4,283,6.103515625e-05
xor,81,b,v2_ID03a,per_identity,u16BE_x100,2,4,4,56,6.103515625e-05
xor,81,b,v2_ID03a,per_identity,i16BE_x100,2,4,4,56,6.103515625e-05
xor,129,b,v2_ID03a,per_identity,u16LE_x10,2,4,4,254,6.103515625e-05
xor,129,b,v2_ID03a,per_identity,i16LE_x10,2,4,4,254,6.103515625e-05
xor,156,b,v2_ID03a,per_identity,u16BE_x1,2,4,4,283,6.103515625e-05
xor,156,b,v2_ID03a,per_identity,i16BE_x1,2,4,4,283,6.103515625e-05
xor,193,b,v2_ID03a,per_identity,u16BE_x10,2,4,4,254,6.103515625e-05
xor,193,b,v2_ID03a,per_identity,i16BE_x10,2,4,4,254,6.103515625e-05
xor,198,b,v1_ID03a,per_identity,u16BE_x10,2,4,4,18,6.103515625e-05
xor,198,b,v1_ID03a,per_identity,i16BE_x10,2,4,4,18,6.103515625e-05
xor,211,b,v2_ID03a,per_identity,u16LE_x100,2,4,4,56,6.103515625e-05
xor,211,b,v2_ID03a,per_identity,i16LE_x100,2,4,4,56,6.103515625e-05
xor,223,b,v1_ID03a,per_identity,bcd_normal,2,4,4,159,6.103515625e-05
xor,242,b,v1_ID03a,per_identity,u16LE_x10,2,4,4,122,6.103515625e-05
xor,242,b,v1_ID03a,per_identity,i16LE_x10,2,4,4,122,6.103515625e-05
raw,,a,global_sentinel_a,global,u16BE_x1,2,1,1,16777,0.26873779296875
raw,,a,global_sentinel_a,global,i16BE_x1,2,1,1,16777,0.26873779296875
raw,,a,global_sentinel_a,global,u16LE_x10,2,1,1,17352,0.26873779296875
raw,,a,global_sentinel_a,global,i16LE_x10,2,1,1,17352,0.26873779296875
xor,1,a,global_sentinel_a,global,u16BE_x1,2,3,1,-1,0.26873779296875
xor,1,a,global_sentinel_a,global,i16BE_x1,2,3,1,-1,0.26873779296875
xor,1,a,global_sentinel_a,global,u16LE_x100,2,3,1,-1,0.26873779296875
xor,1,a,global_sentinel_a,global,i16LE_x100,2,3,1,-1,0.26873779296875
xor,2,a,global_sentinel_a,global,u16LE_x1,2,3,1,-1,0.26873779296875
xor,2,a,global_sentinel_a,global,i16LE_x1,2,3,1,-1,0.26873779296875
xor,3,a,global_sentinel_a,global,u16LE_x1,2,1,1,16777,0.26873779296875
xor,3,a,global_sentinel_a,global,i16LE_x1,2,1,1,16777,0.26873779296875
xor,4,a,global_sentinel_a,global,u16LE_x1,2,6,1,-1,0.26873779296875
xor,4,a,global_sentinel_a,global,i16LE_x1,2,6,1,-1,0.26873779296875
xor,4,a,global_sentinel_a,global,u16LE_x10,2,3,1,-1,0.26873779296875
xor,4,a,global_sentinel_a,global,i16LE_x10,2,3,1,-1,0.26873779296875
xor,5,a,global_sentinel_a,global,u16BE_x1,2,4,1,-1,0.26873779296875
xor,5,a,global_sentinel_a,global,i16BE_x1,2,4,1,-1,0.26873779296875
xor,6,a,global_sentinel_a,global,u16LE_x1,2,4,1,-1,0.26873779296875
xor,6,a,global_sentinel_a,global,i16LE_x1,2,4,1,-1,0.26873779296875
xor,7,a,global_sentinel_a,global,u16BE_x1,2,6,1,-1,0.26873779296875
xor,7,a,global_sentinel_a,global,i16BE_x1,2,6,1,-1,0.26873779296875
xor,8,a,global_sentinel_a,global,u16LE_x1,2,10,1,-1,0.26873779296875
xor,8,a,global_sentinel_a,global,i16LE_x1,2,10,1,-1,0.26873779296875
xor,9,a,global_sentinel_a,global,u16BE_x1,2,7,1,-1,0.26873779296875
xor,9,a,global_sentinel_a,global,i16BE_x1,2,7,1,-1,0.26873779296875
xor,9,a,global_sentinel_a,global,u16LE_x100,2,4,1,-1,0.26873779296875
xor,9,a,global_sentinel_a,global,i16LE_x100,2,4,1,-1,0.26873779296875
xor,10,a,global_sentinel_a,global,u16LE_x1,2,7,1,-1,0.26873779296875
xor,10,a,global_sentinel_a,global,i16LE_x1,2,7,1,-1,0.26873779296875
xor,10,a,global_sentinel_a,global,u16LE_x10,2,1,1,6847,0.26873779296875
xor,10,a,global_sentinel_a,global,i16LE_x10,2,1,1,6847,0.26873779296875
xor,10,a,global_sentinel_a,global,u16LE_x100,2,16,1,-1,0.26873779296875
xor,10,a,global_sentinel_a,global,i16LE_x100,2,16,1,-1,0.26873779296875
xor,10,a,global_sentinel_a,global,u16BE_x100,2,3,1,-1,0.26873779296875
xor,10,a,global_sentinel_a,global,i16BE_x100,2,3,1,-1,0.26873779296875
xor,11,a,global_sentinel_a,global,u16BE_x1,2,10,1,-1,0.26873779296875
xor,11,a,global_sentinel_a,global,i16BE_x1,2,10,1,-1,0.26873779296875
xor,11,a,global_sentinel_a,global,u16LE_x10,2,1,1,3860,0.26873779296875
xor,11,a,global_sentinel_a,global,i16LE_x10,2,1,1,3860,0.26873779296875
xor,11,a,global_sentinel_a,global,u16LE_x100,2,2,1,-1,0.26873779296875
xor,11,a,global_sentinel_a,global,i16LE_x100,2,2,1,-1,0.26873779296875
xor,13,a,global_sentinel_a,global,u16BE_x10,2,1,1,1848,0.26873779296875
xor,13,a,global_sentinel_a,global,i16BE_x10,2,1,1,1848,0.26873779296875
xor,14,a,global_sentinel_a,global,u16BE_x100,2,1,1,15460,0.26873779296875
xor,14,a,global_sentinel_a,global,i16BE_x100,2,1,1,15460,0.26873779296875
xor,15,a,global_sentinel_a,global,u16LE_x100,2,1,1,4551,0.26873779296875
xor,15,a,global_sentinel_a,global,i16LE_x100,2,1,1,4551,0.26873779296875
xor,16,a,global_sentinel_a,global,u16LE_x1,2,6,1,-1,0.26873779296875
xor,16,a,global_sentinel_a,global,i16LE_x1,2,6,1,-1,0.26873779296875
xor,16,a,global_sentinel_a,global,u16BE_x100,2,4,1,-1,0.26873779296875
xor,16,a,global_sentinel_a,global,i16BE_x100,2,4,1,-1,0.26873779296875
xor,17,a,global_sentinel_a,global,u16LE_x1,2,1,1,746,0.26873779296875
xor,17,a,global_sentinel_a,global,i16LE_x1,2,1,1,746,0.26873779296875
xor,17,a,global_sentinel_a,global,u16BE_x1,2,5,1,-1,0.26873779296875
xor,17,a,global_sentinel_a,global,i16BE_x1,2,5,1,-1,0.26873779296875
xor,17,a,global_sentinel_a,global,u16LE_x10,2,1,1,1848,0.26873779296875
xor,17,a,global_sentinel_a,global,i16LE_x10,2,1,1,1848,0.26873779296875
xor,18,a,global_sentinel_a,global,u16LE_x1,2,5,1,-1,0.26873779296875
xor,18,a,global_sentinel_a,global,i16LE_x1,2,5,1,-1,0.26873779296875
xor,18,a,global_sentinel_a,global,u16BE_x1,2,1,1,746,0.26873779296875
xor,18,a,global_sentinel_a,global,i16BE_x1,2,1,1,746,0.26873779296875
xor,18,a,global_sentinel_a,global,u16BE_x100,2,2,1,-1,0.26873779296875
xor,18,a,global_sentinel_a,global,i16BE_x100,2,2,1,-1,0.26873779296875
xor,19,a,global_sentinel_a,global,u16BE_x1,2,6,1,-1,0.26873779296875
xor,19,a,global_sentinel_a,global,i16BE_x1,2,6,1,-1,0.26873779296875
xor,19,a,global_sentinel_a,global,u16LE_x100,2,3,1,-1,0.26873779296875
xor,19,a,global_sentinel_a,global,i16LE_x100,2,3,1,-1,0.26873779296875
xor,19,a,global_sentinel_a,global,u16BE_x100,2,16,1,-1,0.26873779296875
xor,19,a,global_sentinel_a,global,i16BE_x100,2,16,1,-1,0.26873779296875
xor,20,a,global_sentinel_a,global,u16LE_x1,2,1,1,6444,0.26873779296875
xor,20,a,global_sentinel_a,global,i16LE_x1,2,1,1,6444,0.26873779296875
xor,21,a,global_sentinel_a,global,u16BE_x1,2,8,1,-1,0.26873779296875
xor,21,a,global_sentinel_a,global,i16BE_x1,2,8,1,-1,0.26873779296875
xor,22,a,global_sentinel_a,global,u16LE_x1,2,8,1,-1,0.26873779296875
xor,22,a,global_sentinel_a,global,i16LE_x1,2,8,1,-1,0.26873779296875
xor,22,a,global_sentinel_a,global,u16BE_x10,2,1,1,6847,0.26873779296875
xor,22,a,global_sentinel_a,global,i16BE_x10,2,1,1,6847,0.26873779296875
xor,22,a,global_sentinel_a,global,u16BE_x100,2,1,1,4551,0.26873779296875
xor,22,a,global_sentinel_a,global,i16BE_x100,2,1,1,4551,0.26873779296875
xor,23,a,global_sentinel_a,global,u16BE_x1,2,1,1,6444,0.26873779296875
xor,23,a,global_sentinel_a,global,i16BE_x1,2,1,1,6444,0.26873779296875
xor,23,a,global_sentinel_a,global,u16BE_x10,2,1,1,3860,0.26873779296875
xor,23,a,global_sentinel_a,global,i16BE_x10,2,1,1,3860,0.26873779296875
xor,23,a,global_sentinel_a,global,u16LE_x100,2,1,1,15460,0.26873779296875
xor,23,a,global_sentinel_a,global,i16LE_x100,2,1,1,15460,0.26873779296875
xor,24,a,global_sentinel_a,global,u16BE_x10,2,3,1,-1,0.26873779296875
xor,24,a,global_sentinel_a,global,i16BE_x10,2,3,1,-1,0.26873779296875
xor,24,a,global_sentinel_a,global,u16BE_x100,2,3,1,-1,0.26873779296875
xor,24,a,global_sentinel_a,global,i16BE_x100,2,3,1,-1,0.26873779296875
xor,28,a,global_sentinel_a,global,u16BE_x10,2,1,1,17352,0.26873779296875
xor,28,a,global_sentinel_a,global,i16BE_x10,2,1,1,17352,0.26873779296875
xor,32,a,global_sentinel_a,global,u16LE_x1,2,5,1,-1,0.26873779296875
xor,32,a,global_sentinel_a,global,i16LE_x1,2,5,1,-1,0.26873779296875
xor,33,a,global_sentinel_a,global,u16BE_x1,2,10,1,-1,0.26873779296875
xor,33,a,global_sentinel_a,global,i16BE_x1,2,10,1,-1,0.26873779296875
xor,34,a,global_sentinel_a,global,u16LE_x1,2,10,1,-1,0.26873779296875
xor,34,a,global_sentinel_a,global,i16LE_x1,2,10,1,-1,0.26873779296875
xor,35,a,global_sentinel_a,global,u16BE_x1,2,5,1,-1,0.26873779296875
xor,35,a,global_sentinel_a,global,i16BE_x1,2,5,1,-1,0.26873779296875
xor,36,a,global_sentinel_a,global,u16LE_x1,2,1,1,207,0.26873779296875
xor,36,a,global_sentinel_a,global,i16LE_x1,2,1,1,207,0.26873779296875
xor,36,a,global_sentinel_a,global,u16LE_x10,2,3,1,-1,0.26873779296875
xor,36,a,global_sentinel_a,global,i16LE_x10,2,3,1,-1,0.26873779296875
xor,37,a,global_sentinel_a,global,u16LE_x1,2,1,1,12602,0.26873779296875
xor,37,a,global_sentinel_a,global,i16LE_x1,2,1,1,12602,0.26873779296875
xor,38,a,global_sentinel_a,global,u16BE_x1,2,1,1,12602,0.26873779296875
xor,38,a,global_sentinel_a,global,i16BE_x1,2,1,1,12602,0.26873779296875
xor,39,a,global_sentinel_a,global,u16BE_x1,2,1,1,207,0.26873779296875
xor,39,a,global_sentinel_a,global,i16BE_x1,2,1,1,207,0.26873779296875
xor,40,a,global_sentinel_a,global,u16LE_x1,2,3,1,-1,0.26873779296875
xor,40,a,global_sentinel_a,global,i16LE_x1,2,3,1,-1,0.26873779296875
xor,40,a,global_sentinel_a,global,u16LE_x10,2,1,1,13301,0.26873779296875
xor,40,a,global_sentinel_a,global,i16LE_x10,2,1,1,13301,0.26873779296875
xor,40,a,global_sentinel_a,global,u16BE_x10,2,12,1,-1,0.26873779296875
xor,40,a,global_sentinel_a,global,i16BE_x10,2,12,1,-1,0.26873779296875
xor,41,a,global_sentinel_a,global,u16LE_x100,2,1,1,15665,0.26873779296875
xor,41,a,global_sentinel_a,global,i16LE_x100,2,1,1,15665,0.26873779296875
xor,43,a,global_sentinel_a,global,u16BE_x1,2,3,1,-1,0.26873779296875
xor,43,a,global_sentinel_a,global,i16BE_x1,2,3,1,-1,0.26873779296875
xor,43,a,global_sentinel_a,global,u16BE_x100,2,1,1,80,0.26873779296875
xor,43,a,global_sentinel_a,global,i16BE_x100,2,1,1,80,0.26873779296875
xor,44,a,global_sentinel_a,global,u16LE_x1,2,1,1,1679,0.26873779296875
xor,44,a,global_sentinel_a,global,i16LE_x1,2,1,1,1679,0.26873779296875
xor,45,a,global_sentinel_a,global,u16BE_x1,2,3,1,-1,0.26873779296875
xor,45,a,global_sentinel_a,global,i16BE_x1,2,3,1,-1,0.26873779296875
xor,46,a,global_sentinel_a,global,u16LE_x1,2,3,1,-1,0.26873779296875
xor,46,a,global_sentinel_a,global,i16LE_x1,2,3,1,-1,0.26873779296875
xor,47,a,global_sentinel_a,global,u16BE_x1,2,1,1,1679,0.26873779296875
xor,47,a,global_sentinel_a,global,i16BE_x1,2,1,1,1679,0.26873779296875
xor,47,a,global_sentinel_a,global,u16BE_x100,2,2,1,-1,0.26873779296875
xor,47,a,global_sentinel_a,global,i16BE_x100,2,2,1,-1,0.26873779296875
xor,48,a,global_sentinel_a,global,u16LE_x1,2,6,1,-1,0.26873779296875
xor,48,a,global_sentinel_a,global,i16LE_x1,2,6,1,-1,0.26873779296875
xor,48,a,global_sentinel_a,global,u16BE_x100,2,1,1,15665,0.26873779296875
xor,48,a,global_sentinel_a,global,i16BE_x100,2,1,1,15665,0.26873779296875
xor,50,a,global_sentinel_a,global,u16LE_x100,2,1,1,80,0.26873779296875
xor,50,a,global_sentinel_a,global,i16LE_x100,2,1,1,80,0.26873779296875
xor,51,a,global_sentinel_a,global,u16BE_x1,2,6,1,-1,0.26873779296875
xor,51,a,global_sentinel_a,global,i16BE_x1,2,6,1,-1,0.26873779296875
xor,52,a,global_sentinel_a,global,u16LE_x1,2,17,1,-1,0.26873779296875
xor,52,a,global_sentinel_a,global,i16LE_x1,2,17,1,-1,0.26873779296875
xor,52,a,global_sentinel_a,global,u16LE_x10,2,12,1,-1,0.26873779296875
xor,52,a,global_sentinel_a,global,i16LE_x10,2,12,1,-1,0.26873779296875
xor,52,a,global_sentinel_a,global,u16BE_x10,2,1,1,13301,0.26873779296875
xor,52,a,global_sentinel_a,global,i16BE_x10,2,1,1,13301,0.26873779296875
xor,53,a,global_sentinel_a,global,u16BE_x1,2,6,1,-1,0.26873779296875
xor,53,a,global_sentinel_a,global,i16BE_x1,2,6,1,-1,0.26873779296875
xor,54,a,global_sentinel_a,global,u16LE_x1,2,6,1,-1,0.26873779296875
xor,54,a,global_sentinel_a,global,i16LE_x1,2,6,1,-1,0.26873779296875
xor,54,a,global_sentinel_a,global,u16LE_x100,2,2,1,-1,0.26873779296875
xor,54,a,global_sentinel_a,global,i16LE_x100,2,2,1,-1,0.26873779296875
xor,55,a,global_sentinel_a,global,u16BE_x1,2,17,1,-1,0.26873779296875
xor,55,a,global_sentinel_a,global,i16BE_x1,2,17,1,-1,0.26873779296875
xor,56,a,global_sentinel_a,global,u16LE_x1,2,1,1,17309,0.26873779296875
xor,56,a,global_sentinel_a,global,i16LE_x1,2,1,1,17309,0.26873779296875
xor,56,a,global_sentinel_a,global,u16BE_x10,2,3,1,-1,0.26873779296875
xor,56,a,global_sentinel_a,global,i16BE_x10,2,3,1,-1,0.26873779296875
xor,59,a,global_sentinel_a,global,u16BE_x1,2,1,1,17309,0.26873779296875
xor,59,a,global_sentinel_a,global,i16BE_x1,2,1,1,17309,0.26873779296875
xor,60,a,global_sentinel_a,global,u16LE_x1,2,6,1,-1,0.26873779296875
xor,60,a,global_sentinel_a,global,i16LE_x1,2,6,1,-1,0.26873779296875
xor,63,a,global_sentinel_a,global,u16BE_x1,2,6,1,-1,0.26873779296875
xor,63,a,global_sentinel_a,global,i16BE_x1,2,6,1,-1,0.26873779296875
xor,64,a,global_sentinel_a,global,u16LE_x1,2,3,1,-1,0.26873779296875
xor,64,a,global_sentinel_a,global,i16LE_x1,2,3,1,-1,0.26873779296875
xor,65,a,global_sentinel_a,global,u16BE_x1,2,3,1,-1,0.26873779296875
xor,65,a,global_sentinel_a,global,i16BE_x1,2,3,1,-1,0.26873779296875
xor,66,a,global_sentinel_a,global,u16LE_x1,2,3,1,-1,0.26873779296875
xor,66,a,global_sentinel_a,global,i16LE_x1,2,3,1,-1,0.26873779296875
xor,67,a,global_sentinel_a,global,u16BE_x1,2,3,1,-1,0.26873779296875
xor,67,a,global_sentinel_a,global,i16BE_x1,2,3,1,-1,0.26873779296875
xor,67,a,global_sentinel_a,global,u16LE_x100,2,3,1,-1,0.26873779296875
xor,67,a,global_sentinel_a,global,i16LE_x100,2,3,1,-1,0.26873779296875
xor,67,a,global_sentinel_a,global,u16BE_x100,2,5,1,-1,0.26873779296875
xor,67,a,global_sentinel_a,global,i16BE_x100,2,5,1,-1,0.26873779296875
xor,68,a,global_sentinel_a,global,u16LE_x1,2,3,1,-1,0.26873779296875
xor,68,a,global_sentinel_a,global,i16LE_x1,2,3,1,-1,0.26873779296875
xor,68,a,global_sentinel_a,global,u16LE_x100,2,1,1,10676,0.26873779296875
xor,68,a,global_sentinel_a,global,i16LE_x100,2,1,1,10676,0.26873779296875
xor,68,a,global_sentinel_a,global,u16BE_x100,2,1,1,290,0.26873779296875
xor,68,a,global_sentinel_a,global,i16BE_x100,2,1,1,290,0.26873779296875
xor,69,a,global_sentinel_a,global,u16BE_x1,2,6,1,-1,0.26873779296875
xor,69,a,global_sentinel_a,global,i16BE_x1,2,6,1,-1,0.26873779296875
xor,70,a,global_sentinel_a,global,u16LE_x1,2,6,1,-1,0.26873779296875
xor,70,a,global_sentinel_a,global,i16LE_x1,2,6,1,-1,0.26873779296875
xor,71,a,global_sentinel_a,global,u16BE_x1,2,3,1,-1,0.26873779296875
xor,71,a,global_sentinel_a,global,i16BE_x1,2,3,1,-1,0.26873779296875
xor,73,a,global_sentinel_a,global,u16LE_x1,2,4,1,-1,0.26873779296875
xor,73,a,global_sentinel_a,global,i16LE_x1,2,4,1,-1,0.26873779296875
xor,73,a,global_sentinel_a,global,u16BE_x1,2,3,1,-1,0.26873779296875
xor,73,a,global_sentinel_a,global,i16BE_x1,2,3,1,-1,0.26873779296875
xor,74,a,global_sentinel_a,global,u16LE_x1,2,3,1,-1,0.26873779296875
xor,74,a,global_sentinel_a,global,i16LE_x1,2,3,1,-1,0.26873779296875
xor,74,a,global_sentinel_a,global,u16BE_x1,2,4,1,-1,0.26873779296875
xor,74,a,global_sentinel_a,global,i16BE_x1,2,4,1,-1,0.26873779296875
xor,74,a,global_sentinel_a,global,u16LE_x10,2,4,1,-1,0.26873779296875
xor,74,a,global_sentinel_a,global,i16LE_x10,2,4,1,-1,0.26873779296875
xor,76,a,global_sentinel_a,global,u16LE_x1,2,3,1,-1,0.26873779296875
xor,76,a,global_sentinel_a,global,i16LE_x1,2,3,1,-1,0.26873779296875
xor,77,a,global_sentinel_a,global,u16BE_x1,2,1,1,15465,0.26873779296875
xor,77,a,global_sentinel_a,global,i16BE_x1,2,1,1,15465,0.26873779296875
xor,78,a,global_sentinel_a,global,u16LE_x1,2,1,1,15465,0.26873779296875
xor,78,a,global_sentinel_a,global,i16LE_x1,2,1,1,15465,0.26873779296875
xor,79,a,global_sentinel_a,global,u16BE_x1,2,3,1,-1,0.26873779296875
xor,79,a,global_sentinel_a,global,i16BE_x1,2,3,1,-1,0.26873779296875
xor,79,a,global_sentinel_a,global,u16LE_x100,2,1,1,994,0.26873779296875
xor,79,a,global_sentinel_a,global,i16LE_x100,2,1,1,994,0.26873779296875
xor,84,a,global_sentinel_a,global,u16LE_x1,2,20,1,-1,0.26873779296875
xor,84,a,global_sentinel_a,global,i16LE_x1,2,20,1,-1,0.26873779296875
xor,85,a,global_sentinel_a,global,u16BE_x1,2,8,1,-1,0.26873779296875
xor,85,a,global_sentinel_a,global,i16BE_x1,2,8,1,-1,0.26873779296875
xor,86,a,global_sentinel_a,global,u16LE_x1,2,8,1,-1,0.26873779296875
xor,86,a,global_sentinel_a,global,i16LE_x1,2,8,1,-1,0.26873779296875
xor,86,a,global_sentinel_a,global,u32LE_x1,4,5,1,-1,4.100147634744644e-06
xor,86,a,global_sentinel_a,global,i32LE_x1,4,5,1,-1,4.100147634744644e-06
xor,86,a,global_sentinel_a,global,u16BE_x10,2,4,1,-1,0.26873779296875
xor,86,a,global_sentinel_a,global,i16BE_x10,2,4,1,-1,0.26873779296875
xor,86,a,global_sentinel_a,global,u16BE_x100,2,1,1,994,0.26873779296875
xor,86,a,global_sentinel_a,global,i16BE_x100,2,1,1,994,0.26873779296875
xor,87,a,global_sentinel_a,global,u16BE_x1,2,20,1,-1,0.26873779296875
xor,87,a,global_sentinel_a,global,i16BE_x1,2,20,1,-1,0.26873779296875
xor,88,a,global_sentinel_a,global,u16LE_x1,2,10,1,-1,0.26873779296875
xor,88,a,global_sentinel_a,global,i16LE_x1,2,10,1,-1,0.26873779296875
xor,89,a,global_sentinel_a,global,u16LE_x1,2,4,1,-1,0.26873779296875
xor,89,a,global_sentinel_a,global,i16LE_x1,2,4,1,-1,0.26873779296875
xor,89,a,global_sentinel_a,global,u16BE_x1,2,21,1,-1,0.26873779296875
xor,89,a,global_sentinel_a,global,i16BE_x1,2,21,1,-1,0.26873779296875
xor,90,a,global_sentinel_a,global,u16LE_x1,2,21,1,-1,0.26873779296875
xor,90,a,global_sentinel_a,global,i16LE_x1,2,21,1,-1,0.26873779296875
xor,90,a,global_sentinel_a,global,u16BE_x1,2,4,1,-1,0.26873779296875
xor,90,a,global_sentinel_a,global,i16BE_x1,2,4,1,-1,0.26873779296875
xor,90,a,global_sentinel_a,global,u32LE_x1,4,3,1,-1,4.100147634744644e-06
xor,90,a,global_sentinel_a,global,i32LE_x1,4,3,1,-1,4.100147634744644e-06
xor,90,a,global_sentinel_a,global,u16LE_x100,2,5,1,-1,0.26873779296875
xor,90,a,global_sentinel_a,global,i16LE_x100,2,5,1,-1,0.26873779296875
xor,90,a,global_sentinel_a,global,u16BE_x100,2,3,1,-1,0.26873779296875
xor,90,a,global_sentinel_a,global,i16BE_x100,2,3,1,-1,0.26873779296875
xor,91,a,global_sentinel_a,global,u16BE_x1,2,10,1,-1,0.26873779296875
xor,91,a,global_sentinel_a,global,i16BE_x1,2,10,1,-1,0.26873779296875
xor,93,a,global_sentinel_a,global,u16BE_x1,2,18,1,-1,0.26873779296875
xor,93,a,global_sentinel_a,global,i16BE_x1,2,18,1,-1,0.26873779296875
xor,93,a,global_sentinel_a,global,u16LE_x100,2,1,1,290,0.26873779296875
xor,93,a,global_sentinel_a,global,i16LE_x100,2,1,1,290,0.26873779296875
xor,93,a,global_sentinel_a,global,u16BE_x100,2,1,1,10676,0.26873779296875
xor,93,a,global_sentinel_a,global,i16BE_x100,2,1,1,10676,0.26873779296875
xor,94,a,global_sentinel_a,global,u16LE_x1,2,18,1,-1,0.26873779296875
xor,94,a,global_sentinel_a,global,i16LE_x1,2,18,1,-1,0.26873779296875
xor,96,a,global_sentinel_a,global,u16LE_x1,2,6,1,-1,0.26873779296875
xor,96,a,global_sentinel_a,global,i16LE_x1,2,6,1,-1,0.26873779296875
xor,97,a,global_sentinel_a,global,u16LE_x1,2,1,1,17511,0.26873779296875
xor,97,a,global_sentinel_a,global,i16LE_x1,2,1,1,17511,0.26873779296875
xor,97,a,global_sentinel_a,global,u16BE_x1,2,12,1,-1,0.26873779296875
xor,97,a,global_sentinel_a,global,i16BE_x1,2,12,1,-1,0.26873779296875
xor,98,a,global_sentinel_a,global,u16LE_x1,2,12,1,-1,0.26873779296875
xor,98,a,global_sentinel_a,global,i16LE_x1,2,12,1,-1,0.26873779296875
xor,98,a,global_sentinel_a,global,u16BE_x1,2,1,1,17511,0.26873779296875
xor,98,a,global_sentinel_a,global,i16BE_x1,2,1,1,17511,0.26873779296875
xor,99,a,global_sentinel_a,global,u16BE_x1,2,6,1,-1,0.26873779296875
xor,99,a,global_sentinel_a,global,i16BE_x1,2,6,1,-1,0.26873779296875
xor,100,a,global_sentinel_a,global,u16LE_x1,2,3,1,-1,0.26873779296875
xor,100,a,global_sentinel_a,global,i16LE_x1,2,3,1,-1,0.26873779296875
xor,100,a,global_sentinel_a,global,u16BE_x1,2,1,1,15741,0.26873779296875
xor,100,a,global_sentinel_a,global,i16BE_x1,2,1,1,15741,0.26873779296875
xor,100,a,global_sentinel_a,global,u16BE_x10,2,1,1,570,0.26873779296875
xor,100,a,global_sentinel_a,global,i16BE_x10,2,1,1,570,0.26873779296875
xor,101,a,global_sentinel_a,global,u16BE_x10,2,1,1,17168,0.26873779296875
xor,101,a,global_sentinel_a,global,i16BE_x10,2,1,1,17168,0.26873779296875
xor,102,a,global_sentinel_a,global,u16BE_x10,2,1,1,1266,0.26873779296875
xor,102,a,global_sentinel_a,global,i16BE_x10,2,1,1,1266,0.26873779296875
xor,103,a,global_sentinel_a,global,u16LE_x1,2,1,1,15741,0.26873779296875
xor,103,a,global_sentinel_a,global,i16LE_x1,2,1,1,15741,0.26873779296875
xor,103,a,global_sentinel_a,global,u16BE_x1,2,3,1,-1,0.26873779296875
xor,103,a,global_sentinel_a,global,i16BE_x1,2,3,1,-1,0.26873779296875
xor,105,a,global_sentinel_a,global,u16BE_x1,2,6,1,-1,0.26873779296875
xor,105,a,global_sentinel_a,global,i16BE_x1,2,6,1,-1,0.26873779296875
xor,106,a,global_sentinel_a,global,u16LE_x1,2,6,1,-1,0.26873779296875
xor,106,a,global_sentinel_a,global,i16LE_x1,2,6,1,-1,0.26873779296875
xor,109,a,global_sentinel_a,global,u16BE_x1,2,9,1,-1,0.26873779296875
xor,109,a,global_sentinel_a,global,i16BE_x1,2,9,1,-1,0.26873779296875
xor,110,a,global_sentinel_a,global,u16LE_x1,2,9,1,-1,0.26873779296875
xor,110,a,global_sentinel_a,global,i16LE_x1,2,9,1,-1,0.26873779296875
xor,116,a,global_sentinel_a,global,u16LE_x1,2,1,1,1432,0.26873779296875
xor,116,a,global_sentinel_a,global,i16LE_x1,2,1,1,1432,0.26873779296875
xor,119,a,global_sentinel_a,global,u16BE_x1,2,1,1,1432,0.26873779296875
xor,119,a,global_sentinel_a,global,i16BE_x1,2,1,1,1432,0.26873779296875
xor,120,a,global_sentinel_a,global,u16LE_x10,2,1,1,570,0.26873779296875
xor,120,a,global_sentinel_a,global,i16LE_x10,2,1,1,570,0.26873779296875
xor,121,a,global_sentinel_a,global,u16LE_x10,2,1,1,17168,0.26873779296875
xor,121,a,global_sentinel_a,global,i16LE_x10,2,1,1,17168,0.26873779296875
xor,122,a,global_sentinel_a,global,u16LE_x10,2,1,1,1266,0.26873779296875
xor,122,a,global_sentinel_a,global,i16LE_x10,2,1,1,1266,0.26873779296875
xor,128,a,global_sentinel_a,global,u16BE_x1,2,7,1,-1,0.26873779296875
xor,128,a,global_sentinel_a,global,i16BE_x1,2,7,1,-1,0.26873779296875
xor,131,a,global_sentinel_a,global,u16LE_x1,2,7,1,-1,0.26873779296875
xor,131,a,global_sentinel_a,global,i16LE_x1,2,7,1,-1,0.26873779296875
xor,135,a,global_sentinel_a,global,u16BE_x10,2,1,1,12746,0.26873779296875
xor,135,a,global_sentinel_a,global,i16BE_x10,2,1,1,12746,0.26873779296875
xor,136,a,global_sentinel_a,global,u16BE_x1,2,1,1,152,0.26873779296875
xor,136,a,global_sentinel_a,global,i16BE_x1,2,1,1,152,0.26873779296875
xor,136,a,global_sentinel_a,global,u16LE_x10,2,1,1,179,0.26873779296875
xor,136,a,global_sentinel_a,global,i16LE_x10,2,1,1,179,0.26873779296875
xor,137,a,global_sentinel_a,global,u16LE_x1,2,1,1,1118,0.26873779296875
xor,137,a,global_sentinel_a,global,i16LE_x1,2,1,1,1118,0.26873779296875
xor,137,a,global_sentinel_a,global,u16LE_x10,2,1,1,1545,0.26873779296875
xor,137,a,global_sentinel_a,global,i16LE_x10,2,1,1,1545,0.26873779296875
xor,138,a,global_sentinel_a,global,u16BE_x1,2,1,1,1118,0.26873779296875
xor,138,a,global_sentinel_a,global,i16BE_x1,2,1,1,1118,0.26873779296875
xor,139,a,global_sentinel_a,global,u16LE_x1,2,1,1,152,0.26873779296875
xor,139,a,global_sentinel_a,global,i16LE_x1,2,1,1,152,0.26873779296875
xor,140,a,global_sentinel_a,global,u16LE_x10,2,1,1,1063,0.26873779296875
xor,140,a,global_sentinel_a,global,i16LE_x10,2,1,1,1063,0.26873779296875
xor,141,a,global_sentinel_a,global,u16LE_x100,2,1,1,13209,0.26873779296875
xor,141,a,global_sentinel_a,global,i16LE_x100,2,1,1,13209,0.26873779296875
xor,144,a,global_sentinel_a,global,u16BE_x10,2,1,1,1063,0.26873779296875
xor,144,a,global_sentinel_a,global,i16BE_x10,2,1,1,1063,0.26873779296875
xor,145,a,global_sentinel_a,global,u16BE_x1,2,1,1,17109,0.26873779296875
xor,145,a,global_sentinel_a,global,i16BE_x1,2,1,1,17109,0.26873779296875
xor,146,a,global_sentinel_a,global,u16LE_x1,2,1,1,17109,0.26873779296875
xor,146,a,global_sentinel_a,global,i16LE_x1,2,1,1,17109,0.26873779296875
xor,148,a,global_sentinel_a,global,u16BE_x10,2,1,1,179,0.26873779296875
xor,148,a,global_sentinel_a,global,i16BE_x10,2,1,1,179,0.26873779296875
xor,148,a,global_sentinel_a,global,u16BE_x100,2,1,1,13209,0.26873779296875
xor,148,a,global_sentinel_a,global,i16BE_x100,2,1,1,13209,0.26873779296875
xor,149,a,global_sentinel_a,global,u16BE_x10,2,1,1,1545,0.26873779296875
xor,149,a,global_sentinel_a,global,i16BE_x10,2,1,1,1545,0.26873779296875
xor,153,a,global_sentinel_a,global,u16LE_x1,2,1,1,15698,0.26873779296875
xor,153,a,global_sentinel_a,global,i16LE_x1,2,1,1,15698,0.26873779296875
xor,154,a,global_sentinel_a,global,u16BE_x1,2,1,1,15698,0.26873779296875
xor,154,a,global_sentinel_a,global,i16BE_x1,2,1,1,15698,0.26873779296875
xor,155,a,global_sentinel_a,global,u16LE_x10,2,1,1,12746,0.26873779296875
xor,155,a,global_sentinel_a,global,i16LE_x10,2,1,1,12746,0.26873779296875
xor,160,a,global_sentinel_a,global,u16LE_x100,2,6,1,-1,0.26873779296875
xor,160,a,global_sentinel_a,global,i16LE_x100,2,6,1,-1,0.26873779296875
xor,165,a,global_sentinel_a,global,u16LE_x1,2,1,1,17393,0.26873779296875
xor,165,a,global_sentinel_a,global,i16LE_x1,2,1,1,17393,0.26873779296875
xor,165,a,global_sentinel_a,global,u16BE_x1,2,1,1,16002,0.26873779296875
xor,165,a,global_sentinel_a,global,i16BE_x1,2,1,1,16002,0.26873779296875
xor,166,a,global_sentinel_a,global,u16LE_x1,2,1,1,16002,0.26873779296875
xor,166,a,global_sentinel_a,global,i16LE_x1,2,1,1,16002,0.26873779296875
xor,166,a,global_sentinel_a,global,u16BE_x1,2,1,1,17393,0.26873779296875
xor,166,a,global_sentinel_a,global,i16BE_x1,2,1,1,17393,0.26873779296875
xor,168,a,global_sentinel_a,global,u16BE_x10,2,4,1,-1,0.26873779296875
xor,168,a,global_sentinel_a,global,i16BE_x10,2,4,1,-1,0.26873779296875
xor,171,a,global_sentinel_a,global,u16LE_x10,2,1,1,16068,0.26873779296875
xor,171,a,global_sentinel_a,global,i16LE_x10,2,1,1,16068,0.26873779296875
xor,174,a,global_sentinel_a,global,u16LE_x10,2,6,1,-1,0.26873779296875
xor,174,a,global_sentinel_a,global,i16LE_x10,2,6,1,-1,0.26873779296875
xor,178,a,global_sentinel_a,global,u16BE_x10,2,6,1,-1,0.26873779296875
xor,178,a,global_sentinel_a,global,i16BE_x10,2,6,1,-1,0.26873779296875
xor,180,a,global_sentinel_a,global,u16LE_x10,2,4,1,-1,0.26873779296875
xor,180,a,global_sentinel_a,global,i16LE_x10,2,4,1,-1,0.26873779296875
xor,183,a,global_sentinel_a,global,u16BE_x10,2,1,1,16068,0.26873779296875
xor,183,a,global_sentinel_a,global,i16BE_x10,2,1,1,16068,0.26873779296875
xor,185,a,global_sentinel_a,global,u16BE_x100,2,6,1,-1,0.26873779296875
xor,185,a,global_sentinel_a,global,i16BE_x100,2,6,1,-1,0.26873779296875
xor,193,a,global_sentinel_a,global,u16LE_x100,2,10,1,-1,0.26873779296875
xor,193,a,global_sentinel_a,global,i16LE_x100,2,10,1,-1,0.26873779296875
xor,197,a,global_sentinel_a,global,u16LE_x100,2,1,1,15545,0.26873779296875
xor,197,a,global_sentinel_a,global,i16LE_x100,2,1,1,15545,0.26873779296875
xor,197,a,global_sentinel_a,global,u16BE_x100,2,1,1,15689,0.26873779296875
xor,197,a,global_sentinel_a,global,i16BE_x100,2,1,1,15689,0.26873779296875
xor,200,a,global_sentinel_a,global,u16BE_x10,2,5,1,-1,0.26873779296875
xor,200,a,global_sentinel_a,global,i16BE_x10,2,5,1,-1,0.26873779296875
xor,200,a,global_sentinel_a,global,u16BE_x100,2,5,1,-1,0.26873779296875
xor,200,a,global_sentinel_a,global,i16BE_x100,2,5,1,-1,0.26873779296875
xor,209,a,global_sentinel_a,global,u16LE_x100,2,5,1,-1,0.26873779296875
xor,209,a,global_sentinel_a,global,i16LE_x100,2,5,1,-1,0.26873779296875
xor,212,a,global_sentinel_a,global,u16LE_x10,2,5,1,-1,0.26873779296875
xor,212,a,global_sentinel_a,global,i16LE_x10,2,5,1,-1,0.26873779296875
xor,216,a,global_sentinel_a,global,u16BE_x1,2,2,1,-1,0.26873779296875
xor,216,a,global_sentinel_a,global,i16BE_x1,2,2,1,-1,0.26873779296875
xor,216,a,global_sentinel_a,global,u16BE_x100,2,10,1,-1,0.26873779296875
xor,216,a,global_sentinel_a,global,i16BE_x100,2,10,1,-1,0.26873779296875
xor,217,a,global_sentinel_a,global,u16BE_x1,2,1,1,13094,0.26873779296875
xor,217,a,global_sentinel_a,global,i16BE_x1,2,1,1,13094,0.26873779296875
xor,218,a,global_sentinel_a,global,u16LE_x1,2,1,1,13094,0.26873779296875
xor,218,a,global_sentinel_a,global,i16LE_x1,2,1,1,13094,0.26873779296875
xor,219,a,global_sentinel_a,global,u16LE_x1,2,2,1,-1,0.26873779296875
xor,219,a,global_sentinel_a,global,i16LE_x1,2,2,1,-1,0.26873779296875
xor,220,a,global_sentinel_a,global,u16LE_x100,2,1,1,15689,0.26873779296875
xor,220,a,global_sentinel_a,global,i16LE_x100,2,1,1,15689,0.26873779296875
xor,220,a,global_sentinel_a,global,u16BE_x100,2,1,1,15545,0.26873779296875
xor,220,a,global_sentinel_a,global,i16BE_x100,2,1,1,15545,0.26873779296875
xor,221,a,global_sentinel_a,global,u16LE_x1,2,1,1,17239,0.26873779296875
xor,221,a,global_sentinel_a,global,i16LE_x1,2,1,1,17239,0.26873779296875
xor,222,a,global_sentinel_a,global,u16BE_x1,2,1,1,17239,0.26873779296875
xor,222,a,global_sentinel_a,global,i16BE_x1,2,1,1,17239,0.26873779296875
xor,226,a,global_sentinel_a,global,u16LE_x10,2,4,1,-1,0.26873779296875
xor,226,a,global_sentinel_a,global,i16LE_x10,2,4,1,-1,0.26873779296875
xor,226,a,global_sentinel_a,global,u16BE_x10,2,4,1,-1,0.26873779296875
xor,226,a,global_sentinel_a,global,i16BE_x10,2,4,1,-1,0.26873779296875
xor,234,a,global_sentinel_a,global,u16LE_x10,2,1,1,1809,0.26873779296875
xor,234,a,global_sentinel_a,global,i16LE_x10,2,1,1,1809,0.26873779296875
xor,235,a,global_sentinel_a,global,u16BE_x100,2,1,1,12726,0.26873779296875
xor,235,a,global_sentinel_a,global,i16BE_x100,2,1,1,12726,0.26873779296875
xor,239,a,global_sentinel_a,global,u16BE_x100,2,1,1,16234,0.26873779296875
xor,239,a,global_sentinel_a,global,i16BE_x100,2,1,1,16234,0.26873779296875
xor,242,a,global_sentinel_a,global,u16LE_x100,2,1,1,12726,0.26873779296875
xor,242,a,global_sentinel_a,global,i16LE_x100,2,1,1,12726,0.26873779296875
xor,246,a,global_sentinel_a,global,u16BE_x10,2,1,1,1809,0.26873779296875
xor,246,a,global_sentinel_a,global,i16BE_x10,2,1,1,1809,0.26873779296875
xor,246,a,global_sentinel_a,global,u16LE_x100,2,1,1,16234,0.26873779296875
xor,246,a,global_sentinel_a,global,i16LE_x100,2,1,1,16234,0.26873779296875
xor,248,a,global_sentinel_a,global,u16LE_x1,2,1,1,1421,0.26873779296875
xor,248,a,global_sentinel_a,global,i16LE_x1,2,1,1,1421,0.26873779296875
xor,249,a,global_sentinel_a,global,u16BE_x1,2,1,1,16217,0.26873779296875
xor,249,a,global_sentinel_a,global,i16BE_x1,2,1,1,16217,0.26873779296875
xor,250,a,global_sentinel_a,global,u16LE_x1,2,1,1,16217,0.26873779296875
xor,250,a,global_sentinel_a,global,i16LE_x1,2,1,1,16217,0.26873779296875
xor,251,a,global_sentinel_a,global,u16BE_x1,2,1,1,1421,0.26873779296875
xor,251,a,global_sentinel_a,global,i16BE_x1,2,1,1,1421,0.26873779296875
xor,253,a,global_sentinel_a,global,u16BE_x1,2,1,1,188,0.26873779296875
xor,253,a,global_sentinel_a,global,i16BE_x1,2,1,1,188,0.26873779296875
xor,254,a,global_sentinel_a,global,u16LE_x1,2,1,1,188,0.26873779296875
xor,254,a,global_sentinel_a,global,i16LE_x1,2,1,1,188,0.26873779296875
xor,254,a,global_sentinel_a,global,u16LE_x10,2,4,1,-1,0.26873779296875
xor,254,a,global_sentinel_a,global,i16LE_x10,2,4,1,-1,0.26873779296875
xor,254,a,global_sentinel_a,global,u16BE_x10,2,4,1,-1,0.26873779296875
xor,254,a,global_sentinel_a,global,i16BE_x10,2,4,1,-1,0.26873779296875
nibble_swap,,a,global_sentinel_a,global,u16LE_x1,2,1,1,1817,0.26873779296875
nibble_swap,,a,global_sentinel_a,global,i16LE_x1,2,1,1,1817,0.26873779296875
bit_reverse,,a,global_sentinel_a,global,u16LE_x1,2,19,1,-1,0.26873779296875
bit_reverse,,a,global_sentinel_a,global,i16LE_x1,2,19,1,-1,0.26873779296875
bit_reverse,,a,global_sentinel_a,global,u16LE_x100,2,1,1,12831,0.26873779296875
bit_reverse,,a,global_sentinel_a,global,i16LE_x100,2,1,1,12831,0.26873779296875
raw,,a,global_sentinel_b,global,u16BE_x1,2,1,1,16777,0.26873779296875
raw,,a,global_sentinel_b,global,i16BE_x1,2,1,1,16777,0.26873779296875
raw,,a,global_sentinel_b,global,u16LE_x10,2,1,1,17352,0.26873779296875
raw,,a,global_sentinel_b,global,i16LE_x10,2,1,1,17352,0.26873779296875
xor,1,a,global_sentinel_b,global,u16BE_x1,2,3,1,-1,0.26873779296875
xor,1,a,global_sentinel_b,global,i16BE_x1,2,3,1,-1,0.26873779296875
xor,1,a,global_sentinel_b,global,u16LE_x100,2,3,1,-1,0.26873779296875
xor,1,a,global_sentinel_b,global,i16LE_x100,2,3,1,-1,0.26873779296875
xor,2,a,global_sentinel_b,global,u16LE_x1,2,3,1,-1,0.26873779296875
xor,2,a,global_sentinel_b,global,i16LE_x1,2,3,1,-1,0.26873779296875
xor,3,a,global_sentinel_b,global,u16LE_x1,2,1,1,16777,0.26873779296875
xor,3,a,global_sentinel_b,global,i16LE_x1,2,1,1,16777,0.26873779296875
xor,4,a,global_sentinel_b,global,u16LE_x1,2,6,1,-1,0.26873779296875
xor,4,a,global_sentinel_b,global,i16LE_x1,2,6,1,-1,0.26873779296875
xor,4,a,global_sentinel_b,global,u16LE_x10,2,3,1,-1,0.26873779296875
xor,4,a,global_sentinel_b,global,i16LE_x10,2,3,1,-1,0.26873779296875
xor,5,a,global_sentinel_b,global,u16BE_x1,2,4,1,-1,0.26873779296875
xor,5,a,global_sentinel_b,global,i16BE_x1,2,4,1,-1,0.26873779296875
xor,6,a,global_sentinel_b,global,u16LE_x1,2,4,1,-1,0.26873779296875
xor,6,a,global_sentinel_b,global,i16LE_x1,2,4,1,-1,0.26873779296875
xor,7,a,global_sentinel_b,global,u16BE_x1,2,6,1,-1,0.26873779296875
xor,7,a,global_sentinel_b,global,i16BE_x1,2,6,1,-1,0.26873779296875
xor,8,a,global_sentinel_b,global,u16LE_x1,2,10,1,-1,0.26873779296875
xor,8,a,global_sentinel_b,global,i16LE_x1,2,10,1,-1,0.26873779296875
xor,9,a,global_sentinel_b,global,u16BE_x1,2,7,1,-1,0.26873779296875
xor,9,a,global_sentinel_b,global,i16BE_x1,2,7,1,-1,0.26873779296875
xor,9,a,global_sentinel_b,global,u16LE_x100,2,4,1,-1,0.26873779296875
xor,9,a,global_sentinel_b,global,i16LE_x100,2,4,1,-1,0.26873779296875
xor,10,a,global_sentinel_b,global,u16LE_x1,2,7,1,-1,0.26873779296875
xor,10,a,global_sentinel_b,global,i16LE_x1,2,7,1,-1,0.26873779296875
xor,10,a,global_sentinel_b,global,u16LE_x10,2,1,1,6847,0.26873779296875
xor,10,a,global_sentinel_b,global,i16LE_x10,2,1,1,6847,0.26873779296875
xor,10,a,global_sentinel_b,global,u16LE_x100,2,16,1,-1,0.26873779296875
xor,10,a,global_sentinel_b,global,i16LE_x100,2,16,1,-1,0.26873779296875
xor,10,a,global_sentinel_b,global,u16BE_x100,2,3,1,-1,0.26873779296875
xor,10,a,global_sentinel_b,global,i16BE_x100,2,3,1,-1,0.26873779296875
xor,11,a,global_sentinel_b,global,u16BE_x1,2,10,1,-1,0.26873779296875
xor,11,a,global_sentinel_b,global,i16BE_x1,2,10,1,-1,0.26873779296875
xor,11,a,global_sentinel_b,global,u16LE_x10,2,1,1,3860,0.26873779296875
xor,11,a,global_sentinel_b,global,i16LE_x10,2,1,1,3860,0.26873779296875
xor,11,a,global_sentinel_b,global,u16LE_x100,2,2,1,-1,0.26873779296875
xor,11,a,global_sentinel_b,global,i16LE_x100,2,2,1,-1,0.26873779296875
xor,13,a,global_sentinel_b,global,u16BE_x10,2,1,1,1848,0.26873779296875
xor,13,a,global_sentinel_b,global,i16BE_x10,2,1,1,1848,0.26873779296875
xor,14,a,global_sentinel_b,global,u16BE_x100,2,1,1,15460,0.26873779296875
xor,14,a,global_sentinel_b,global,i16BE_x100,2,1,1,15460,0.26873779296875
xor,15,a,global_sentinel_b,global,u16LE_x100,2,1,1,4551,0.26873779296875
xor,15,a,global_sentinel_b,global,i16LE_x100,2,1,1,4551,0.26873779296875
xor,16,a,global_sentinel_b,global,u16LE_x1,2,6,1,-1,0.26873779296875
xor,16,a,global_sentinel_b,global,i16LE_x1,2,6,1,-1,0.26873779296875
xor,16,a,global_sentinel_b,global,u16BE_x100,2,4,1,-1,0.26873779296875
xor,16,a,global_sentinel_b,global,i16BE_x100,2,4,1,-1,0.26873779296875
xor,17,a,global_sentinel_b,global,u16LE_x1,2,1,1,746,0.26873779296875
xor,17,a,global_sentinel_b,global,i16LE_x1,2,1,1,746,0.26873779296875
xor,17,a,global_sentinel_b,global,u16BE_x1,2,5,1,-1,0.26873779296875
xor,17,a,global_sentinel_b,global,i16BE_x1,2,5,1,-1,0.26873779296875
xor,17,a,global_sentinel_b,global,u16LE_x10,2,1,1,1848,0.26873779296875
xor,17,a,global_sentinel_b,global,i16LE_x10,2,1,1,1848,0.26873779296875
xor,18,a,global_sentinel_b,global,u16LE_x1,2,5,1,-1,0.26873779296875
xor,18,a,global_sentinel_b,global,i16LE_x1,2,5,1,-1,0.26873779296875
xor,18,a,global_sentinel_b,global,u16BE_x1,2,1,1,746,0.26873779296875
xor,18,a,global_sentinel_b,global,i16BE_x1,2,1,1,746,0.26873779296875
xor,18,a,global_sentinel_b,global,u16BE_x100,2,2,1,-1,0.26873779296875
xor,18,a,global_sentinel_b,global,i16BE_x100,2,2,1,-1,0.26873779296875
xor,19,a,global_sentinel_b,global,u16BE_x1,2,6,1,-1,0.26873779296875
xor,19,a,global_sentinel_b,global,i16BE_x1,2,6,1,-1,0.26873779296875
xor,19,a,global_sentinel_b,global,u16LE_x100,2,3,1,-1,0.26873779296875
xor,19,a,global_sentinel_b,global,i16LE_x100,2,3,1,-1,0.26873779296875
xor,19,a,global_sentinel_b,global,u16BE_x100,2,16,1,-1,0.26873779296875
xor,19,a,global_sentinel_b,global,i16BE_x100,2,16,1,-1,0.26873779296875
xor,20,a,global_sentinel_b,global,u16LE_x1,2,1,1,6444,0.26873779296875
xor,20,a,global_sentinel_b,global,i16LE_x1,2,1,1,6444,0.26873779296875
xor,21,a,global_sentinel_b,global,u16BE_x1,2,8,1,-1,0.26873779296875
xor,21,a,global_sentinel_b,global,i16BE_x1,2,8,1,-1,0.26873779296875
xor,22,a,global_sentinel_b,global,u16LE_x1,2,8,1,-1,0.26873779296875
xor,22,a,global_sentinel_b,global,i16LE_x1,2,8,1,-1,0.26873779296875
xor,22,a,global_sentinel_b,global,u16BE_x10,2,1,1,6847,0.26873779296875
xor,22,a,global_sentinel_b,global,i16BE_x10,2,1,1,6847,0.26873779296875
xor,22,a,global_sentinel_b,global,u16BE_x100,2,1,1,4551,0.26873779296875
xor,22,a,global_sentinel_b,global,i16BE_x100,2,1,1,4551,0.26873779296875
xor,23,a,global_sentinel_b,global,u16BE_x1,2,1,1,6444,0.26873779296875
xor,23,a,global_sentinel_b,global,i16BE_x1,2,1,1,6444,0.26873779296875
xor,23,a,global_sentinel_b,global,u16BE_x10,2,1,1,3860,0.26873779296875
xor,23,a,global_sentinel_b,global,i16BE_x10,2,1,1,3860,0.26873779296875
xor,23,a,global_sentinel_b,global,u16LE_x100,2,1,1,15460,0.26873779296875
xor,23,a,global_sentinel_b,global,i16LE_x100,2,1,1,15460,0.26873779296875
xor,24,a,global_sentinel_b,global,u16BE_x10,2,3,1,-1,0.26873779296875
xor,24,a,global_sentinel_b,global,i16BE_x10,2,3,1,-1,0.26873779296875
xor,24,a,global_sentinel_b,global,u16BE_x100,2,3,1,-1,0.26873779296875
xor,24,a,global_sentinel_b,global,i16BE_x100,2,3,1,-1,0.26873779296875
xor,28,a,global_sentinel_b,global,u16BE_x10,2,1,1,17352,0.26873779296875
xor,28,a,global_sentinel_b,global,i16BE_x10,2,1,1,17352,0.26873779296875
xor,32,a,global_sentinel_b,global,u16LE_x1,2,5,1,-1,0.26873779296875
xor,32,a,global_sentinel_b,global,i16LE_x1,2,5,1,-1,0.26873779296875
xor,33,a,global_sentinel_b,global,u16BE_x1,2,10,1,-1,0.26873779296875
xor,33,a,global_sentinel_b,global,i16BE_x1,2,10,1,-1,0.26873779296875
xor,34,a,global_sentinel_b,global,u16LE_x1,2,10,1,-1,0.26873779296875
xor,34,a,global_sentinel_b,global,i16LE_x1,2,10,1,-1,0.26873779296875
xor,35,a,global_sentinel_b,global,u16BE_x1,2,5,1,-1,0.26873779296875
xor,35,a,global_sentinel_b,global,i16BE_x1,2,5,1,-1,0.26873779296875
xor,36,a,global_sentinel_b,global,u16LE_x1,2,1,1,207,0.26873779296875
xor,36,a,global_sentinel_b,global,i16LE_x1,2,1,1,207,0.26873779296875
xor,36,a,global_sentinel_b,global,u16LE_x10,2,3,1,-1,0.26873779296875
xor,36,a,global_sentinel_b,global,i16LE_x10,2,3,1,-1,0.26873779296875
xor,37,a,global_sentinel_b,global,u16LE_x1,2,1,1,12602,0.26873779296875
xor,37,a,global_sentinel_b,global,i16LE_x1,2,1,1,12602,0.26873779296875
xor,38,a,global_sentinel_b,global,u16BE_x1,2,1,1,12602,0.26873779296875
xor,38,a,global_sentinel_b,global,i16BE_x1,2,1,1,12602,0.26873779296875
xor,39,a,global_sentinel_b,global,u16BE_x1,2,1,1,207,0.26873779296875
xor,39,a,global_sentinel_b,global,i16BE_x1,2,1,1,207,0.26873779296875
xor,40,a,global_sentinel_b,global,u16LE_x1,2,3,1,-1,0.26873779296875
xor,40,a,global_sentinel_b,global,i16LE_x1,2,3,1,-1,0.26873779296875
xor,40,a,global_sentinel_b,global,u16LE_x10,2,1,1,13301,0.26873779296875
xor,40,a,global_sentinel_b,global,i16LE_x10,2,1,1,13301,0.26873779296875
xor,40,a,global_sentinel_b,global,u16BE_x10,2,12,1,-1,0.26873779296875
xor,40,a,global_sentinel_b,global,i16BE_x10,2,12,1,-1,0.26873779296875
xor,41,a,global_sentinel_b,global,u16LE_x100,2,1,1,15665,0.26873779296875
xor,41,a,global_sentinel_b,global,i16LE_x100,2,1,1,15665,0.26873779296875
xor,43,a,global_sentinel_b,global,u16BE_x1,2,3,1,-1,0.26873779296875
xor,43,a,global_sentinel_b,global,i16BE_x1,2,3,1,-1,0.26873779296875
xor,43,a,global_sentinel_b,global,u16BE_x100,2,1,1,80,0.26873779296875
xor,43,a,global_sentinel_b,global,i16BE_x100,2,1,1,80,0.26873779296875
xor,44,a,global_sentinel_b,global,u16LE_x1,2,1,1,1679,0.26873779296875
xor,44,a,global_sentinel_b,global,i16LE_x1,2,1,1,1679,0.26873779296875
xor,45,a,global_sentinel_b,global,u16BE_x1,2,3,1,-1,0.26873779296875
xor,45,a,global_sentinel_b,global,i16BE_x1,2,3,1,-1,0.26873779296875
xor,46,a,global_sentinel_b,global,u16LE_x1,2,3,1,-1,0.26873779296875
xor,46,a,global_sentinel_b,global,i16LE_x1,2,3,1,-1,0.26873779296875
xor,47,a,global_sentinel_b,global,u16BE_x1,2,1,1,1679,0.26873779296875
xor,47,a,global_sentinel_b,global,i16BE_x1,2,1,1,1679,0.26873779296875
xor,47,a,global_sentinel_b,global,u16BE_x100,2,2,1,-1,0.26873779296875
xor,47,a,global_sentinel_b,global,i16BE_x100,2,2,1,-1,0.26873779296875
xor,48,a,global_sentinel_b,global,u16LE_x1,2,6,1,-1,0.26873779296875
xor,48,a,global_sentinel_b,global,i16LE_x1,2,6,1,-1,0.26873779296875
xor,48,a,global_sentinel_b,global,u16BE_x100,2,1,1,15665,0.26873779296875
xor,48,a,global_sentinel_b,global,i16BE_x100,2,1,1,15665,0.26873779296875
xor,50,a,global_sentinel_b,global,u16LE_x100,2,1,1,80,0.26873779296875
xor,50,a,global_sentinel_b,global,i16LE_x100,2,1,1,80,0.26873779296875
xor,51,a,global_sentinel_b,global,u16BE_x1,2,6,1,-1,0.26873779296875
xor,51,a,global_sentinel_b,global,i16BE_x1,2,6,1,-1,0.26873779296875
xor,52,a,global_sentinel_b,global,u16LE_x1,2,17,1,-1,0.26873779296875
xor,52,a,global_sentinel_b,global,i16LE_x1,2,17,1,-1,0.26873779296875
xor,52,a,global_sentinel_b,global,u16LE_x10,2,12,1,-1,0.26873779296875
xor,52,a,global_sentinel_b,global,i16LE_x10,2,12,1,-1,0.26873779296875
xor,52,a,global_sentinel_b,global,u16BE_x10,2,1,1,13301,0.26873779296875
xor,52,a,global_sentinel_b,global,i16BE_x10,2,1,1,13301,0.26873779296875
xor,53,a,global_sentinel_b,global,u16BE_x1,2,6,1,-1,0.26873779296875
xor,53,a,global_sentinel_b,global,i16BE_x1,2,6,1,-1,0.26873779296875
xor,54,a,global_sentinel_b,global,u16LE_x1,2,6,1,-1,0.26873779296875
xor,54,a,global_sentinel_b,global,i16LE_x1,2,6,1,-1,0.26873779296875
xor,54,a,global_sentinel_b,global,u16LE_x100,2,2,1,-1,0.26873779296875
xor,54,a,global_sentinel_b,global,i16LE_x100,2,2,1,-1,0.26873779296875
xor,55,a,global_sentinel_b,global,u16BE_x1,2,17,1,-1,0.26873779296875
xor,55,a,global_sentinel_b,global,i16BE_x1,2,17,1,-1,0.26873779296875
xor,56,a,global_sentinel_b,global,u16LE_x1,2,1,1,17309,0.26873779296875
xor,56,a,global_sentinel_b,global,i16LE_x1,2,1,1,17309,0.26873779296875
xor,56,a,global_sentinel_b,global,u16BE_x10,2,3,1,-1,0.26873779296875
xor,56,a,global_sentinel_b,global,i16BE_x10,2,3,1,-1,0.26873779296875
xor,59,a,global_sentinel_b,global,u16BE_x1,2,1,1,17309,0.26873779296875
xor,59,a,global_sentinel_b,global,i16BE_x1,2,1,1,17309,0.26873779296875
xor,60,a,global_sentinel_b,global,u16LE_x1,2,6,1,-1,0.26873779296875
xor,60,a,global_sentinel_b,global,i16LE_x1,2,6,1,-1,0.26873779296875
xor,63,a,global_sentinel_b,global,u16BE_x1,2,6,1,-1,0.26873779296875
xor,63,a,global_sentinel_b,global,i16BE_x1,2,6,1,-1,0.26873779296875
xor,64,a,global_sentinel_b,global,u16LE_x1,2,3,1,-1,0.26873779296875
xor,64,a,global_sentinel_b,global,i16LE_x1,2,3,1,-1,0.26873779296875
xor,65,a,global_sentinel_b,global,u16BE_x1,2,3,1,-1,0.26873779296875
xor,65,a,global_sentinel_b,global,i16BE_x1,2,3,1,-1,0.26873779296875
xor,66,a,global_sentinel_b,global,u16LE_x1,2,3,1,-1,0.26873779296875
xor,66,a,global_sentinel_b,global,i16LE_x1,2,3,1,-1,0.26873779296875
xor,67,a,global_sentinel_b,global,u16BE_x1,2,3,1,-1,0.26873779296875
xor,67,a,global_sentinel_b,global,i16BE_x1,2,3,1,-1,0.26873779296875
xor,67,a,global_sentinel_b,global,u16LE_x100,2,3,1,-1,0.26873779296875
xor,67,a,global_sentinel_b,global,i16LE_x100,2,3,1,-1,0.26873779296875
xor,67,a,global_sentinel_b,global,u16BE_x100,2,5,1,-1,0.26873779296875
xor,67,a,global_sentinel_b,global,i16BE_x100,2,5,1,-1,0.26873779296875
xor,68,a,global_sentinel_b,global,u16LE_x1,2,3,1,-1,0.26873779296875
xor,68,a,global_sentinel_b,global,i16LE_x1,2,3,1,-1,0.26873779296875
xor,68,a,global_sentinel_b,global,u16LE_x100,2,1,1,10676,0.26873779296875
xor,68,a,global_sentinel_b,global,i16LE_x100,2,1,1,10676,0.26873779296875
xor,68,a,global_sentinel_b,global,u16BE_x100,2,1,1,290,0.26873779296875
xor,68,a,global_sentinel_b,global,i16BE_x100,2,1,1,290,0.26873779296875
xor,69,a,global_sentinel_b,global,u16BE_x1,2,6,1,-1,0.26873779296875
xor,69,a,global_sentinel_b,global,i16BE_x1,2,6,1,-1,0.26873779296875
xor,70,a,global_sentinel_b,global,u16LE_x1,2,6,1,-1,0.26873779296875
xor,70,a,global_sentinel_b,global,i16LE_x1,2,6,1,-1,0.26873779296875
xor,71,a,global_sentinel_b,global,u16BE_x1,2,3,1,-1,0.26873779296875
xor,71,a,global_sentinel_b,global,i16BE_x1,2,3,1,-1,0.26873779296875
xor,73,a,global_sentinel_b,global,u16LE_x1,2,4,1,-1,0.26873779296875
xor,73,a,global_sentinel_b,global,i16LE_x1,2,4,1,-1,0.26873779296875
xor,73,a,global_sentinel_b,global,u16BE_x1,2,3,1,-1,0.26873779296875
xor,73,a,global_sentinel_b,global,i16BE_x1,2,3,1,-1,0.26873779296875
xor,74,a,global_sentinel_b,global,u16LE_x1,2,3,1,-1,0.26873779296875
xor,74,a,global_sentinel_b,global,i16LE_x1,2,3,1,-1,0.26873779296875
xor,74,a,global_sentinel_b,global,u16BE_x1,2,4,1,-1,0.26873779296875
xor,74,a,global_sentinel_b,global,i16BE_x1,2,4,1,-1,0.26873779296875
xor,74,a,global_sentinel_b,global,u16LE_x10,2,4,1,-1,0.26873779296875
xor,74,a,global_sentinel_b,global,i16LE_x10,2,4,1,-1,0.26873779296875
xor,76,a,global_sentinel_b,global,u16LE_x1,2,3,1,-1,0.26873779296875
xor,76,a,global_sentinel_b,global,i16LE_x1,2,3,1,-1,0.26873779296875
xor,77,a,global_sentinel_b,global,u16BE_x1,2,1,1,15465,0.26873779296875
xor,77,a,global_sentinel_b,global,i16BE_x1,2,1,1,15465,0.26873779296875
xor,78,a,global_sentinel_b,global,u16LE_x1,2,1,1,15465,0.26873779296875
xor,78,a,global_sentinel_b,global,i16LE_x1,2,1,1,15465,0.26873779296875
xor,79,a,global_sentinel_b,global,u16BE_x1,2,3,1,-1,0.26873779296875
xor,79,a,global_sentinel_b,global,i16BE_x1,2,3,1,-1,0.26873779296875
xor,79,a,global_sentinel_b,global,u16LE_x100,2,1,1,994,0.26873779296875
xor,79,a,global_sentinel_b,global,i16LE_x100,2,1,1,994,0.26873779296875
xor,84,a,global_sentinel_b,global,u16LE_x1,2,20,1,-1,0.26873779296875
xor,84,a,global_sentinel_b,global,i16LE_x1,2,20,1,-1,0.26873779296875
xor,85,a,global_sentinel_b,global,u16BE_x1,2,8,1,-1,0.26873779296875
xor,85,a,global_sentinel_b,global,i16BE_x1,2,8,1,-1,0.26873779296875
xor,86,a,global_sentinel_b,global,u16LE_x1,2,8,1,-1,0.26873779296875
xor,86,a,global_sentinel_b,global,i16LE_x1,2,8,1,-1,0.26873779296875
xor,86,a,global_sentinel_b,global,u32LE_x1,4,5,1,-1,4.100147634744644e-06
xor,86,a,global_sentinel_b,global,i32LE_x1,4,5,1,-1,4.100147634744644e-06
xor,86,a,global_sentinel_b,global,u16BE_x10,2,4,1,-1,0.26873779296875
xor,86,a,global_sentinel_b,global,i16BE_x10,2,4,1,-1,0.26873779296875
xor,86,a,global_sentinel_b,global,u16BE_x100,2,1,1,994,0.26873779296875
xor,86,a,global_sentinel_b,global,i16BE_x100,2,1,1,994,0.26873779296875
xor,87,a,global_sentinel_b,global,u16BE_x1,2,20,1,-1,0.26873779296875
xor,87,a,global_sentinel_b,global,i16BE_x1,2,20,1,-1,0.26873779296875
xor,88,a,global_sentinel_b,global,u16LE_x1,2,10,1,-1,0.26873779296875
xor,88,a,global_sentinel_b,global,i16LE_x1,2,10,1,-1,0.26873779296875
xor,89,a,global_sentinel_b,global,u16LE_x1,2,4,1,-1,0.26873779296875
xor,89,a,global_sentinel_b,global,i16LE_x1,2,4,1,-1,0.26873779296875
xor,89,a,global_sentinel_b,global,u16BE_x1,2,21,1,-1,0.26873779296875
xor,89,a,global_sentinel_b,global,i16BE_x1,2,21,1,-1,0.26873779296875
xor,90,a,global_sentinel_b,global,u16LE_x1,2,21,1,-1,0.26873779296875
xor,90,a,global_sentinel_b,global,i16LE_x1,2,21,1,-1,0.26873779296875
xor,90,a,global_sentinel_b,global,u16BE_x1,2,4,1,-1,0.26873779296875
xor,90,a,global_sentinel_b,global,i16BE_x1,2,4,1,-1,0.26873779296875
xor,90,a,global_sentinel_b,global,u32LE_x1,4,3,1,-1,4.100147634744644e-06
xor,90,a,global_sentinel_b,global,i32LE_x1,4,3,1,-1,4.100147634744644e-06
xor,90,a,global_sentinel_b,global,u16LE_x100,2,5,1,-1,0.26873779296875
xor,90,a,global_sentinel_b,global,i16LE_x100,2,5,1,-1,0.26873779296875
xor,90,a,global_sentinel_b,global,u16BE_x100,2,3,1,-1,0.26873779296875
xor,90,a,global_sentinel_b,global,i16BE_x100,2,3,1,-1,0.26873779296875
xor,91,a,global_sentinel_b,global,u16BE_x1,2,10,1,-1,0.26873779296875
xor,91,a,global_sentinel_b,global,i16BE_x1,2,10,1,-1,0.26873779296875
xor,93,a,global_sentinel_b,global,u16BE_x1,2,18,1,-1,0.26873779296875
xor,93,a,global_sentinel_b,global,i16BE_x1,2,18,1,-1,0.26873779296875
xor,93,a,global_sentinel_b,global,u16LE_x100,2,1,1,290,0.26873779296875
xor,93,a,global_sentinel_b,global,i16LE_x100,2,1,1,290,0.26873779296875
xor,93,a,global_sentinel_b,global,u16BE_x100,2,1,1,10676,0.26873779296875
xor,93,a,global_sentinel_b,global,i16BE_x100,2,1,1,10676,0.26873779296875
xor,94,a,global_sentinel_b,global,u16LE_x1,2,18,1,-1,0.26873779296875
xor,94,a,global_sentinel_b,global,i16LE_x1,2,18,1,-1,0.26873779296875
xor,96,a,global_sentinel_b,global,u16LE_x1,2,6,1,-1,0.26873779296875
xor,96,a,global_sentinel_b,global,i16LE_x1,2,6,1,-1,0.26873779296875
xor,97,a,global_sentinel_b,global,u16LE_x1,2,1,1,17511,0.26873779296875
xor,97,a,global_sentinel_b,global,i16LE_x1,2,1,1,17511,0.26873779296875
xor,97,a,global_sentinel_b,global,u16BE_x1,2,12,1,-1,0.26873779296875
xor,97,a,global_sentinel_b,global,i16BE_x1,2,12,1,-1,0.26873779296875
xor,98,a,global_sentinel_b,global,u16LE_x1,2,12,1,-1,0.26873779296875
xor,98,a,global_sentinel_b,global,i16LE_x1,2,12,1,-1,0.26873779296875
xor,98,a,global_sentinel_b,global,u16BE_x1,2,1,1,17511,0.26873779296875
xor,98,a,global_sentinel_b,global,i16BE_x1,2,1,1,17511,0.26873779296875
xor,99,a,global_sentinel_b,global,u16BE_x1,2,6,1,-1,0.26873779296875
xor,99,a,global_sentinel_b,global,i16BE_x1,2,6,1,-1,0.26873779296875
xor,100,a,global_sentinel_b,global,u16LE_x1,2,3,1,-1,0.26873779296875
xor,100,a,global_sentinel_b,global,i16LE_x1,2,3,1,-1,0.26873779296875
xor,100,a,global_sentinel_b,global,u16BE_x1,2,1,1,15741,0.26873779296875
xor,100,a,global_sentinel_b,global,i16BE_x1,2,1,1,15741,0.26873779296875
xor,100,a,global_sentinel_b,global,u16BE_x10,2,1,1,570,0.26873779296875
xor,100,a,global_sentinel_b,global,i16BE_x10,2,1,1,570,0.26873779296875
xor,101,a,global_sentinel_b,global,u16BE_x10,2,1,1,17168,0.26873779296875
xor,101,a,global_sentinel_b,global,i16BE_x10,2,1,1,17168,0.26873779296875
xor,102,a,global_sentinel_b,global,u16BE_x10,2,1,1,1266,0.26873779296875
xor,102,a,global_sentinel_b,global,i16BE_x10,2,1,1,1266,0.26873779296875
xor,103,a,global_sentinel_b,global,u16LE_x1,2,1,1,15741,0.26873779296875
xor,103,a,global_sentinel_b,global,i16LE_x1,2,1,1,15741,0.26873779296875
xor,103,a,global_sentinel_b,global,u16BE_x1,2,3,1,-1,0.26873779296875
xor,103,a,global_sentinel_b,global,i16BE_x1,2,3,1,-1,0.26873779296875
xor,105,a,global_sentinel_b,global,u16BE_x1,2,6,1,-1,0.26873779296875
xor,105,a,global_sentinel_b,global,i16BE_x1,2,6,1,-1,0.26873779296875
xor,106,a,global_sentinel_b,global,u16LE_x1,2,6,1,-1,0.26873779296875
xor,106,a,global_sentinel_b,global,i16LE_x1,2,6,1,-1,0.26873779296875
xor,109,a,global_sentinel_b,global,u16BE_x1,2,9,1,-1,0.26873779296875
xor,109,a,global_sentinel_b,global,i16BE_x1,2,9,1,-1,0.26873779296875
xor,110,a,global_sentinel_b,global,u16LE_x1,2,9,1,-1,0.26873779296875
xor,110,a,global_sentinel_b,global,i16LE_x1,2,9,1,-1,0.26873779296875
xor,116,a,global_sentinel_b,global,u16LE_x1,2,1,1,1432,0.26873779296875
xor,116,a,global_sentinel_b,global,i16LE_x1,2,1,1,1432,0.26873779296875
xor,119,a,global_sentinel_b,global,u16BE_x1,2,1,1,1432,0.26873779296875
xor,119,a,global_sentinel_b,global,i16BE_x1,2,1,1,1432,0.26873779296875
xor,120,a,global_sentinel_b,global,u16LE_x10,2,1,1,570,0.26873779296875
xor,120,a,global_sentinel_b,global,i16LE_x10,2,1,1,570,0.26873779296875
xor,121,a,global_sentinel_b,global,u16LE_x10,2,1,1,17168,0.26873779296875
xor,121,a,global_sentinel_b,global,i16LE_x10,2,1,1,17168,0.26873779296875
xor,122,a,global_sentinel_b,global,u16LE_x10,2,1,1,1266,0.26873779296875
xor,122,a,global_sentinel_b,global,i16LE_x10,2,1,1,1266,0.26873779296875
xor,128,a,global_sentinel_b,global,u16BE_x1,2,7,1,-1,0.26873779296875
xor,128,a,global_sentinel_b,global,i16BE_x1,2,7,1,-1,0.26873779296875
xor,131,a,global_sentinel_b,global,u16LE_x1,2,7,1,-1,0.26873779296875
xor,131,a,global_sentinel_b,global,i16LE_x1,2,7,1,-1,0.26873779296875
xor,135,a,global_sentinel_b,global,u16BE_x10,2,1,1,12746,0.26873779296875
xor,135,a,global_sentinel_b,global,i16BE_x10,2,1,1,12746,0.26873779296875
xor,136,a,global_sentinel_b,global,u16BE_x1,2,1,1,152,0.26873779296875
xor,136,a,global_sentinel_b,global,i16BE_x1,2,1,1,152,0.26873779296875
xor,136,a,global_sentinel_b,global,u16LE_x10,2,1,1,179,0.26873779296875
xor,136,a,global_sentinel_b,global,i16LE_x10,2,1,1,179,0.26873779296875
xor,137,a,global_sentinel_b,global,u16LE_x1,2,1,1,1118,0.26873779296875
xor,137,a,global_sentinel_b,global,i16LE_x1,2,1,1,1118,0.26873779296875
xor,137,a,global_sentinel_b,global,u16LE_x10,2,1,1,1545,0.26873779296875
xor,137,a,global_sentinel_b,global,i16LE_x10,2,1,1,1545,0.26873779296875
xor,138,a,global_sentinel_b,global,u16BE_x1,2,1,1,1118,0.26873779296875
xor,138,a,global_sentinel_b,global,i16BE_x1,2,1,1,1118,0.26873779296875
xor,139,a,global_sentinel_b,global,u16LE_x1,2,1,1,152,0.26873779296875
xor,139,a,global_sentinel_b,global,i16LE_x1,2,1,1,152,0.26873779296875
xor,140,a,global_sentinel_b,global,u16LE_x10,2,1,1,1063,0.26873779296875
xor,140,a,global_sentinel_b,global,i16LE_x10,2,1,1,1063,0.26873779296875
xor,141,a,global_sentinel_b,global,u16LE_x100,2,1,1,13209,0.26873779296875
xor,141,a,global_sentinel_b,global,i16LE_x100,2,1,1,13209,0.26873779296875
xor,144,a,global_sentinel_b,global,u16BE_x10,2,1,1,1063,0.26873779296875
xor,144,a,global_sentinel_b,global,i16BE_x10,2,1,1,1063,0.26873779296875
xor,145,a,global_sentinel_b,global,u16BE_x1,2,1,1,17109,0.26873779296875
xor,145,a,global_sentinel_b,global,i16BE_x1,2,1,1,17109,0.26873779296875
xor,146,a,global_sentinel_b,global,u16LE_x1,2,1,1,17109,0.26873779296875
xor,146,a,global_sentinel_b,global,i16LE_x1,2,1,1,17109,0.26873779296875
xor,148,a,global_sentinel_b,global,u16BE_x10,2,1,1,179,0.26873779296875
xor,148,a,global_sentinel_b,global,i16BE_x10,2,1,1,179,0.26873779296875
xor,148,a,global_sentinel_b,global,u16BE_x100,2,1,1,13209,0.26873779296875
xor,148,a,global_sentinel_b,global,i16BE_x100,2,1,1,13209,0.26873779296875
xor,149,a,global_sentinel_b,global,u16BE_x10,2,1,1,1545,0.26873779296875
xor,149,a,global_sentinel_b,global,i16BE_x10,2,1,1,1545,0.26873779296875
xor,153,a,global_sentinel_b,global,u16LE_x1,2,1,1,15698,0.26873779296875
xor,153,a,global_sentinel_b,global,i16LE_x1,2,1,1,15698,0.26873779296875
xor,154,a,global_sentinel_b,global,u16BE_x1,2,1,1,15698,0.26873779296875
xor,154,a,global_sentinel_b,global,i16BE_x1,2,1,1,15698,0.26873779296875
xor,155,a,global_sentinel_b,global,u16LE_x10,2,1,1,12746,0.26873779296875
xor,155,a,global_sentinel_b,global,i16LE_x10,2,1,1,12746,0.26873779296875
xor,160,a,global_sentinel_b,global,u16LE_x100,2,6,1,-1,0.26873779296875
xor,160,a,global_sentinel_b,global,i16LE_x100,2,6,1,-1,0.26873779296875
xor,165,a,global_sentinel_b,global,u16LE_x1,2,1,1,17393,0.26873779296875
xor,165,a,global_sentinel_b,global,i16LE_x1,2,1,1,17393,0.26873779296875
xor,165,a,global_sentinel_b,global,u16BE_x1,2,1,1,16002,0.26873779296875
xor,165,a,global_sentinel_b,global,i16BE_x1,2,1,1,16002,0.26873779296875
xor,166,a,global_sentinel_b,global,u16LE_x1,2,1,1,16002,0.26873779296875
xor,166,a,global_sentinel_b,global,i16LE_x1,2,1,1,16002,0.26873779296875
xor,166,a,global_sentinel_b,global,u16BE_x1,2,1,1,17393,0.26873779296875
xor,166,a,global_sentinel_b,global,i16BE_x1,2,1,1,17393,0.26873779296875
xor,168,a,global_sentinel_b,global,u16BE_x10,2,4,1,-1,0.26873779296875
xor,168,a,global_sentinel_b,global,i16BE_x10,2,4,1,-1,0.26873779296875
xor,171,a,global_sentinel_b,global,u16LE_x10,2,1,1,16068,0.26873779296875
xor,171,a,global_sentinel_b,global,i16LE_x10,2,1,1,16068,0.26873779296875
xor,174,a,global_sentinel_b,global,u16LE_x10,2,6,1,-1,0.26873779296875
xor,174,a,global_sentinel_b,global,i16LE_x10,2,6,1,-1,0.26873779296875
xor,178,a,global_sentinel_b,global,u16BE_x10,2,6,1,-1,0.26873779296875
xor,178,a,global_sentinel_b,global,i16BE_x10,2,6,1,-1,0.26873779296875
xor,180,a,global_sentinel_b,global,u16LE_x10,2,4,1,-1,0.26873779296875
xor,180,a,global_sentinel_b,global,i16LE_x10,2,4,1,-1,0.26873779296875
xor,183,a,global_sentinel_b,global,u16BE_x10,2,1,1,16068,0.26873779296875
xor,183,a,global_sentinel_b,global,i16BE_x10,2,1,1,16068,0.26873779296875
xor,185,a,global_sentinel_b,global,u16BE_x100,2,6,1,-1,0.26873779296875
xor,185,a,global_sentinel_b,global,i16BE_x100,2,6,1,-1,0.26873779296875
xor,193,a,global_sentinel_b,global,u16LE_x100,2,10,1,-1,0.26873779296875
xor,193,a,global_sentinel_b,global,i16LE_x100,2,10,1,-1,0.26873779296875
xor,197,a,global_sentinel_b,global,u16LE_x100,2,1,1,15545,0.26873779296875
xor,197,a,global_sentinel_b,global,i16LE_x100,2,1,1,15545,0.26873779296875
xor,197,a,global_sentinel_b,global,u16BE_x100,2,1,1,15689,0.26873779296875
xor,197,a,global_sentinel_b,global,i16BE_x100,2,1,1,15689,0.26873779296875
xor,200,a,global_sentinel_b,global,u16BE_x10,2,5,1,-1,0.26873779296875
xor,200,a,global_sentinel_b,global,i16BE_x10,2,5,1,-1,0.26873779296875
xor,200,a,global_sentinel_b,global,u16BE_x100,2,5,1,-1,0.26873779296875
xor,200,a,global_sentinel_b,global,i16BE_x100,2,5,1,-1,0.26873779296875
xor,209,a,global_sentinel_b,global,u16LE_x100,2,5,1,-1,0.26873779296875
xor,209,a,global_sentinel_b,global,i16LE_x100,2,5,1,-1,0.26873779296875
xor,212,a,global_sentinel_b,global,u16LE_x10,2,5,1,-1,0.26873779296875
xor,212,a,global_sentinel_b,global,i16LE_x10,2,5,1,-1,0.26873779296875
xor,216,a,global_sentinel_b,global,u16BE_x1,2,2,1,-1,0.26873779296875
xor,216,a,global_sentinel_b,global,i16BE_x1,2,2,1,-1,0.26873779296875
xor,216,a,global_sentinel_b,global,u16BE_x100,2,10,1,-1,0.26873779296875
xor,216,a,global_sentinel_b,global,i16BE_x100,2,10,1,-1,0.26873779296875
xor,217,a,global_sentinel_b,global,u16BE_x1,2,1,1,13094,0.26873779296875
xor,217,a,global_sentinel_b,global,i16BE_x1,2,1,1,13094,0.26873779296875
xor,218,a,global_sentinel_b,global,u16LE_x1,2,1,1,13094,0.26873779296875
xor,218,a,global_sentinel_b,global,i16LE_x1,2,1,1,13094,0.26873779296875
xor,219,a,global_sentinel_b,global,u16LE_x1,2,2,1,-1,0.26873779296875
xor,219,a,global_sentinel_b,global,i16LE_x1,2,2,1,-1,0.26873779296875
xor,220,a,global_sentinel_b,global,u16LE_x100,2,1,1,15689,0.26873779296875
xor,220,a,global_sentinel_b,global,i16LE_x100,2,1,1,15689,0.26873779296875
xor,220,a,global_sentinel_b,global,u16BE_x100,2,1,1,15545,0.26873779296875
xor,220,a,global_sentinel_b,global,i16BE_x100,2,1,1,15545,0.26873779296875
xor,221,a,global_sentinel_b,global,u16LE_x1,2,1,1,17239,0.26873779296875
xor,221,a,global_sentinel_b,global,i16LE_x1,2,1,1,17239,0.26873779296875
xor,222,a,global_sentinel_b,global,u16BE_x1,2,1,1,17239,0.26873779296875
xor,222,a,global_sentinel_b,global,i16BE_x1,2,1,1,17239,0.26873779296875
xor,226,a,global_sentinel_b,global,u16LE_x10,2,4,1,-1,0.26873779296875
xor,226,a,global_sentinel_b,global,i16LE_x10,2,4,1,-1,0.26873779296875
xor,226,a,global_sentinel_b,global,u16BE_x10,2,4,1,-1,0.26873779296875
xor,226,a,global_sentinel_b,global,i16BE_x10,2,4,1,-1,0.26873779296875
xor,234,a,global_sentinel_b,global,u16LE_x10,2,1,1,1809,0.26873779296875
xor,234,a,global_sentinel_b,global,i16LE_x10,2,1,1,1809,0.26873779296875
xor,235,a,global_sentinel_b,global,u16BE_x100,2,1,1,12726,0.26873779296875
xor,235,a,global_sentinel_b,global,i16BE_x100,2,1,1,12726,0.26873779296875
xor,239,a,global_sentinel_b,global,u16BE_x100,2,1,1,16234,0.26873779296875
xor,239,a,global_sentinel_b,global,i16BE_x100,2,1,1,16234,0.26873779296875
xor,242,a,global_sentinel_b,global,u16LE_x100,2,1,1,12726,0.26873779296875
xor,242,a,global_sentinel_b,global,i16LE_x100,2,1,1,12726,0.26873779296875
xor,246,a,global_sentinel_b,global,u16BE_x10,2,1,1,1809,0.26873779296875
xor,246,a,global_sentinel_b,global,i16BE_x10,2,1,1,1809,0.26873779296875
xor,246,a,global_sentinel_b,global,u16LE_x100,2,1,1,16234,0.26873779296875
xor,246,a,global_sentinel_b,global,i16LE_x100,2,1,1,16234,0.26873779296875
xor,248,a,global_sentinel_b,global,u16LE_x1,2,1,1,1421,0.26873779296875
xor,248,a,global_sentinel_b,global,i16LE_x1,2,1,1,1421,0.26873779296875
xor,249,a,global_sentinel_b,global,u16BE_x1,2,1,1,16217,0.26873779296875
xor,249,a,global_sentinel_b,global,i16BE_x1,2,1,1,16217,0.26873779296875
xor,250,a,global_sentinel_b,global,u16LE_x1,2,1,1,16217,0.26873779296875
xor,250,a,global_sentinel_b,global,i16LE_x1,2,1,1,16217,0.26873779296875
xor,251,a,global_sentinel_b,global,u16BE_x1,2,1,1,1421,0.26873779296875
xor,251,a,global_sentinel_b,global,i16BE_x1,2,1,1,1421,0.26873779296875
xor,253,a,global_sentinel_b,global,u16BE_x1,2,1,1,188,0.26873779296875
xor,253,a,global_sentinel_b,global,i16BE_x1,2,1,1,188,0.26873779296875
xor,254,a,global_sentinel_b,global,u16LE_x1,2,1,1,188,0.26873779296875
xor,254,a,global_sentinel_b,global,i16LE_x1,2,1,1,188,0.26873779296875
xor,254,a,global_sentinel_b,global,u16LE_x10,2,4,1,-1,0.26873779296875
xor,254,a,global_sentinel_b,global,i16LE_x10,2,4,1,-1,0.26873779296875
xor,254,a,global_sentinel_b,global,u16BE_x10,2,4,1,-1,0.26873779296875
xor,254,a,global_sentinel_b,global,i16BE_x10,2,4,1,-1,0.26873779296875
nibble_swap,,a,global_sentinel_b,global,u16LE_x1,2,1,1,1817,0.26873779296875
nibble_swap,,a,global_sentinel_b,global,i16LE_x1,2,1,1,1817,0.26873779296875
bit_reverse,,a,global_sentinel_b,global,u16LE_x1,2,19,1,-1,0.26873779296875
bit_reverse,,a,global_sentinel_b,global,i16LE_x1,2,19,1,-1,0.26873779296875
bit_reverse,,a,global_sentinel_b,global,u16LE_x100,2,1,1,12831,0.26873779296875
bit_reverse,,a,global_sentinel_b,global,i16LE_x100,2,1,1,12831,0.26873779296875
raw,,a,global_week9,global,u16LE_x1,2,6,1,-1,0.26873779296875
raw,,a,global_week9,global,i16LE_x1,2,6,1,-1,0.26873779296875
raw,,a,global_week9,global,u16BE_x1,2,13,1,-1,0.26873779296875
raw,,a,global_week9,global,i16BE_x1,2,13,1,-1,0.26873779296875
raw,,a,global_week9,global,u32BE_x1,4,3,1,-1,4.100147634744644e-06
raw,,a,global_week9,global,i32BE_x1,4,3,1,-1,4.100147634744644e-06
raw,,a,global_week9,global,u16LE_x100,2,3,1,-1,0.26873779296875
raw,,a,global_week9,global,i16LE_x100,2,3,1,-1,0.26873779296875
raw,,a,global_week9,global,fx8.24_LE_s32,4,3,1,-1,4.100147634744644e-06
raw,,a,global_week9,global,fx8.24_LE_u32,4,3,1,-1,4.100147634744644e-06
raw,,a,global_week9,global,bcd_normal,1,157,1,-1,68.80078125
raw,,a,global_week9,global,bcd_swapped,1,93,1,-1,68.80078125
xor,1,a,global_week9,global,u16LE_x1,2,6,1,-1,0.26873779296875
xor,1,a,global_week9,global,i16LE_x1,2,6,1,-1,0.26873779296875
xor,1,a,global_week9,global,u16BE_x10,2,10,1,-1,0.26873779296875
xor,1,a,global_week9,global,i16BE_x10,2,10,1,-1,0.26873779296875
xor,1,a,global_week9,global,bcd_normal,1,123,1,-1,68.80078125
xor,1,a,global_week9,global,bcd_swapped,1,79,1,-1,68.80078125
xor,2,a,global_week9,global,u16BE_x100,2,6,1,-1,0.26873779296875
xor,2,a,global_week9,global,i16BE_x100,2,6,1,-1,0.26873779296875
xor,2,a,global_week9,global,bcd_normal,1,62,1,-1,68.80078125
xor,2,a,global_week9,global,bcd_swapped,1,97,1,-1,68.80078125
xor,3,a,global_week9,global,u16BE_x1,2,1,1,1398,0.26873779296875
xor,3,a,global_week9,global,i16BE_x1,2,1,1,1398,0.26873779296875
xor,3,a,global_week9,global,u16LE_x100,2,6,1,-1,0.26873779296875
xor,3,a,global_week9,global,i16LE_x100,2,6,1,-1,0.26873779296875
xor,3,a,global_week9,global,u16BE_x100,2,28,1,-1,0.26873779296875
xor,3,a,global_week9,global,i16BE_x100,2,28,1,-1,0.26873779296875
xor,3,a,global_week9,global,bcd_normal,1,159,1,-1,68.80078125
xor,3,a,global_week9,global,bcd_swapped,1,79,1,-1,68.80078125
xor,4,a,global_week9,global,u16BE_x1,2,1,1,15810,0.26873779296875
xor,4,a,global_week9,global,i16BE_x1,2,1,1,15810,0.26873779296875
xor,4,a,global_week9,global,bcd_normal,1,53,1,-1,68.80078125
xor,4,a,global_week9,global,bcd_swapped,1,107,1,-1,68.80078125
xor,5,a,global_week9,global,bcd_normal,1,51,1,-1,68.80078125
xor,5,a,global_week9,global,bcd_swapped,1,108,1,-1,68.80078125
xor,6,a,global_week9,global,u16LE_x1,2,12,1,-1,0.26873779296875
xor,6,a,global_week9,global,i16LE_x1,2,12,1,-1,0.26873779296875
xor,6,a,global_week9,global,u16BE_x100,2,5,1,-1,0.26873779296875
xor,6,a,global_week9,global,i16BE_x100,2,5,1,-1,0.26873779296875
xor,6,a,global_week9,global,bcd_normal,1,51,1,-1,68.80078125
xor,6,a,global_week9,global,bcd_swapped,1,95,1,-1,68.80078125
xor,7,a,global_week9,global,bcd_normal,1,25,1,-1,68.80078125
xor,7,a,global_week9,global,bcd_swapped,1,105,1,-1,68.80078125
xor,8,a,global_week9,global,u16BE_x1,2,6,1,-1,0.26873779296875
xor,8,a,global_week9,global,i16BE_x1,2,6,1,-1,0.26873779296875
xor,8,a,global_week9,global,bcd_normal,1,140,1,-1,68.80078125
xor,8,a,global_week9,global,bcd_swapped,1,64,1,-1,68.80078125
xor,9,a,global_week9,global,u16LE_x1,2,13,1,-1,0.26873779296875
xor,9,a,global_week9,global,i16LE_x1,2,13,1,-1,0.26873779296875
xor,9,a,global_week9,global,u16BE_x1,2,6,1,-1,0.26873779296875
xor,9,a,global_week9,global,i16BE_x1,2,6,1,-1,0.26873779296875
xor,9,a,global_week9,global,u16LE_x10,2,5,1,-1,0.26873779296875
xor,9,a,global_week9,global,i16LE_x10,2,5,1,-1,0.26873779296875
xor,9,a,global_week9,global,bcd_normal,1,513,1,-1,68.80078125
xor,9,a,global_week9,global,bcd_swapped,1,136,1,-1,68.80078125
xor,10,a,global_week9,global,u16LE_x1,2,1,1,1398,0.26873779296875
xor,10,a,global_week9,global,i16LE_x1,2,1,1,1398,0.26873779296875
xor,10,a,global_week9,global,u16LE_x10,2,2,1,-1,0.26873779296875
xor,10,a,global_week9,global,i16LE_x10,2,2,1,-1,0.26873779296875
xor,10,a,global_week9,global,bcd_normal,1,28,1,-1,68.80078125
xor,10,a,global_week9,global,bcd_swapped,1,132,1,-1,68.80078125
xor,11,a,global_week9,global,bcd_normal,1,185,1,-1,68.80078125
xor,11,a,global_week9,global,bcd_swapped,1,46,1,-1,68.80078125
xor,12,a,global_week9,global,bcd_normal,1,48,1,-1,68.80078125
xor,12,a,global_week9,global,bcd_swapped,1,82,1,-1,68.80078125
xor,13,a,global_week9,global,u16LE_x1,2,1,1,15810,0.26873779296875
xor,13,a,global_week9,global,i16LE_x1,2,1,1,15810,0.26873779296875
xor,13,a,global_week9,global,u16LE_x10,2,1,1,17144,0.26873779296875
xor,13,a,global_week9,global,i16LE_x10,2,1,1,17144,0.26873779296875
xor,13,a,global_week9,global,bcd_normal,1,120,1,-1,68.80078125
xor,13,a,global_week9,global,bcd_swapped,1,47,1,-1,68.80078125
xor,14,a,global_week9,global,bcd_normal,1,31,1,-1,68.80078125
xor,14,a,global_week9,global,bcd_swapped,1,30,1,-1,68.80078125
xor,15,a,global_week9,global,u16BE_x1,2,12,1,-1,0.26873779296875
xor,15,a,global_week9,global,i16BE_x1,2,12,1,-1,0.26873779296875
xor,15,a,global_week9,global,bcd_normal,1,63,1,-1,68.80078125
xor,15,a,global_week9,global,bcd_swapped,1,32,1,-1,68.80078125
xor,16,a,global_week9,global,u16BE_x100,2,8,1,-1,0.26873779296875
xor,16,a,global_week9,global,i16BE_x100,2,8,1,-1,0.26873779296875
xor,16,a,global_week9,global,bcd_normal,1,39,1,-1,68.80078125
xor,16,a,global_week9,global,bcd_swapped,1,151,1,-1,68.80078125
xor,17,a,global_week9,global,u16LE_x1,2,2,1,-1,0.26873779296875
xor,17,a,global_week9,global,i16LE_x1,2,2,1,-1,0.26873779296875
xor,17,a,global_week9,global,u16BE_x1,2,5,1,-1,0.26873779296875
xor,17,a,global_week9,global,i16BE_x1,2,5,1,-1,0.26873779296875
xor,17,a,global_week9,global,bcd_normal,1,61,1,-1,68.80078125
xor,17,a,global_week9,global,bcd_swapped,1,79,1,-1,68.80078125
xor,18,a,global_week9,global,u16LE_x1,2,4,1,-1,0.26873779296875
xor,18,a,global_week9,global,i16LE_x1,2,4,1,-1,0.26873779296875
xor,18,a,global_week9,global,bcd_normal,1,41,1,-1,68.80078125
xor,18,a,global_week9,global,bcd_swapped,1,143,1,-1,68.80078125
xor,19,a,global_week9,global,u16LE_x10,2,1,1,17211,0.26873779296875
xor,19,a,global_week9,global,i16LE_x10,2,1,1,17211,0.26873779296875
xor,19,a,global_week9,global,u16BE_x10,2,8,1,-1,0.26873779296875
xor,19,a,global_week9,global,i16BE_x10,2,8,1,-1,0.26873779296875
xor,19,a,global_week9,global,bcd_normal,1,40,1,-1,68.80078125
xor,19,a,global_week9,global,bcd_swapped,1,109,1,-1,68.80078125
xor,20,a,global_week9,global,bcd_normal,1,18,1,-1,68.80078125
xor,20,a,global_week9,global,bcd_swapped,1,154,1,-1,68.80078125
xor,21,a,global_week9,global,bcd_normal,1,66,1,-1,68.80078125
xor,21,a,global_week9,global,bcd_swapped,1,117,1,-1,68.80078125
xor,22,a,global_week9,global,bcd_normal,1,26,1,-1,68.80078125
xor,22,a,global_week9,global,bcd_swapped,1,67,1,-1,68.80078125
xor,23,a,global_week9,global,u16BE_x1,2,1,1,9552,0.26873779296875
xor,23,a,global_week9,global,i16BE_x1,2,1,1,9552,0.26873779296875
xor,23,a,global_week9,global,bcd_normal,1,27,1,-1,68.80078125
xor,23,a,global_week9,global,bcd_swapped,1,101,1,-1,68.80078125
xor,24,a,global_week9,global,u16LE_x1,2,5,1,-1,0.26873779296875
xor,24,a,global_week9,global,i16LE_x1,2,5,1,-1,0.26873779296875
xor,24,a,global_week9,global,u16BE_x1,2,2,1,-1,0.26873779296875
xor,24,a,global_week9,global,i16BE_x1,2,2,1,-1,0.26873779296875
xor,24,a,global_week9,global,u16BE_x10,2,1,1,811,0.26873779296875
xor,24,a,global_week9,global,i16BE_x10,2,1,1,811,0.26873779296875
xor,24,a,global_week9,global,bcd_normal,1,138,1,-1,68.80078125
xor,24,a,global_week9,global,bcd_swapped,1,123,1,-1,68.80078125
xor,25,a,global_week9,global,u16BE_x100,2,1,1,10905,0.26873779296875
xor,25,a,global_week9,global,i16BE_x100,2,1,1,10905,0.26873779296875
xor,25,a,global_week9,global,bcd_normal,1,113,1,-1,68.80078125
xor,25,a,global_week9,global,bcd_swapped,1,105,1,-1,68.80078125
xor,26,a,global_week9,global,bcd_normal,1,162,1,-1,68.80078125
xor,26,a,global_week9,global,bcd_swapped,1,111,1,-1,68.80078125
xor,27,a,global_week9,global,u16BE_x1,2,4,1,-1,0.26873779296875
xor,27,a,global_week9,global,i16BE_x1,2,4,1,-1,0.26873779296875
xor,27,a,global_week9,global,bcd_normal,1,154,1,-1,68.80078125
xor,27,a,global_week9,global,bcd_swapped,1,62,1,-1,68.80078125
xor,28,a,global_week9,global,bcd_normal,1,87,1,-1,68.80078125
xor,28,a,global_week9,global,bcd_swapped,1,58,1,-1,68.80078125
xor,29,a,global_week9,global,bcd_normal,1,57,1,-1,68.80078125
xor,29,a,global_week9,global,bcd_swapped,1,33,1,-1,68.80078125
xor,30,a,global_week9,global,u16LE_x1,2,1,1,9552,0.26873779296875
xor,30,a,global_week9,global,i16LE_x1,2,1,1,9552,0.26873779296875
xor,30,a,global_week9,global,bcd_normal,1,85,1,-1,68.80078125
xor,30,a,global_week9,global,bcd_swapped,1,27,1,-1,68.80078125
xor,31,a,global_week9,global,bcd_normal,1,63,1,-1,68.80078125
xor,31,a,global_week9,global,bcd_swapped,1,45,1,-1,68.80078125
xor,32,a,global_week9,global,bcd_normal,1,107,1,-1,68.80078125
xor,32,a,global_week9,global,bcd_swapped,1,85,1,-1,68.80078125
xor,33,a,global_week9,global,u16BE_x1,2,1,1,1807,0.26873779296875
xor,33,a,global_week9,global,i16BE_x1,2,1,1,1807,0.26873779296875
xor,33,a,global_week9,global,bcd_normal,1,92,1,-1,68.80078125
xor,33,a,global_week9,global,bcd_swapped,1,46,1,-1,68.80078125
xor,34,a,global_week9,global,bcd_normal,1,91,1,-1,68.80078125
xor,34,a,global_week9,global,bcd_swapped,1,133,1,-1,68.80078125
xor,35,a,global_week9,global,bcd_normal,1,95,1,-1,68.80078125
xor,35,a,global_week9,global,bcd_swapped,1,35,1,-1,68.80078125
xor,36,a,global_week9,global,bcd_normal,1,78,1,-1,68.80078125
xor,36,a,global_week9,global,bcd_swapped,1,72,1,-1,68.80078125
xor,37,a,global_week9,global,u16LE_x1,2,5,1,-1,0.26873779296875
xor,37,a,global_week9,global,i16LE_x1,2,5,1,-1,0.26873779296875
xor,37,a,global_week9,global,bcd_normal,1,134,1,-1,68.80078125
xor,37,a,global_week9,global,bcd_swapped,1,67,1,-1,68.80078125
xor,38,a,global_week9,global,bcd_normal,1,49,1,-1,68.80078125
xor,38,a,global_week9,global,bcd_swapped,1,47,1,-1,68.80078125
xor,39,a,global_week9,global,bcd_normal,1,92,1,-1,68.80078125
xor,39,a,global_week9,global,bcd_swapped,1,21,1,-1,68.80078125
xor,40,a,global_week9,global,u16LE_x1,2,1,1,1807,0.26873779296875
xor,40,a,global_week9,global,i16LE_x1,2,1,1,1807,0.26873779296875
xor,40,a,global_week9,global,bcd_normal,1,77,1,-1,68.80078125
xor,40,a,global_week9,global,bcd_swapped,1,48,1,-1,68.80078125
xor,41,a,global_week9,global,u16LE_x10,2,8,1,-1,0.26873779296875
xor,41,a,global_week9,global,i16LE_x10,2,8,1,-1,0.26873779296875
xor,41,a,global_week9,global,bcd_normal,1,126,1,-1,68.80078125
xor,41,a,global_week9,global,bcd_swapped,1,70,1,-1,68.80078125
xor,42,a,global_week9,global,bcd_normal,1,66,1,-1,68.80078125
xor,42,a,global_week9,global,bcd_swapped,1,27,1,-1,68.80078125
xor,43,a,global_week9,global,bcd_normal,1,96,1,-1,68.80078125
xor,43,a,global_week9,global,bcd_swapped,1,47,1,-1,68.80078125
xor,44,a,global_week9,global,u16BE_x1,2,5,1,-1,0.26873779296875
xor,44,a,global_week9,global,i16BE_x1,2,5,1,-1,0.26873779296875
xor,44,a,global_week9,global,u16BE_x100,2,1,1,10829,0.26873779296875
xor,44,a,global_week9,global,i16BE_x100,2,1,1,10829,0.26873779296875
xor,44,a,global_week9,global,bcd_normal,1,150,1,-1,68.80078125
xor,44,a,global_week9,global,bcd_swapped,1,79,1,-1,68.80078125
xor,45,a,global_week9,global,u16LE_x10,2,1,1,15800,0.26873779296875
xor,45,a,global_week9,global,i16LE_x10,2,1,1,15800,0.26873779296875
xor,45,a,global_week9,global,u16LE_x100,2,4,1,-1,0.26873779296875
xor,45,a,global_week9,global,i16LE_x100,2,4,1,-1,0.26873779296875
xor,45,a,global_week9,global,bcd_normal,1,92,1,-1,68.80078125
xor,45,a,global_week9,global,bcd_swapped,1,30,1,-1,68.80078125
xor,46,a,global_week9,global,bcd_normal,1,56,1,-1,68.80078125
xor,46,a,global_week9,global,bcd_swapped,1,46,1,-1,68.80078125
xor,47,a,global_week9,global,bcd_normal,1,130,1,-1,68.80078125
xor,47,a,global_week9,global,bcd_swapped,1,5,1,-1,68.80078125
xor,48,a,global_week9,global,bcd_normal,1,69,1,-1,68.80078125
xor,48,a,global_week9,global,bcd_swapped,1,85,1,-1,68.80078125
xor,49,a,global_week9,global,bcd_normal,1,92,1,-1,68.80078125
xor,49,a,global_week9,global,bcd_swapped,1,57,1,-1,68.80078125
xor,50,a,global_week9,global,bcd_normal,1,44,1,-1,68.80078125
xor,50,a,global_week9,global,bcd_swapped,1,61,1,-1,68.80078125
xor,51,a,global_week9,global,bcd_normal,1,32,1,-1,68.80078125
xor,51,a,global_week9,global,bcd_swapped,1,27,1,-1,68.80078125
xor,52,a,global_week9,global,bcd_normal,1,24,1,-1,68.80078125
xor,52,a,global_week9,global,bcd_swapped,1,54,1,-1,68.80078125
xor,53,a,global_week9,global,u16LE_x1,2,1,1,1075,0.26873779296875
xor,53,a,global_week9,global,i16LE_x1,2,1,1,1075,0.26873779296875
xor,53,a,global_week9,global,bcd_normal,1,50,1,-1,68.80078125
xor,53,a,global_week9,global,bcd_swapped,1,104,1,-1,68.80078125
xor,54,a,global_week9,global,u16LE_x1,2,1,1,1563,0.26873779296875
xor,54,a,global_week9,global,i16LE_x1,2,1,1,1563,0.26873779296875
xor,54,a,global_week9,global,bcd_normal,1,14,1,-1,68.80078125
xor,54,a,global_week9,global,bcd_swapped,1,82,1,-1,68.80078125
xor,55,a,global_week9,global,u16LE_x1,2,1,1,13049,0.26873779296875
xor,55,a,global_week9,global,i16LE_x1,2,1,1,13049,0.26873779296875
xor,55,a,global_week9,global,u16LE_x10,2,8,1,-1,0.26873779296875
xor,55,a,global_week9,global,i16LE_x10,2,8,1,-1,0.26873779296875
xor,55,a,global_week9,global,bcd_normal,1,32,1,-1,68.80078125
xor,55,a,global_week9,global,bcd_swapped,1,53,1,-1,68.80078125
xor,56,a,global_week9,global,u16LE_x10,2,1,1,12801,0.26873779296875
xor,56,a,global_week9,global,i16LE_x10,2,1,1,12801,0.26873779296875
xor,56,a,global_week9,global,bcd_normal,1,54,1,-1,68.80078125
xor,56,a,global_week9,global,bcd_swapped,1,66,1,-1,68.80078125
xor,57,a,global_week9,global,bcd_normal,1,69,1,-1,68.80078125
xor,57,a,global_week9,global,bcd_swapped,1,62,1,-1,68.80078125
xor,58,a,global_week9,global,u16BE_x100,2,1,1,1171,0.26873779296875
xor,58,a,global_week9,global,i16BE_x100,2,1,1,1171,0.26873779296875
xor,58,a,global_week9,global,bcd_normal,1,70,1,-1,68.80078125
xor,58,a,global_week9,global,bcd_swapped,1,97,1,-1,68.80078125
xor,59,a,global_week9,global,bcd_normal,1,67,1,-1,68.80078125
xor,59,a,global_week9,global,bcd_swapped,1,65,1,-1,68.80078125
xor,60,a,global_week9,global,u16BE_x1,2,1,1,1075,0.26873779296875
xor,60,a,global_week9,global,i16BE_x1,2,1,1,1075,0.26873779296875
xor,60,a,global_week9,global,bcd_normal,1,68,1,-1,68.80078125
xor,60,a,global_week9,global,bcd_swapped,1,84,1,-1,68.80078125
xor,61,a,global_week9,global,bcd_normal,1,103,1,-1,68.80078125
xor,61,a,global_week9,global,bcd_swapped,1,56,1,-1,68.80078125
xor,62,a,global_week9,global,u16BE_x1,2,1,1,13049,0.26873779296875
xor,62,a,global_week9,global,i16BE_x1,2,1,1,13049,0.26873779296875
xor,62,a,global_week9,global,bcd_normal,1,57,1,-1,68.80078125
xor,62,a,global_week9,global,bcd_swapped,1,74,1,-1,68.80078125
xor,63,a,global_week9,global,u16BE_x1,2,1,1,1563,0.26873779296875
xor,63,a,global_week9,global,i16BE_x1,2,1,1,1563,0.26873779296875
xor,63,a,global_week9,global,bcd_normal,1,63,1,-1,68.80078125
xor,63,a,global_week9,global,bcd_swapped,1,52,1,-1,68.80078125
xor,64,a,global_week9,global,u16LE_x1,2,1,1,15993,0.26873779296875
xor,64,a,global_week9,global,i16LE_x1,2,1,1,15993,0.26873779296875
xor,64,a,global_week9,global,bcd_normal,1,73,1,-1,68.80078125
xor,64,a,global_week9,global,bcd_swapped,1,55,1,-1,68.80078125
xor,65,a,global_week9,global,bcd_normal,1,73,1,-1,68.80078125
xor,65,a,global_week9,global,bcd_swapped,1,70,1,-1,68.80078125
xor,66,a,global_week9,global,u16LE_x10,2,1,1,811,0.26873779296875
xor,66,a,global_week9,global,i16LE_x10,2,1,1,811,0.26873779296875
xor,66,a,global_week9,global,bcd_normal,1,122,1,-1,68.80078125
xor,66,a,global_week9,global,bcd_swapped,1,53,1,-1,68.80078125
xor,67,a,global_week9,global,bcd_normal,1,97,1,-1,68.80078125
xor,67,a,global_week9,global,bcd_swapped,1,53,1,-1,68.80078125
xor,68,a,global_week9,global,u16BE_x100,2,4,1,-1,0.26873779296875
xor,68,a,global_week9,global,i16BE_x100,2,4,1,-1,0.26873779296875
xor,68,a,global_week9,global,bcd_normal,1,98,1,-1,68.80078125
xor,68,a,global_week9,global,bcd_swapped,1,63,1,-1,68.80078125
xor,69,a,global_week9,global,bcd_normal,1,105,1,-1,68.80078125
xor,69,a,global_week9,global,bcd_swapped,1,25,1,-1,68.80078125
xor,70,a,global_week9,global,bcd_normal,1,34,1,-1,68.80078125
xor,70,a,global_week9,global,bcd_swapped,1,41,1,-1,68.80078125
xor,71,a,global_week9,global,bcd_normal,1,76,1,-1,68.80078125
xor,71,a,global_week9,global,bcd_swapped,1,19,1,-1,68.80078125
xor,72,a,global_week9,global,bcd_normal,1,75,1,-1,68.80078125
xor,72,a,global_week9,global,bcd_swapped,1,17,1,-1,68.80078125
xor,73,a,global_week9,global,u16BE_x1,2,1,1,15993,0.26873779296875
xor,73,a,global_week9,global,i16BE_x1,2,1,1,15993,0.26873779296875
xor,73,a,global_week9,global,u16LE_x10,2,8,1,-1,0.26873779296875
xor,73,a,global_week9,global,i16LE_x10,2,8,1,-1,0.26873779296875
xor,73,a,global_week9,global,u16BE_x10,2,1,1,17211,0.26873779296875
xor,73,a,global_week9,global,i16BE_x10,2,1,1,17211,0.26873779296875
xor,73,a,global_week9,global,bcd_normal,1,119,1,-1,68.80078125
xor,73,a,global_week9,global,bcd_swapped,1,55,1,-1,68.80078125
xor,74,a,global_week9,global,bcd_normal,1,59,1,-1,68.80078125
xor,74,a,global_week9,global,bcd_swapped,1,68,1,-1,68.80078125
xor,75,a,global_week9,global,bcd_normal,1,72,1,-1,68.80078125
xor,75,a,global_week9,global,bcd_swapped,1,37,1,-1,68.80078125
xor,76,a,global_week9,global,bcd_normal,1,94,1,-1,68.80078125
xor,76,a,global_week9,global,bcd_swapped,1,57,1,-1,68.80078125
xor,77,a,global_week9,global,bcd_normal,1,92,1,-1,68.80078125
xor,77,a,global_week9,global,bcd_swapped,1,49,1,-1,68.80078125
xor,78,a,global_week9,global,bcd_normal,1,37,1,-1,68.80078125
xor,78,a,global_week9,global,bcd_swapped,1,38,1,-1,68.80078125
xor,79,a,global_week9,global,bcd_normal,1,39,1,-1,68.80078125
xor,79,a,global_week9,global,bcd_swapped,1,22,1,-1,68.80078125
xor,80,a,global_week9,global,u16BE_x10,2,2,1,-1,0.26873779296875
xor,80,a,global_week9,global,i16BE_x10,2,2,1,-1,0.26873779296875
xor,80,a,global_week9,global,bcd_normal,1,119,1,-1,68.80078125
xor,80,a,global_week9,global,bcd_swapped,1,127,1,-1,68.80078125
xor,81,a,global_week9,global,bcd_normal,1,124,1,-1,68.80078125
xor,81,a,global_week9,global,bcd_swapped,1,53,1,-1,68.80078125
xor,82,a,global_week9,global,bcd_normal,1,92,1,-1,68.80078125
xor,82,a,global_week9,global,bcd_swapped,1,85,1,-1,68.80078125
xor,83,a,global_week9,global,u16BE_x10,2,5,1,-1,0.26873779296875
xor,83,a,global_week9,global,i16BE_x10,2,5,1,-1,0.26873779296875
xor,83,a,global_week9,global,bcd_normal,1,63,1,-1,68.80078125
xor,83,a,global_week9,global,bcd_swapped,1,31,1,-1,68.80078125
xor,84,a,global_week9,global,bcd_normal,1,58,1,-1,68.80078125
xor,84,a,global_week9,global,bcd_swapped,1,136,1,-1,68.80078125
xor,85,a,global_week9,global,u16BE_x1,2,1,1,17545,0.26873779296875
xor,85,a,global_week9,global,i16BE_x1,2,1,1,17545,0.26873779296875
xor,85,a,global_week9,global,bcd_normal,1,66,1,-1,68.80078125
xor,85,a,global_week9,global,bcd_swapped,1,79,1,-1,68.80078125
xor,86,a,global_week9,global,bcd_normal,1,67,1,-1,68.80078125
xor,86,a,global_week9,global,bcd_swapped,1,33,1,-1,68.80078125
xor,87,a,global_week9,global,u16BE_x10,2,1,1,17144,0.26873779296875
xor,87,a,global_week9,global,i16BE_x10,2,1,1,17144,0.26873779296875
xor,87,a,global_week9,global,bcd_normal,1,43,1,-1,68.80078125
xor,87,a,global_week9,global,bcd_swapped,1,31,1,-1,68.80078125
xor,88,a,global_week9,global,bcd_normal,1,50,1,-1,68.80078125
xor,88,a,global_week9,global,bcd_swapped,1,37,1,-1,68.80078125
xor,89,a,global_week9,global,bcd_normal,1,91,1,-1,68.80078125
xor,89,a,global_week9,global,bcd_swapped,1,93,1,-1,68.80078125
xor,90,a,global_week9,global,u16BE_x100,2,1,1,1044,0.26873779296875
xor,90,a,global_week9,global,i16BE_x100,2,1,1,1044,0.26873779296875
xor,90,a,global_week9,global,bcd_normal,1,51,1,-1,68.80078125
xor,90,a,global_week9,global,bcd_swapped,1,87,1,-1,68.80078125
xor,91,a,global_week9,global,u16LE_x10,2,10,1,-1,0.26873779296875
xor,91,a,global_week9,global,i16LE_x10,2,10,1,-1,0.26873779296875
xor,91,a,global_week9,global,bcd_normal,1,61,1,-1,68.80078125
xor,91,a,global_week9,global,bcd_swapped,1,80,1,-1,68.80078125
xor,92,a,global_week9,global,u16LE_x1,2,1,1,17545,0.26873779296875
xor,92,a,global_week9,global,i16LE_x1,2,1,1,17545,0.26873779296875
xor,92,a,global_week9,global,bcd_normal,1,75,1,-1,68.80078125
xor,92,a,global_week9,global,bcd_swapped,1,61,1,-1,68.80078125
xor,93,a,global_week9,global,bcd_normal,1,102,1,-1,68.80078125
xor,93,a,global_week9,global,bcd_swapped,1,66,1,-1,68.80078125
xor,94,a,global_week9,global,bcd_normal,1,79,1,-1,68.80078125
xor,94,a,global_week9,global,bcd_swapped,1,52,1,-1,68.80078125
xor,95,a,global_week9,global,bcd_normal,1,99,1,-1,68.80078125
xor,95,a,global_week9,global,bcd_swapped,1,21,1,-1,68.80078125
xor,96,a,global_week9,global,bcd_normal,1,83,1,-1,68.80078125
xor,96,a,global_week9,global,bcd_swapped,1,45,1,-1,68.80078125
xor,97,a,global_week9,global,bcd_normal,1,55,1,-1,68.80078125
xor,97,a,global_week9,global,bcd_swapped,1,39,1,-1,68.80078125
xor,98,a,global_week9,global,u16BE_x10,2,1,1,12801,0.26873779296875
xor,98,a,global_week9,global,i16BE_x10,2,1,1,12801,0.26873779296875
xor,98,a,global_week9,global,u16LE_x100,2,1,1,13182,0.26873779296875
xor,98,a,global_week9,global,i16LE_x100,2,1,1,13182,0.26873779296875
xor,98,a,global_week9,global,bcd_normal,1,38,1,-1,68.80078125
xor,98,a,global_week9,global,bcd_swapped,1,47,1,-1,68.80078125
xor,99,a,global_week9,global,bcd_normal,1,54,1,-1,68.80078125
xor,99,a,global_week9,global,bcd_swapped,1,42,1,-1,68.80078125
xor,100,a,global_week9,global,bcd_normal,1,47,1,-1,68.80078125
xor,100,a,global_week9,global,bcd_swapped,1,26,1,-1,68.80078125
xor,101,a,global_week9,global,bcd_normal,1,55,1,-1,68.80078125
xor,101,a,global_week9,global,bcd_swapped,1,36,1,-1,68.80078125
xor,102,a,global_week9,global,bcd_normal,1,70,1,-1,68.80078125
xor,102,a,global_week9,global,bcd_swapped,1,16,1,-1,68.80078125
xor,103,a,global_week9,global,bcd_normal,1,48,1,-1,68.80078125
xor,103,a,global_week9,global,bcd_swapped,1,14,1,-1,68.80078125
xor,104,a,global_week9,global,bcd_normal,1,52,1,-1,68.80078125
xor,104,a,global_week9,global,bcd_swapped,1,66,1,-1,68.80078125
xor,105,a,global_week9,global,bcd_normal,1,79,1,-1,68.80078125
xor,105,a,global_week9,global,bcd_swapped,1,65,1,-1,68.80078125
xor,106,a,global_week9,global,bcd_normal,1,43,1,-1,68.80078125
xor,106,a,global_week9,global,bcd_swapped,1,33,1,-1,68.80078125
xor,107,a,global_week9,global,bcd_normal,1,74,1,-1,68.80078125
xor,107,a,global_week9,global,bcd_swapped,1,9,1,-1,68.80078125
xor,108,a,global_week9,global,bcd_normal,1,76,1,-1,68.80078125
xor,108,a,global_week9,global,bcd_swapped,1,31,1,-1,68.80078125
xor,109,a,global_week9,global,u16BE_x10,2,8,1,-1,0.26873779296875
xor,109,a,global_week9,global,i16BE_x10,2,8,1,-1,0.26873779296875
xor,109,a,global_week9,global,bcd_normal,1,72,1,-1,68.80078125
xor,109,a,global_week9,global,bcd_swapped,1,17,1,-1,68.80078125
xor,110,a,global_week9,global,u16LE_x100,2,4,1,-1,0.26873779296875
xor,110,a,global_week9,global,i16LE_x100,2,4,1,-1,0.26873779296875
xor,110,a,global_week9,global,bcd_normal,1,44,1,-1,68.80078125
xor,110,a,global_week9,global,bcd_swapped,1,142,1,-1,68.80078125
xor,111,a,global_week9,global,u16LE_x100,2,1,1,736,0.26873779296875
xor,111,a,global_week9,global,i16LE_x100,2,1,1,736,0.26873779296875
xor,111,a,global_week9,global,bcd_normal,1,56,1,-1,68.80078125
xor,111,a,global_week9,global,bcd_swapped,1,10,1,-1,68.80078125
xor,112,a,global_week9,global,u16LE_x1,2,1,1,938,0.26873779296875
xor,112,a,global_week9,global,i16LE_x1,2,1,1,938,0.26873779296875
xor,112,a,global_week9,global,bcd_normal,1,75,1,-1,68.80078125
xor,112,a,global_week9,global,bcd_swapped,1,147,1,-1,68.80078125
xor,113,a,global_week9,global,bcd_normal,1,45,1,-1,68.80078125
xor,113,a,global_week9,global,bcd_swapped,1,75,1,-1,68.80078125
xor,114,a,global_week9,global,bcd_normal,1,26,1,-1,68.80078125
xor,114,a,global_week9,global,bcd_swapped,1,103,1,-1,68.80078125
xor,115,a,global_week9,global,u16BE_x10,2,8,1,-1,0.26873779296875
xor,115,a,global_week9,global,i16BE_x10,2,8,1,-1,0.26873779296875
xor,115,a,global_week9,global,bcd_normal,1,18,1,-1,68.80078125
xor,115,a,global_week9,global,bcd_swapped,1,42,1,-1,68.80078125
xor,116,a,global_week9,global,bcd_normal,1,14,1,-1,68.80078125
xor,116,a,global_week9,global,bcd_swapped,1,59,1,-1,68.80078125
xor,117,a,global_week9,global,bcd_normal,1,51,1,-1,68.80078125
xor,117,a,global_week9,global,bcd_swapped,1,49,1,-1,68.80078125
xor,118,a,global_week9,global,u16LE_x1,2,1,1,15675,0.26873779296875
xor,118,a,global_week9,global,i16LE_x1,2,1,1,15675,0.26873779296875
xor,118,a,global_week9,global,bcd_normal,1,11,1,-1,68.80078125
xor,118,a,global_week9,global,bcd_swapped,1,70,1,-1,68.80078125
xor,119,a,global_week9,global,u16BE_x10,2,1,1,15800,0.26873779296875
xor,119,a,global_week9,global,i16BE_x10,2,1,1,15800,0.26873779296875
xor,119,a,global_week9,global,bcd_normal,1,19,1,-1,68.80078125
xor,119,a,global_week9,global,bcd_swapped,1,36,1,-1,68.80078125
xor,120,a,global_week9,global,bcd_normal,1,45,1,-1,68.80078125
xor,120,a,global_week9,global,bcd_swapped,1,31,1,-1,68.80078125
xor,121,a,global_week9,global,u16BE_x1,2,1,1,938,0.26873779296875
xor,121,a,global_week9,global,i16BE_x1,2,1,1,938,0.26873779296875
xor,121,a,global_week9,global,bcd_normal,1,75,1,-1,68.80078125
xor,121,a,global_week9,global,bcd_swapped,1,56,1,-1,68.80078125
xor,122,a,global_week9,global,bcd_normal,1,75,1,-1,68.80078125
xor,122,a,global_week9,global,bcd_swapped,1,58,1,-1,68.80078125
xor,123,a,global_week9,global,bcd_normal,1,50,1,-1,68.80078125
xor,123,a,global_week9,global,bcd_swapped,1,40,1,-1,68.80078125
xor,124,a,global_week9,global,bcd_normal,1,62,1,-1,68.80078125
xor,124,a,global_week9,global,bcd_swapped,1,30,1,-1,68.80078125
xor,125,a,global_week9,global,bcd_normal,1,65,1,-1,68.80078125
xor,125,a,global_week9,global,bcd_swapped,1,13,1,-1,68.80078125
xor,126,a,global_week9,global,u16LE_x100,2,1,1,10682,0.26873779296875
xor,126,a,global_week9,global,i16LE_x100,2,1,1,10682,0.26873779296875
xor,126,a,global_week9,global,bcd_normal,1,38,1,-1,68.80078125
xor,126,a,global_week9,global,bcd_swapped,1,12,1,-1,68.80078125
xor,127,a,global_week9,global,u16BE_x1,2,1,1,15675,0.26873779296875
xor,127,a,global_week9,global,i16BE_x1,2,1,1,15675,0.26873779296875
xor,127,a,global_week9,global,bcd_normal,1,35,1,-1,68.80078125
xor,127,a,global_week9,global,bcd_swapped,1,26,1,-1,68.80078125
xor,128,a,global_week9,global,u16BE_x1,2,1,1,12631,0.26873779296875
xor,128,a,global_week9,global,i16BE_x1,2,1,1,12631,0.26873779296875
xor,128,a,global_week9,global,bcd_normal,1,105,1,-1,68.80078125
xor,128,a,global_week9,global,bcd_swapped,1,113,1,-1,68.80078125
xor,129,a,global_week9,global,u16LE_x100,2,5,1,-1,0.26873779296875
xor,129,a,global_week9,global,i16LE_x100,2,5,1,-1,0.26873779296875
xor,129,a,global_week9,global,bcd_normal,1,123,1,-1,68.80078125
xor,129,a,global_week9,global,bcd_swapped,1,138,1,-1,68.80078125
xor,130,a,global_week9,global,bcd_normal,1,62,1,-1,68.80078125
xor,130,a,global_week9,global,bcd_swapped,1,154,1,-1,68.80078125
xor,131,a,global_week9,global,bcd_normal,1,111,1,-1,68.80078125
xor,131,a,global_week9,global,bcd_swapped,1,162,1,-1,68.80078125
xor,132,a,global_week9,global,u16LE_x100,2,28,1,-1,0.26873779296875
xor,132,a,global_week9,global,i16LE_x100,2,28,1,-1,0.26873779296875
xor,132,a,global_week9,global,u16BE_x100,2,6,1,-1,0.26873779296875
xor,132,a,global_week9,global,i16BE_x100,2,6,1,-1,0.26873779296875
xor,132,a,global_week9,global,bcd_normal,1,33,1,-1,68.80078125
xor,132,a,global_week9,global,bcd_swapped,1,57,1,-1,68.80078125
xor,133,a,global_week9,global,u16LE_x100,2,6,1,-1,0.26873779296875
xor,133,a,global_week9,global,i16LE_x100,2,6,1,-1,0.26873779296875
xor,133,a,global_week9,global,bcd_normal,1,58,1,-1,68.80078125
xor,133,a,global_week9,global,bcd_swapped,1,87,1,-1,68.80078125
xor,134,a,global_week9,global,bcd_normal,1,45,1,-1,68.80078125
xor,134,a,global_week9,global,bcd_swapped,1,63,1,-1,68.80078125
xor,135,a,global_week9,global,u16BE_x100,2,3,1,-1,0.26873779296875
xor,135,a,global_week9,global,i16BE_x100,2,3,1,-1,0.26873779296875
xor,135,a,global_week9,global,bcd_normal,1,27,1,-1,68.80078125
xor,135,a,global_week9,global,bcd_swapped,1,85,1,-1,68.80078125
xor,136,a,global_week9,global,bcd_normal,1,79,1,-1,68.80078125
xor,136,a,global_week9,global,bcd_swapped,1,61,1,-1,68.80078125
xor,137,a,global_week9,global,u16LE_x1,2,1,1,12631,0.26873779296875
xor,137,a,global_week9,global,i16LE_x1,2,1,1,12631,0.26873779296875
xor,137,a,global_week9,global,u16LE_x10,2,8,1,-1,0.26873779296875
xor,137,a,global_week9,global,i16LE_x10,2,8,1,-1,0.26873779296875
xor,137,a,global_week9,global,bcd_normal,1,151,1,-1,68.80078125
xor,137,a,global_week9,global,bcd_swapped,1,39,1,-1,68.80078125
xor,138,a,global_week9,global,bcd_normal,1,109,1,-1,68.80078125
xor,138,a,global_week9,global,bcd_swapped,1,40,1,-1,68.80078125
xor,139,a,global_week9,global,bcd_normal,1,143,1,-1,68.80078125
xor,139,a,global_week9,global,bcd_swapped,1,41,1,-1,68.80078125
xor,140,a,global_week9,global,bcd_normal,1,117,1,-1,68.80078125
xor,140,a,global_week9,global,bcd_swapped,1,66,1,-1,68.80078125
xor,141,a,global_week9,global,bcd_normal,1,154,1,-1,68.80078125
xor,141,a,global_week9,global,bcd_swapped,1,18,1,-1,68.80078125
xor,142,a,global_week9,global,bcd_normal,1,101,1,-1,68.80078125
xor,142,a,global_week9,global,bcd_swapped,1,27,1,-1,68.80078125
xor,143,a,global_week9,global,bcd_normal,1,67,1,-1,68.80078125
xor,143,a,global_week9,global,bcd_swapped,1,26,1,-1,68.80078125
xor,144,a,global_week9,global,bcd_normal,1,136,1,-1,68.80078125
xor,144,a,global_week9,global,bcd_swapped,1,513,1,-1,68.80078125
xor,145,a,global_week9,global,bcd_normal,1,64,1,-1,68.80078125
xor,145,a,global_week9,global,bcd_swapped,1,140,1,-1,68.80078125
xor,146,a,global_week9,global,bcd_normal,1,46,1,-1,68.80078125
xor,146,a,global_week9,global,bcd_swapped,1,185,1,-1,68.80078125
xor,147,a,global_week9,global,u16LE_x10,2,1,1,1425,0.26873779296875
xor,147,a,global_week9,global,i16LE_x10,2,1,1,1425,0.26873779296875
xor,147,a,global_week9,global,u16BE_x10,2,8,1,-1,0.26873779296875
xor,147,a,global_week9,global,i16BE_x10,2,8,1,-1,0.26873779296875
xor,147,a,global_week9,global,bcd_normal,1,132,1,-1,68.80078125
xor,147,a,global_week9,global,bcd_swapped,1,28,1,-1,68.80078125
xor,148,a,global_week9,global,u16BE_x10,2,4,1,-1,0.26873779296875
xor,148,a,global_week9,global,i16BE_x10,2,4,1,-1,0.26873779296875
xor,148,a,global_week9,global,bcd_normal,1,47,1,-1,68.80078125
xor,148,a,global_week9,global,bcd_swapped,1,120,1,-1,68.80078125
xor,149,a,global_week9,global,bcd_normal,1,82,1,-1,68.80078125
xor,149,a,global_week9,global,bcd_swapped,1,48,1,-1,68.80078125
xor,150,a,global_week9,global,bcd_normal,1,32,1,-1,68.80078125
xor,150,a,global_week9,global,bcd_swapped,1,63,1,-1,68.80078125
xor,151,a,global_week9,global,u16LE_x100,2,8,1,-1,0.26873779296875
xor,151,a,global_week9,global,i16LE_x100,2,8,1,-1,0.26873779296875
xor,151,a,global_week9,global,bcd_normal,1,30,1,-1,68.80078125
xor,151,a,global_week9,global,bcd_swapped,1,31,1,-1,68.80078125
xor,152,a,global_week9,global,bcd_normal,1,79,1,-1,68.80078125
xor,152,a,global_week9,global,bcd_swapped,1,123,1,-1,68.80078125
xor,153,a,global_week9,global,bcd_normal,1,93,1,-1,68.80078125
xor,153,a,global_week9,global,bcd_swapped,1,157,1,-1,68.80078125
xor,154,a,global_week9,global,bcd_normal,1,79,1,-1,68.80078125
xor,154,a,global_week9,global,bcd_swapped,1,159,1,-1,68.80078125
xor,155,a,global_week9,global,bcd_normal,1,97,1,-1,68.80078125
xor,155,a,global_week9,global,bcd_swapped,1,62,1,-1,68.80078125
xor,156,a,global_week9,global,bcd_normal,1,108,1,-1,68.80078125
xor,156,a,global_week9,global,bcd_swapped,1,51,1,-1,68.80078125
xor,157,a,global_week9,global,bcd_normal,1,107,1,-1,68.80078125
xor,157,a,global_week9,global,bcd_swapped,1,53,1,-1,68.80078125
xor,158,a,global_week9,global,u16LE_x100,2,1,1,10905,0.26873779296875
xor,158,a,global_week9,global,i16LE_x100,2,1,1,10905,0.26873779296875
xor,158,a,global_week9,global,bcd_normal,1,105,1,-1,68.80078125
xor,158,a,global_week9,global,bcd_swapped,1,25,1,-1,68.80078125
xor,159,a,global_week9,global,bcd_normal,1,95,1,-1,68.80078125
xor,159,a,global_week9,global,bcd_swapped,1,51,1,-1,68.80078125
xor,160,a,global_week9,global,bcd_normal,1,62,1,-1,68.80078125
xor,160,a,global_week9,global,bcd_swapped,1,69,1,-1,68.80078125
xor,161,a,global_week9,global,bcd_normal,1,66,1,-1,68.80078125
xor,161,a,global_week9,global,bcd_swapped,1,54,1,-1,68.80078125
xor,162,a,global_week9,global,bcd_normal,1,65,1,-1,68.80078125
xor,162,a,global_week9,global,bcd_swapped,1,67,1,-1,68.80078125
xor,163,a,global_week9,global,u16BE_x10,2,1,1,584,0.26873779296875
xor,163,a,global_week9,global,i16BE_x10,2,1,1,584,0.26873779296875
xor,163,a,global_week9,global,bcd_normal,1,97,1,-1,68.80078125
xor,163,a,global_week9,global,bcd_swapped,1,70,1,-1,68.80078125
xor,164,a,global_week9,global,u16LE_x10,2,1,1,16105,0.26873779296875
xor,164,a,global_week9,global,i16LE_x10,2,1,1,16105,0.26873779296875
xor,164,a,global_week9,global,bcd_normal,1,56,1,-1,68.80078125
xor,164,a,global_week9,global,bcd_swapped,1,103,1,-1,68.80078125
xor,165,a,global_week9,global,bcd_normal,1,84,1,-1,68.80078125
xor,165,a,global_week9,global,bcd_swapped,1,68,1,-1,68.80078125
xor,166,a,global_week9,global,bcd_normal,1,52,1,-1,68.80078125
xor,166,a,global_week9,global,bcd_swapped,1,63,1,-1,68.80078125
xor,167,a,global_week9,global,bcd_normal,1,74,1,-1,68.80078125
xor,167,a,global_week9,global,bcd_swapped,1,57,1,-1,68.80078125
xor,168,a,global_week9,global,bcd_normal,1,57,1,-1,68.80078125
xor,168,a,global_week9,global,bcd_swapped,1,92,1,-1,68.80078125
xor,169,a,global_week9,global,bcd_normal,1,85,1,-1,68.80078125
xor,169,a,global_week9,global,bcd_swapped,1,69,1,-1,68.80078125
xor,170,a,global_week9,global,u16BE_x100,2,4,1,-1,0.26873779296875
xor,170,a,global_week9,global,i16BE_x100,2,4,1,-1,0.26873779296875
xor,170,a,global_week9,global,bcd_normal,1,27,1,-1,68.80078125
xor,170,a,global_week9,global,bcd_swapped,1,32,1,-1,68.80078125
xor,171,a,global_week9,global,u16LE_x100,2,1,1,10829,0.26873779296875
xor,171,a,global_week9,global,i16LE_x100,2,1,1,10829,0.26873779296875
xor,171,a,global_week9,global,bcd_normal,1,61,1,-1,68.80078125
xor,171,a,global_week9,global,bcd_swapped,1,44,1,-1,68.80078125
xor,172,a,global_week9,global,bcd_normal,1,104,1,-1,68.80078125
xor,172,a,global_week9,global,bcd_swapped,1,50,1,-1,68.80078125
xor,173,a,global_week9,global,bcd_normal,1,54,1,-1,68.80078125
xor,173,a,global_week9,global,bcd_swapped,1,24,1,-1,68.80078125
xor,174,a,global_week9,global,bcd_normal,1,53,1,-1,68.80078125
xor,174,a,global_week9,global,bcd_swapped,1,32,1,-1,68.80078125
xor,175,a,global_week9,global,bcd_normal,1,82,1,-1,68.80078125
xor,175,a,global_week9,global,bcd_swapped,1,14,1,-1,68.80078125
xor,176,a,global_week9,global,bcd_normal,1,70,1,-1,68.80078125
xor,176,a,global_week9,global,bcd_swapped,1,126,1,-1,68.80078125
xor,177,a,global_week9,global,bcd_normal,1,48,1,-1,68.80078125
xor,177,a,global_week9,global,bcd_swapped,1,77,1,-1,68.80078125
xor,178,a,global_week9,global,bcd_normal,1,47,1,-1,68.80078125
xor,178,a,global_week9,global,bcd_swapped,1,96,1,-1,68.80078125
xor,179,a,global_week9,global,bcd_normal,1,27,1,-1,68.80078125
xor,179,a,global_week9,global,bcd_swapped,1,66,1,-1,68.80078125
xor,180,a,global_week9,global,bcd_normal,1,30,1,-1,68.80078125
xor,180,a,global_week9,global,bcd_swapped,1,92,1,-1,68.80078125
xor,181,a,global_week9,global,bcd_normal,1,79,1,-1,68.80078125
xor,181,a,global_week9,global,bcd_swapped,1,150,1,-1,68.80078125
xor,182,a,global_week9,global,bcd_normal,1,5,1,-1,68.80078125
xor,182,a,global_week9,global,bcd_swapped,1,130,1,-1,68.80078125
xor,183,a,global_week9,global,bcd_normal,1,46,1,-1,68.80078125
xor,183,a,global_week9,global,bcd_swapped,1,56,1,-1,68.80078125
xor,184,a,global_week9,global,u16LE_x10,2,8,1,-1,0.26873779296875
xor,184,a,global_week9,global,i16LE_x10,2,8,1,-1,0.26873779296875
xor,184,a,global_week9,global,u16BE_x10,2,8,1,-1,0.26873779296875
xor,184,a,global_week9,global,i16BE_x10,2,8,1,-1,0.26873779296875
xor,184,a,global_week9,global,bcd_normal,1,46,1,-1,68.80078125
xor,184,a,global_week9,global,bcd_swapped,1,92,1,-1,68.80078125
xor,185,a,global_week9,global,bcd_normal,1,85,1,-1,68.80078125
xor,185,a,global_week9,global,bcd_swapped,1,107,1,-1,68.80078125
xor,186,a,global_week9,global,bcd_normal,1,35,1,-1,68.80078125
xor,186,a,global_week9,global,bcd_swapped,1,95,1,-1,68.80078125
xor,187,a,global_week9,global,bcd_normal,1,133,1,-1,68.80078125
xor,187,a,global_week9,global,bcd_swapped,1,91,1,-1,68.80078125
xor,188,a,global_week9,global,u16BE_x10,2,2,1,-1,0.26873779296875
xor,188,a,global_week9,global,i16BE_x10,2,2,1,-1,0.26873779296875
xor,188,a,global_week9,global,bcd_normal,1,67,1,-1,68.80078125
xor,188,a,global_week9,global,bcd_swapped,1,134,1,-1,68.80078125
xor,189,a,global_week9,global,u16LE_x100,2,1,1,1171,0.26873779296875
xor,189,a,global_week9,global,i16LE_x100,2,1,1,1171,0.26873779296875
xor,189,a,global_week9,global,bcd_normal,1,72,1,-1,68.80078125
xor,189,a,global_week9,global,bcd_swapped,1,78,1,-1,68.80078125
xor,190,a,global_week9,global,bcd_normal,1,21,1,-1,68.80078125
xor,190,a,global_week9,global,bcd_swapped,1,92,1,-1,68.80078125
xor,191,a,global_week9,global,bcd_normal,1,47,1,-1,68.80078125
xor,191,a,global_week9,global,bcd_swapped,1,49,1,-1,68.80078125
xor,192,a,global_week9,global,u16LE_x1,2,1,1,12986,0.26873779296875
xor,192,a,global_week9,global,i16LE_x1,2,1,1,12986,0.26873779296875
xor,192,a,global_week9,global,bcd_normal,1,93,1,-1,68.80078125
xor,192,a,global_week9,global,bcd_swapped,1,91,1,-1,68.80078125
xor,193,a,global_week9,global,bcd_normal,1,37,1,-1,68.80078125
xor,193,a,global_week9,global,bcd_swapped,1,50,1,-1,68.80078125
xor,194,a,global_week9,global,bcd_normal,1,80,1,-1,68.80078125
xor,194,a,global_week9,global,bcd_swapped,1,61,1,-1,68.80078125
xor,195,a,global_week9,global,u16LE_x100,2,4,1,-1,0.26873779296875
xor,195,a,global_week9,global,i16LE_x100,2,4,1,-1,0.26873779296875
xor,195,a,global_week9,global,bcd_normal,1,87,1,-1,68.80078125
xor,195,a,global_week9,global,bcd_swapped,1,51,1,-1,68.80078125
xor,196,a,global_week9,global,bcd_normal,1,66,1,-1,68.80078125
xor,196,a,global_week9,global,bcd_swapped,1,102,1,-1,68.80078125
xor,197,a,global_week9,global,bcd_normal,1,61,1,-1,68.80078125
xor,197,a,global_week9,global,bcd_swapped,1,75,1,-1,68.80078125
xor,198,a,global_week9,global,bcd_normal,1,21,1,-1,68.80078125
xor,198,a,global_week9,global,bcd_swapped,1,99,1,-1,68.80078125
xor,199,a,global_week9,global,bcd_normal,1,52,1,-1,68.80078125
xor,199,a,global_week9,global,bcd_swapped,1,79,1,-1,68.80078125
xor,200,a,global_week9,global,bcd_normal,1,53,1,-1,68.80078125
xor,200,a,global_week9,global,bcd_swapped,1,124,1,-1,68.80078125
xor,201,a,global_week9,global,u16BE_x1,2,1,1,12986,0.26873779296875
xor,201,a,global_week9,global,i16BE_x1,2,1,1,12986,0.26873779296875
xor,201,a,global_week9,global,u16LE_x10,2,8,1,-1,0.26873779296875
xor,201,a,global_week9,global,i16LE_x10,2,8,1,-1,0.26873779296875
xor,201,a,global_week9,global,u16BE_x10,2,1,1,1425,0.26873779296875
xor,201,a,global_week9,global,i16BE_x10,2,1,1,1425,0.26873779296875
xor,201,a,global_week9,global,bcd_normal,1,127,1,-1,68.80078125
xor,201,a,global_week9,global,bcd_swapped,1,119,1,-1,68.80078125
xor,202,a,global_week9,global,bcd_normal,1,31,1,-1,68.80078125
xor,202,a,global_week9,global,bcd_swapped,1,63,1,-1,68.80078125
xor,203,a,global_week9,global,bcd_normal,1,85,1,-1,68.80078125
xor,203,a,global_week9,global,bcd_swapped,1,92,1,-1,68.80078125
xor,204,a,global_week9,global,bcd_normal,1,79,1,-1,68.80078125
xor,204,a,global_week9,global,bcd_swapped,1,66,1,-1,68.80078125
xor,205,a,global_week9,global,bcd_normal,1,136,1,-1,68.80078125
xor,205,a,global_week9,global,bcd_swapped,1,58,1,-1,68.80078125
xor,206,a,global_week9,global,u16LE_x10,2,4,1,-1,0.26873779296875
xor,206,a,global_week9,global,i16LE_x10,2,4,1,-1,0.26873779296875
xor,206,a,global_week9,global,bcd_normal,1,31,1,-1,68.80078125
xor,206,a,global_week9,global,bcd_swapped,1,43,1,-1,68.80078125
xor,207,a,global_week9,global,bcd_normal,1,33,1,-1,68.80078125
xor,207,a,global_week9,global,bcd_swapped,1,67,1,-1,68.80078125
xor,208,a,global_week9,global,bcd_normal,1,55,1,-1,68.80078125
xor,208,a,global_week9,global,bcd_swapped,1,119,1,-1,68.80078125
xor,209,a,global_week9,global,bcd_normal,1,17,1,-1,68.80078125
xor,209,a,global_week9,global,bcd_swapped,1,75,1,-1,68.80078125
xor,210,a,global_week9,global,bcd_normal,1,37,1,-1,68.80078125
xor,210,a,global_week9,global,bcd_swapped,1,72,1,-1,68.80078125
xor,211,a,global_week9,global,u16BE_x10,2,8,1,-1,0.26873779296875
xor,211,a,global_week9,global,i16BE_x10,2,8,1,-1,0.26873779296875
xor,211,a,global_week9,global,bcd_normal,1,68,1,-1,68.80078125
xor,211,a,global_week9,global,bcd_swapped,1,59,1,-1,68.80078125
xor,212,a,global_week9,global,bcd_normal,1,49,1,-1,68.80078125
xor,212,a,global_week9,global,bcd_swapped,1,92,1,-1,68.80078125
xor,213,a,global_week9,global,bcd_normal,1,57,1,-1,68.80078125
xor,213,a,global_week9,global,bcd_swapped,1,94,1,-1,68.80078125
xor,214,a,global_week9,global,bcd_normal,1,22,1,-1,68.80078125
xor,214,a,global_week9,global,bcd_swapped,1,39,1,-1,68.80078125
xor,215,a,global_week9,global,bcd_normal,1,38,1,-1,68.80078125
xor,215,a,global_week9,global,bcd_swapped,1,37,1,-1,68.80078125
xor,216,a,global_week9,global,bcd_normal,1,70,1,-1,68.80078125
xor,216,a,global_week9,global,bcd_swapped,1,73,1,-1,68.80078125
xor,217,a,global_week9,global,bcd_normal,1,55,1,-1,68.80078125
xor,217,a,global_week9,global,bcd_swapped,1,73,1,-1,68.80078125
xor,218,a,global_week9,global,bcd_normal,1,53,1,-1,68.80078125
xor,218,a,global_week9,global,bcd_swapped,1,97,1,-1,68.80078125
xor,219,a,global_week9,global,bcd_normal,1,53,1,-1,68.80078125
xor,219,a,global_week9,global,bcd_swapped,1,122,1,-1,68.80078125
xor,220,a,global_week9,global,bcd_normal,1,25,1,-1,68.80078125
xor,220,a,global_week9,global,bcd_swapped,1,105,1,-1,68.80078125
xor,221,a,global_week9,global,u16LE_x100,2,1,1,1044,0.26873779296875
xor,221,a,global_week9,global,i16LE_x100,2,1,1,1044,0.26873779296875
xor,221,a,global_week9,global,bcd_normal,1,63,1,-1,68.80078125
xor,221,a,global_week9,global,bcd_swapped,1,98,1,-1,68.80078125
xor,222,a,global_week9,global,bcd_normal,1,19,1,-1,68.80078125
xor,222,a,global_week9,global,bcd_swapped,1,76,1,-1,68.80078125
xor,223,a,global_week9,global,bcd_normal,1,41,1,-1,68.80078125
xor,223,a,global_week9,global,bcd_swapped,1,34,1,-1,68.80078125
xor,224,a,global_week9,global,u16BE_x1,2,1,1,12672,0.26873779296875
xor,224,a,global_week9,global,i16BE_x1,2,1,1,12672,0.26873779296875
xor,224,a,global_week9,global,bcd_normal,1,56,1,-1,68.80078125
xor,224,a,global_week9,global,bcd_swapped,1,75,1,-1,68.80078125
xor,225,a,global_week9,global,bcd_normal,1,31,1,-1,68.80078125
xor,225,a,global_week9,global,bcd_swapped,1,45,1,-1,68.80078125
xor,226,a,global_week9,global,u16LE_x10,2,8,1,-1,0.26873779296875
xor,226,a,global_week9,global,i16LE_x10,2,8,1,-1,0.26873779296875
xor,226,a,global_week9,global,u16BE_x10,2,8,1,-1,0.26873779296875
xor,226,a,global_week9,global,i16BE_x10,2,8,1,-1,0.26873779296875
xor,226,a,global_week9,global,bcd_normal,1,40,1,-1,68.80078125
xor,226,a,global_week9,global,bcd_swapped,1,50,1,-1,68.80078125
xor,227,a,global_week9,global,bcd_normal,1,58,1,-1,68.80078125
xor,227,a,global_week9,global,bcd_swapped,1,75,1,-1,68.80078125
xor,228,a,global_week9,global,bcd_normal,1,13,1,-1,68.80078125
xor,228,a,global_week9,global,bcd_swapped,1,65,1,-1,68.80078125
xor,229,a,global_week9,global,u16BE_x100,2,1,1,13182,0.26873779296875
xor,229,a,global_week9,global,i16BE_x100,2,1,1,13182,0.26873779296875
xor,229,a,global_week9,global,bcd_normal,1,30,1,-1,68.80078125
xor,229,a,global_week9,global,bcd_swapped,1,62,1,-1,68.80078125
xor,230,a,global_week9,global,u16LE_x10,2,2,1,-1,0.26873779296875
xor,230,a,global_week9,global,i16LE_x10,2,2,1,-1,0.26873779296875
xor,230,a,global_week9,global,bcd_normal,1,26,1,-1,68.80078125
xor,230,a,global_week9,global,bcd_swapped,1,35,1,-1,68.80078125
xor,231,a,global_week9,global,bcd_normal,1,12,1,-1,68.80078125
xor,231,a,global_week9,global,bcd_swapped,1,38,1,-1,68.80078125
xor,232,a,global_week9,global,u16BE_x100,2,1,1,736,0.26873779296875
xor,232,a,global_week9,global,i16BE_x100,2,1,1,736,0.26873779296875
xor,232,a,global_week9,global,bcd_normal,1,75,1,-1,68.80078125
xor,232,a,global_week9,global,bcd_swapped,1,45,1,-1,68.80078125
xor,233,a,global_week9,global,u16LE_x1,2,1,1,12672,0.26873779296875
xor,233,a,global_week9,global,i16LE_x1,2,1,1,12672,0.26873779296875
xor,233,a,global_week9,global,u16BE_x100,2,4,1,-1,0.26873779296875
xor,233,a,global_week9,global,i16BE_x100,2,4,1,-1,0.26873779296875
xor,233,a,global_week9,global,bcd_normal,1,147,1,-1,68.80078125
xor,233,a,global_week9,global,bcd_swapped,1,75,1,-1,68.80078125
xor,234,a,global_week9,global,bcd_normal,1,42,1,-1,68.80078125
xor,234,a,global_week9,global,bcd_swapped,1,18,1,-1,68.80078125
xor,235,a,global_week9,global,bcd_normal,1,103,1,-1,68.80078125
xor,235,a,global_week9,global,bcd_swapped,1,26,1,-1,68.80078125
xor,236,a,global_week9,global,bcd_normal,1,49,1,-1,68.80078125
xor,236,a,global_week9,global,bcd_swapped,1,51,1,-1,68.80078125
xor,237,a,global_week9,global,bcd_normal,1,59,1,-1,68.80078125
xor,237,a,global_week9,global,bcd_swapped,1,14,1,-1,68.80078125
xor,238,a,global_week9,global,bcd_normal,1,36,1,-1,68.80078125
xor,238,a,global_week9,global,bcd_swapped,1,19,1,-1,68.80078125
xor,239,a,global_week9,global,bcd_normal,1,70,1,-1,68.80078125
xor,239,a,global_week9,global,bcd_swapped,1,11,1,-1,68.80078125
xor,240,a,global_week9,global,bcd_normal,1,65,1,-1,68.80078125
xor,240,a,global_week9,global,bcd_swapped,1,79,1,-1,68.80078125
xor,241,a,global_week9,global,bcd_normal,1,66,1,-1,68.80078125
xor,241,a,global_week9,global,bcd_swapped,1,52,1,-1,68.80078125
xor,242,a,global_week9,global,bcd_normal,1,9,1,-1,68.80078125
xor,242,a,global_week9,global,bcd_swapped,1,74,1,-1,68.80078125
xor,243,a,global_week9,global,bcd_normal,1,33,1,-1,68.80078125
xor,243,a,global_week9,global,bcd_swapped,1,43,1,-1,68.80078125
xor,244,a,global_week9,global,bcd_normal,1,17,1,-1,68.80078125
xor,244,a,global_week9,global,bcd_swapped,1,72,1,-1,68.80078125
xor,245,a,global_week9,global,bcd_normal,1,31,1,-1,68.80078125
xor,245,a,global_week9,global,bcd_swapped,1,76,1,-1,68.80078125
xor,246,a,global_week9,global,bcd_normal,1,10,1,-1,68.80078125
xor,246,a,global_week9,global,bcd_swapped,1,56,1,-1,68.80078125
xor,247,a,global_week9,global,bcd_normal,1,142,1,-1,68.80078125
xor,247,a,global_week9,global,bcd_swapped,1,44,1,-1,68.80078125
xor,248,a,global_week9,global,bcd_normal,1,39,1,-1,68.80078125
xor,248,a,global_week9,global,bcd_swapped,1,55,1,-1,68.80078125
xor,249,a,global_week9,global,u16LE_x10,2,1,1,584,0.26873779296875
xor,249,a,global_week9,global,i16LE_x10,2,1,1,584,0.26873779296875
xor,249,a,global_week9,global,u16BE_x100,2,1,1,10682,0.26873779296875
xor,249,a,global_week9,global,i16BE_x100,2,1,1,10682,0.26873779296875
xor,249,a,global_week9,global,bcd_normal,1,45,1,-1,68.80078125
xor,249,a,global_week9,global,bcd_swapped,1,83,1,-1,68.80078125
xor,250,a,global_week9,global,bcd_normal,1,42,1,-1,68.80078125
xor,250,a,global_week9,global,bcd_swapped,1,54,1,-1,68.80078125
xor,251,a,global_week9,global,bcd_normal,1,47,1,-1,68.80078125
xor,251,a,global_week9,global,bcd_swapped,1,38,1,-1,68.80078125
xor,252,a,global_week9,global,bcd_normal,1,36,1,-1,68.80078125
xor,252,a,global_week9,global,bcd_swapped,1,55,1,-1,68.80078125
xor,253,a,global_week9,global,bcd_normal,1,26,1,-1,68.80078125
xor,253,a,global_week9,global,bcd_swapped,1,47,1,-1,68.80078125
xor,254,a,global_week9,global,u16BE_x10,2,1,1,16105,0.26873779296875
xor,254,a,global_week9,global,i16BE_x10,2,1,1,16105,0.26873779296875
xor,254,a,global_week9,global,bcd_normal,1,14,1,-1,68.80078125
xor,254,a,global_week9,global,bcd_swapped,1,48,1,-1,68.80078125
xor,255,a,global_week9,global,bcd_normal,1,16,1,-1,68.80078125
xor,255,a,global_week9,global,bcd_swapped,1,70,1,-1,68.80078125
nibble_swap,,a,global_week9,global,u16BE_x100,2,3,1,-1,0.26873779296875
nibble_swap,,a,global_week9,global,i16BE_x100,2,3,1,-1,0.26873779296875
nibble_swap,,a,global_week9,global,bcd_normal,1,93,1,-1,68.80078125
nibble_swap,,a,global_week9,global,bcd_swapped,1,157,1,-1,68.80078125
bit_reverse,,a,global_week9,global,u16BE_x100,2,5,1,-1,0.26873779296875
bit_reverse,,a,global_week9,global,i16BE_x100,2,5,1,-1,0.26873779296875
bit_reverse,,a,global_week9,global,bcd_normal,1,93,1,-1,68.80078125
bit_reverse,,a,global_week9,global,bcd_swapped,1,157,1,-1,68.80078125
raw,,a,global_week13,global,u16LE_x1,2,5,1,-1,0.26873779296875
raw,,a,global_week13,global,i16LE_x1,2,5,1,-1,0.26873779296875
raw,,a,global_week13,global,u16BE_x1,2,4,1,-1,0.26873779296875
raw,,a,global_week13,global,i16BE_x1,2,4,1,-1,0.26873779296875
raw,,a,global_week13,global,u32BE_x1,4,1,1,15425,4.100147634744644e-06
raw,,a,global_week13,global,i32BE_x1,4,1,1,15425,4.100147634744644e-06
raw,,a,global_week13,global,u16BE_x10,2,3,1,-1,0.26873779296875
raw,,a,global_week13,global,i16BE_x10,2,3,1,-1,0.26873779296875
raw,,a,global_week13,global,fx16.16_LE_s32,4,3,1,-1,4.100147634744644e-06
raw,,a,global_week13,global,fx16.16_LE_u32,4,3,1,-1,4.100147634744644e-06
raw,,a,global_week13,global,fx8.24_LE_s32,4,1,1,15425,4.100147634744644e-06
raw,,a,global_week13,global,fx8.24_LE_u32,4,1,1,15425,4.100147634744644e-06
raw,,a,global_week13,global,bcd_normal,1,162,1,-1,68.80078125
raw,,a,global_week13,global,bcd_swapped,1,54,1,-1,68.80078125
xor,1,a,global_week13,global,bcd_normal,1,154,1,-1,68.80078125
xor,1,a,global_week13,global,bcd_swapped,1,69,1,-1,68.80078125
xor,2,a,global_week13,global,u16LE_x10,2,4,1,-1,0.26873779296875
xor,2,a,global_week13,global,i16LE_x10,2,4,1,-1,0.26873779296875
xor,2,a,global_week13,global,bcd_normal,1,138,1,-1,68.80078125
xor,2,a,global_week13,global,bcd_swapped,1,70,1,-1,68.80078125
xor,3,a,global_week13,global,u16BE_x10,2,8,1,-1,0.26873779296875
xor,3,a,global_week13,global,i16BE_x10,2,8,1,-1,0.26873779296875
xor,3,a,global_week13,global,u16LE_x100,2,1,1,2556,0.26873779296875
xor,3,a,global_week13,global,i16LE_x100,2,1,1,2556,0.26873779296875
xor,3,a,global_week13,global,bcd_normal,1,113,1,-1,68.80078125
xor,3,a,global_week13,global,bcd_swapped,1,67,1,-1,68.80078125
xor,4,a,global_week13,global,u16BE_x1,2,1,1,100,0.26873779296875
xor,4,a,global_week13,global,i16BE_x1,2,1,1,100,0.26873779296875
xor,4,a,global_week13,global,bcd_normal,1,85,1,-1,68.80078125
xor,4,a,global_week13,global,bcd_swapped,1,68,1,-1,68.80078125
xor,5,a,global_week13,global,u16BE_x100,2,7,1,-1,0.26873779296875
xor,5,a,global_week13,global,i16BE_x100,2,7,1,-1,0.26873779296875
xor,5,a,global_week13,global,bcd_normal,1,63,1,-1,68.80078125
xor,5,a,global_week13,global,bcd_swapped,1,103,1,-1,68.80078125
xor,6,a,global_week13,global,bcd_normal,1,87,1,-1,68.80078125
xor,6,a,global_week13,global,bcd_swapped,1,57,1,-1,68.80078125
xor,7,a,global_week13,global,u16BE_x1,2,2,1,-1,0.26873779296875
xor,7,a,global_week13,global,i16BE_x1,2,2,1,-1,0.26873779296875
xor,7,a,global_week13,global,bcd_normal,1,57,1,-1,68.80078125
xor,7,a,global_week13,global,bcd_swapped,1,63,1,-1,68.80078125
xor,8,a,global_week13,global,bcd_normal,1,41,1,-1,68.80078125
xor,8,a,global_week13,global,bcd_swapped,1,69,1,-1,68.80078125
xor,9,a,global_week13,global,u16LE_x1,2,1,1,100,0.26873779296875
xor,9,a,global_week13,global,i16LE_x1,2,1,1,100,0.26873779296875
xor,9,a,global_week13,global,bcd_normal,1,40,1,-1,68.80078125
xor,9,a,global_week13,global,bcd_swapped,1,92,1,-1,68.80078125
xor,10,a,global_week13,global,u16LE_x1,2,2,1,-1,0.26873779296875
xor,10,a,global_week13,global,i16LE_x1,2,2,1,-1,0.26873779296875
xor,10,a,global_week13,global,u16LE_x10,2,1,1,54,0.26873779296875
xor,10,a,global_week13,global,i16LE_x10,2,1,1,54,0.26873779296875
xor,10,a,global_week13,global,u16BE_x10,2,4,1,-1,0.26873779296875
xor,10,a,global_week13,global,i16BE_x10,2,4,1,-1,0.26873779296875
xor,10,a,global_week13,global,bcd_normal,1,39,1,-1,68.80078125
xor,10,a,global_week13,global,bcd_swapped,1,44,1,-1,68.80078125
xor,11,a,global_week13,global,u16LE_x100,2,4,1,-1,0.26873779296875
xor,11,a,global_week13,global,i16LE_x100,2,4,1,-1,0.26873779296875
xor,11,a,global_week13,global,bcd_normal,1,61,1,-1,68.80078125
xor,11,a,global_week13,global,bcd_swapped,1,32,1,-1,68.80078125
xor,12,a,global_week13,global,bcd_normal,1,26,1,-1,68.80078125
xor,12,a,global_week13,global,bcd_swapped,1,24,1,-1,68.80078125
xor,13,a,global_week13,global,u16LE_x1,2,4,1,-1,0.26873779296875
xor,13,a,global_week13,global,i16LE_x1,2,4,1,-1,0.26873779296875
xor,13,a,global_week13,global,u16BE_x1,2,5,1,-1,0.26873779296875
xor,13,a,global_week13,global,i16BE_x1,2,5,1,-1,0.26873779296875
xor,13,a,global_week13,global,bcd_normal,1,27,1,-1,68.80078125
xor,13,a,global_week13,global,bcd_swapped,1,50,1,-1,68.80078125
xor,14,a,global_week13,global,bcd_normal,1,18,1,-1,68.80078125
xor,14,a,global_week13,global,bcd_swapped,1,14,1,-1,68.80078125
xor,15,a,global_week13,global,u16LE_x100,2,1,1,8524,0.26873779296875
xor,15,a,global_week13,global,i16LE_x100,2,1,1,8524,0.26873779296875
xor,15,a,global_week13,global,bcd_normal,1,66,1,-1,68.80078125
xor,15,a,global_week13,global,bcd_swapped,1,32,1,-1,68.80078125
xor,16,a,global_week13,global,u16LE_x1,2,4,1,-1,0.26873779296875
xor,16,a,global_week13,global,i16LE_x1,2,4,1,-1,0.26873779296875
xor,16,a,global_week13,global,bcd_normal,1,28,1,-1,68.80078125
xor,16,a,global_week13,global,bcd_swapped,1,77,1,-1,68.80078125
xor,17,a,global_week13,global,bcd_normal,1,185,1,-1,68.80078125
xor,17,a,global_week13,global,bcd_swapped,1,126,1,-1,68.80078125
xor,18,a,global_week13,global,u16BE_x100,2,1,1,2556,0.26873779296875
xor,18,a,global_week13,global,i16BE_x100,2,1,1,2556,0.26873779296875
xor,18,a,global_week13,global,bcd_normal,1,140,1,-1,68.80078125
xor,18,a,global_week13,global,bcd_swapped,1,66,1,-1,68.80078125
xor,19,a,global_week13,global,u16LE_x10,2,1,1,17506,0.26873779296875
xor,19,a,global_week13,global,i16LE_x10,2,1,1,17506,0.26873779296875
xor,19,a,global_week13,global,bcd_normal,1,513,1,-1,68.80078125
xor,19,a,global_week13,global,bcd_swapped,1,96,1,-1,68.80078125
xor,20,a,global_week13,global,u16LE_x100,2,7,1,-1,0.26873779296875
xor,20,a,global_week13,global,i16LE_x100,2,7,1,-1,0.26873779296875
xor,20,a,global_week13,global,bcd_normal,1,31,1,-1,68.80078125
xor,20,a,global_week13,global,bcd_swapped,1,150,1,-1,68.80078125
xor,21,a,global_week13,global,bcd_normal,1,63,1,-1,68.80078125
xor,21,a,global_week13,global,bcd_swapped,1,92,1,-1,68.80078125
xor,22,a,global_week13,global,bcd_normal,1,48,1,-1,68.80078125
xor,22,a,global_week13,global,bcd_swapped,1,56,1,-1,68.80078125
xor,23,a,global_week13,global,u16BE_x1,2,1,1,8199,0.26873779296875
xor,23,a,global_week13,global,i16BE_x1,2,1,1,8199,0.26873779296875
xor,23,a,global_week13,global,bcd_normal,1,120,1,-1,68.80078125
xor,23,a,global_week13,global,bcd_swapped,1,130,1,-1,68.80078125
xor,24,a,global_week13,global,bcd_normal,1,62,1,-1,68.80078125
xor,24,a,global_week13,global,bcd_swapped,1,107,1,-1,68.80078125
xor,25,a,global_week13,global,bcd_normal,1,159,1,-1,68.80078125
xor,25,a,global_week13,global,bcd_swapped,1,92,1,-1,68.80078125
xor,26,a,global_week13,global,u16LE_x1,2,1,1,8199,0.26873779296875
xor,26,a,global_week13,global,i16LE_x1,2,1,1,8199,0.26873779296875
xor,26,a,global_week13,global,u16BE_x100,2,4,1,-1,0.26873779296875
xor,26,a,global_week13,global,i16BE_x100,2,4,1,-1,0.26873779296875
xor,26,a,global_week13,global,bcd_normal,1,157,1,-1,68.80078125
xor,26,a,global_week13,global,bcd_swapped,1,91,1,-1,68.80078125
xor,27,a,global_week13,global,bcd_normal,1,123,1,-1,68.80078125
xor,27,a,global_week13,global,bcd_swapped,1,95,1,-1,68.80078125
xor,28,a,global_week13,global,bcd_normal,1,51,1,-1,68.80078125
xor,28,a,global_week13,global,bcd_swapped,1,78,1,-1,68.80078125
xor,29,a,global_week13,global,u16BE_x1,2,4,1,-1,0.26873779296875
xor,29,a,global_week13,global,i16BE_x1,2,4,1,-1,0.26873779296875
xor,29,a,global_week13,global,u16LE_x10,2,1,1,42,0.26873779296875
xor,29,a,global_week13,global,i16LE_x10,2,1,1,42,0.26873779296875
xor,29,a,global_week13,global,bcd_normal,1,25,1,-1,68.80078125
xor,29,a,global_week13,global,bcd_swapped,1,134,1,-1,68.80078125
xor,30,a,global_week13,global,u16BE_x100,2,1,1,8524,0.26873779296875
xor,30,a,global_week13,global,i16BE_x100,2,1,1,8524,0.26873779296875
xor,30,a,global_week13,global,bcd_normal,1,53,1,-1,68.80078125
xor,30,a,global_week13,global,bcd_swapped,1,49,1,-1,68.80078125
xor,31,a,global_week13,global,bcd_normal,1,51,1,-1,68.80078125
xor,31,a,global_week13,global,bcd_swapped,1,92,1,-1,68.80078125
xor,32,a,global_week13,global,bcd_normal,1,70,1,-1,68.80078125
xor,32,a,global_week13,global,bcd_swapped,1,138,1,-1,68.80078125
xor,33,a,global_week13,global,u16LE_x1,2,6,1,-1,0.26873779296875
xor,33,a,global_week13,global,i16LE_x1,2,6,1,-1,0.26873779296875
xor,33,a,global_week13,global,bcd_normal,1,67,1,-1,68.80078125
xor,33,a,global_week13,global,bcd_swapped,1,113,1,-1,68.80078125
xor,34,a,global_week13,global,bcd_normal,1,54,1,-1,68.80078125
xor,34,a,global_week13,global,bcd_swapped,1,162,1,-1,68.80078125
xor,35,a,global_week13,global,u16LE_x1,2,4,1,-1,0.26873779296875
xor,35,a,global_week13,global,i16LE_x1,2,4,1,-1,0.26873779296875
xor,35,a,global_week13,global,bcd_normal,1,69,1,-1,68.80078125
xor,35,a,global_week13,global,bcd_swapped,1,154,1,-1,68.80078125
xor,36,a,global_week13,global,bcd_normal,1,57,1,-1,68.80078125
xor,36,a,global_week13,global,bcd_swapped,1,87,1,-1,68.80078125
xor,37,a,global_week13,global,u16BE_x1,2,4,1,-1,0.26873779296875
xor,37,a,global_week13,global,i16BE_x1,2,4,1,-1,0.26873779296875
xor,37,a,global_week13,global,u16LE_x100,2,1,1,17502,0.26873779296875
xor,37,a,global_week13,global,i16LE_x100,2,1,1,17502,0.26873779296875
xor,37,a,global_week13,global,bcd_normal,1,63,1,-1,68.80078125
xor,37,a,global_week13,global,bcd_swapped,1,57,1,-1,68.80078125
xor,38,a,global_week13,global,bcd_normal,1,68,1,-1,68.80078125
xor,38,a,global_week13,global,bcd_swapped,1,85,1,-1,68.80078125
xor,39,a,global_week13,global,bcd_normal,1,103,1,-1,68.80078125
xor,39,a,global_week13,global,bcd_swapped,1,63,1,-1,68.80078125
xor,40,a,global_week13,global,u16LE_x1,2,4,1,-1,0.26873779296875
xor,40,a,global_week13,global,i16LE_x1,2,4,1,-1,0.26873779296875
xor,40,a,global_week13,global,u16LE_x10,2,1,1,12866,0.26873779296875
xor,40,a,global_week13,global,i16LE_x10,2,1,1,12866,0.26873779296875
xor,40,a,global_week13,global,bcd_normal,1,44,1,-1,68.80078125
xor,40,a,global_week13,global,bcd_swapped,1,39,1,-1,68.80078125
xor,41,a,global_week13,global,bcd_normal,1,32,1,-1,68.80078125
xor,41,a,global_week13,global,bcd_swapped,1,61,1,-1,68.80078125
xor,42,a,global_week13,global,u16BE_x10,2,1,1,12740,0.26873779296875
xor,42,a,global_week13,global,i16BE_x10,2,1,1,12740,0.26873779296875
xor,42,a,global_week13,global,bcd_normal,1,69,1,-1,68.80078125
xor,42,a,global_week13,global,bcd_swapped,1,41,1,-1,68.80078125
xor,43,a,global_week13,global,bcd_normal,1,92,1,-1,68.80078125
xor,43,a,global_week13,global,bcd_swapped,1,40,1,-1,68.80078125
xor,44,a,global_week13,global,u16BE_x1,2,6,1,-1,0.26873779296875
xor,44,a,global_week13,global,i16BE_x1,2,6,1,-1,0.26873779296875
xor,44,a,global_week13,global,u16LE_x10,2,1,1,1214,0.26873779296875
xor,44,a,global_week13,global,i16LE_x10,2,1,1,1214,0.26873779296875
xor,44,a,global_week13,global,bcd_normal,1,14,1,-1,68.80078125
xor,44,a,global_week13,global,bcd_swapped,1,18,1,-1,68.80078125
xor,45,a,global_week13,global,bcd_normal,1,32,1,-1,68.80078125
xor,45,a,global_week13,global,bcd_swapped,1,66,1,-1,68.80078125
xor,46,a,global_week13,global,u16BE_x1,2,4,1,-1,0.26873779296875
xor,46,a,global_week13,global,i16BE_x1,2,4,1,-1,0.26873779296875
xor,46,a,global_week13,global,u16BE_x100,2,3,1,-1,0.26873779296875
xor,46,a,global_week13,global,i16BE_x100,2,3,1,-1,0.26873779296875
xor,46,a,global_week13,global,bcd_normal,1,24,1,-1,68.80078125
xor,46,a,global_week13,global,bcd_swapped,1,26,1,-1,68.80078125
xor,47,a,global_week13,global,bcd_normal,1,50,1,-1,68.80078125
xor,47,a,global_week13,global,bcd_swapped,1,27,1,-1,68.80078125
xor,48,a,global_week13,global,bcd_normal,1,66,1,-1,68.80078125
xor,48,a,global_week13,global,bcd_swapped,1,140,1,-1,68.80078125
xor,49,a,global_week13,global,bcd_normal,1,96,1,-1,68.80078125
xor,49,a,global_week13,global,bcd_swapped,1,513,1,-1,68.80078125
xor,50,a,global_week13,global,bcd_normal,1,77,1,-1,68.80078125
xor,50,a,global_week13,global,bcd_swapped,1,28,1,-1,68.80078125
xor,51,a,global_week13,global,bcd_normal,1,126,1,-1,68.80078125
xor,51,a,global_week13,global,bcd_swapped,1,185,1,-1,68.80078125
xor,52,a,global_week13,global,u16BE_x1,2,6,1,-1,0.26873779296875
xor,52,a,global_week13,global,i16BE_x1,2,6,1,-1,0.26873779296875
xor,52,a,global_week13,global,u16BE_x100,2,1,1,17502,0.26873779296875
xor,52,a,global_week13,global,i16BE_x100,2,1,1,17502,0.26873779296875
xor,52,a,global_week13,global,bcd_normal,1,56,1,-1,68.80078125
xor,52,a,global_week13,global,bcd_swapped,1,48,1,-1,68.80078125
xor,53,a,global_week13,global,bcd_normal,1,130,1,-1,68.80078125
xor,53,a,global_week13,global,bcd_swapped,1,120,1,-1,68.80078125
xor,54,a,global_week13,global,bcd_normal,1,150,1,-1,68.80078125
xor,54,a,global_week13,global,bcd_swapped,1,31,1,-1,68.80078125
xor,55,a,global_week13,global,bcd_normal,1,92,1,-1,68.80078125
xor,55,a,global_week13,global,bcd_swapped,1,63,1,-1,68.80078125
xor,56,a,global_week13,global,bcd_normal,1,91,1,-1,68.80078125
xor,56,a,global_week13,global,bcd_swapped,1,157,1,-1,68.80078125
xor,57,a,global_week13,global,u16LE_x1,2,6,1,-1,0.26873779296875
xor,57,a,global_week13,global,i16LE_x1,2,6,1,-1,0.26873779296875
xor,57,a,global_week13,global,u16BE_x10,2,2,1,-1,0.26873779296875
xor,57,a,global_week13,global,i16BE_x10,2,2,1,-1,0.26873779296875
xor,57,a,global_week13,global,bcd_normal,1,95,1,-1,68.80078125
xor,57,a,global_week13,global,bcd_swapped,1,123,1,-1,68.80078125
xor,58,a,global_week13,global,bcd_normal,1,107,1,-1,68.80078125
xor,58,a,global_week13,global,bcd_swapped,1,62,1,-1,68.80078125
xor,59,a,global_week13,global,bcd_normal,1,92,1,-1,68.80078125
xor,59,a,global_week13,global,bcd_swapped,1,159,1,-1,68.80078125
xor,60,a,global_week13,global,u16LE_x10,2,1,1,17459,0.26873779296875
xor,60,a,global_week13,global,i16LE_x10,2,1,1,17459,0.26873779296875
xor,60,a,global_week13,global,bcd_normal,1,49,1,-1,68.80078125
xor,60,a,global_week13,global,bcd_swapped,1,53,1,-1,68.80078125
xor,61,a,global_week13,global,bcd_normal,1,92,1,-1,68.80078125
xor,61,a,global_week13,global,bcd_swapped,1,51,1,-1,68.80078125
xor,62,a,global_week13,global,bcd_normal,1,78,1,-1,68.80078125
xor,62,a,global_week13,global,bcd_swapped,1,51,1,-1,68.80078125
xor,63,a,global_week13,global,u16LE_x100,2,3,1,-1,0.26873779296875
xor,63,a,global_week13,global,i16LE_x100,2,3,1,-1,0.26873779296875
xor,63,a,global_week13,global,bcd_normal,1,134,1,-1,68.80078125
xor,63,a,global_week13,global,bcd_swapped,1,25,1,-1,68.80078125
xor,64,a,global_week13,global,u16LE_x1,2,3,1,-1,0.26873779296875
xor,64,a,global_week13,global,i16LE_x1,2,3,1,-1,0.26873779296875
xor,64,a,global_week13,global,bcd_normal,1,51,1,-1,68.80078125
xor,64,a,global_week13,global,bcd_swapped,1,45,1,-1,68.80078125
xor,65,a,global_week13,global,u16LE_x100,2,1,1,17441,0.26873779296875
xor,65,a,global_week13,global,i16LE_x100,2,1,1,17441,0.26873779296875
xor,65,a,global_week13,global,bcd_normal,1,61,1,-1,68.80078125
xor,65,a,global_week13,global,bcd_swapped,1,75,1,-1,68.80078125
xor,66,a,global_week13,global,bcd_normal,1,50,1,-1,68.80078125
xor,66,a,global_week13,global,bcd_swapped,1,75,1,-1,68.80078125
xor,67,a,global_week13,global,bcd_normal,1,91,1,-1,68.80078125
xor,67,a,global_week13,global,bcd_swapped,1,50,1,-1,68.80078125
xor,68,a,global_week13,global,u16LE_x1,2,6,1,-1,0.26873779296875
xor,68,a,global_week13,global,i16LE_x1,2,6,1,-1,0.26873779296875
xor,68,a,global_week13,global,bcd_normal,1,79,1,-1,68.80078125
xor,68,a,global_week13,global,bcd_swapped,1,62,1,-1,68.80078125
xor,69,a,global_week13,global,u16BE_x1,2,3,1,-1,0.26873779296875
xor,69,a,global_week13,global,i16BE_x1,2,3,1,-1,0.26873779296875
xor,69,a,global_week13,global,bcd_normal,1,99,1,-1,68.80078125
xor,69,a,global_week13,global,bcd_swapped,1,65,1,-1,68.80078125
xor,70,a,global_week13,global,u16LE_x10,2,4,1,-1,0.26873779296875
xor,70,a,global_week13,global,i16LE_x10,2,4,1,-1,0.26873779296875
xor,70,a,global_week13,global,bcd_normal,1,75,1,-1,68.80078125
xor,70,a,global_week13,global,bcd_swapped,1,38,1,-1,68.80078125
xor,71,a,global_week13,global,bcd_normal,1,102,1,-1,68.80078125
xor,71,a,global_week13,global,bcd_swapped,1,35,1,-1,68.80078125
xor,72,a,global_week13,global,u16LE_x1,2,3,1,-1,0.26873779296875
xor,72,a,global_week13,global,i16LE_x1,2,3,1,-1,0.26873779296875
xor,72,a,global_week13,global,u16LE_x100,2,16,1,-1,0.26873779296875
xor,72,a,global_week13,global,i16LE_x100,2,16,1,-1,0.26873779296875
xor,72,a,global_week13,global,bcd_normal,1,92,1,-1,68.80078125
xor,72,a,global_week13,global,bcd_swapped,1,75,1,-1,68.80078125
xor,73,a,global_week13,global,u16BE_x1,2,6,1,-1,0.26873779296875
xor,73,a,global_week13,global,i16BE_x1,2,6,1,-1,0.26873779296875
xor,73,a,global_week13,global,u16LE_x100,2,2,1,-1,0.26873779296875
xor,73,a,global_week13,global,i16LE_x100,2,2,1,-1,0.26873779296875
xor,73,a,global_week13,global,bcd_normal,1,63,1,-1,68.80078125
xor,73,a,global_week13,global,bcd_swapped,1,45,1,-1,68.80078125
xor,74,a,global_week13,global,u16BE_x10,2,4,1,-1,0.26873779296875
xor,74,a,global_week13,global,i16BE_x10,2,4,1,-1,0.26873779296875
xor,74,a,global_week13,global,bcd_normal,1,119,1,-1,68.80078125
xor,74,a,global_week13,global,bcd_swapped,1,26,1,-1,68.80078125
xor,75,a,global_week13,global,u16LE_x10,2,1,1,15913,0.26873779296875
xor,75,a,global_week13,global,i16LE_x10,2,1,1,15913,0.26873779296875
xor,75,a,global_week13,global,u16BE_x10,2,8,1,-1,0.26873779296875
xor,75,a,global_week13,global,i16BE_x10,2,8,1,-1,0.26873779296875
xor,75,a,global_week13,global,bcd_normal,1,124,1,-1,68.80078125
xor,75,a,global_week13,global,bcd_swapped,1,18,1,-1,68.80078125
xor,76,a,global_week13,global,bcd_normal,1,67,1,-1,68.80078125
xor,76,a,global_week13,global,bcd_swapped,1,14,1,-1,68.80078125
xor,77,a,global_week13,global,u16BE_x1,2,3,1,-1,0.26873779296875
xor,77,a,global_week13,global,i16BE_x1,2,3,1,-1,0.26873779296875
xor,77,a,global_week13,global,bcd_normal,1,43,1,-1,68.80078125
xor,77,a,global_week13,global,bcd_swapped,1,51,1,-1,68.80078125
xor,78,a,global_week13,global,bcd_normal,1,58,1,-1,68.80078125
xor,78,a,global_week13,global,bcd_swapped,1,11,1,-1,68.80078125
xor,79,a,global_week13,global,bcd_normal,1,66,1,-1,68.80078125
xor,79,a,global_week13,global,bcd_swapped,1,19,1,-1,68.80078125
xor,80,a,global_week13,global,u16BE_x100,2,1,1,17441,0.26873779296875
xor,80,a,global_week13,global,i16BE_x100,2,1,1,17441,0.26873779296875
xor,80,a,global_week13,global,bcd_normal,1,59,1,-1,68.80078125
xor,80,a,global_week13,global,bcd_swapped,1,52,1,-1,68.80078125
xor,81,a,global_week13,global,bcd_normal,1,72,1,-1,68.80078125
xor,81,a,global_week13,global,bcd_swapped,1,79,1,-1,68.80078125
xor,82,a,global_week13,global,bcd_normal,1,75,1,-1,68.80078125
xor,82,a,global_week13,global,bcd_swapped,1,43,1,-1,68.80078125
xor,83,a,global_week13,global,bcd_normal,1,119,1,-1,68.80078125
xor,83,a,global_week13,global,bcd_swapped,1,74,1,-1,68.80078125
xor,84,a,global_week13,global,bcd_normal,1,37,1,-1,68.80078125
xor,84,a,global_week13,global,bcd_swapped,1,76,1,-1,68.80078125
xor,85,a,global_week13,global,u16BE_x1,2,6,1,-1,0.26873779296875
xor,85,a,global_week13,global,i16BE_x1,2,6,1,-1,0.26873779296875
xor,85,a,global_week13,global,bcd_normal,1,39,1,-1,68.80078125
xor,85,a,global_week13,global,bcd_swapped,1,72,1,-1,68.80078125
xor,86,a,global_week13,global,u16LE_x10,2,1,1,722,0.26873779296875
xor,86,a,global_week13,global,i16LE_x10,2,1,1,722,0.26873779296875
xor,86,a,global_week13,global,bcd_normal,1,94,1,-1,68.80078125
xor,86,a,global_week13,global,bcd_swapped,1,44,1,-1,68.80078125
xor,87,a,global_week13,global,u16LE_x1,2,6,1,-1,0.26873779296875
xor,87,a,global_week13,global,i16LE_x1,2,6,1,-1,0.26873779296875
xor,87,a,global_week13,global,bcd_normal,1,92,1,-1,68.80078125
xor,87,a,global_week13,global,bcd_swapped,1,56,1,-1,68.80078125
xor,88,a,global_week13,global,u16LE_x1,2,6,1,-1,0.26873779296875
xor,88,a,global_week13,global,i16LE_x1,2,6,1,-1,0.26873779296875
xor,88,a,global_week13,global,u32LE_x1,4,6,1,-1,4.100147634744644e-06
xor,88,a,global_week13,global,i32LE_x1,4,6,1,-1,4.100147634744644e-06
xor,88,a,global_week13,global,u16BE_x100,2,2,1,-1,0.26873779296875
xor,88,a,global_week13,global,i16BE_x100,2,2,1,-1,0.26873779296875
xor,88,a,global_week13,global,fx8.24_BE_s32,4,6,1,-1,4.100147634744644e-06
xor,88,a,global_week13,global,fx8.24_BE_u32,4,6,1,-1,4.100147634744644e-06
xor,88,a,global_week13,global,bcd_normal,1,122,1,-1,68.80078125
xor,88,a,global_week13,global,bcd_swapped,1,83,1,-1,68.80078125
xor,89,a,global_week13,global,u16BE_x100,2,16,1,-1,0.26873779296875
xor,89,a,global_week13,global,i16BE_x100,2,16,1,-1,0.26873779296875
xor,89,a,global_week13,global,bcd_normal,1,97,1,-1,68.80078125
xor,89,a,global_week13,global,bcd_swapped,1,55,1,-1,68.80078125
xor,90,a,global_week13,global,u16BE_x1,2,6,1,-1,0.26873779296875
xor,90,a,global_week13,global,i16BE_x1,2,6,1,-1,0.26873779296875
xor,90,a,global_week13,global,bcd_normal,1,73,1,-1,68.80078125
xor,90,a,global_week13,global,bcd_swapped,1,38,1,-1,68.80078125
xor,91,a,global_week13,global,bcd_normal,1,73,1,-1,68.80078125
xor,91,a,global_week13,global,bcd_swapped,1,54,1,-1,68.80078125
xor,92,a,global_week13,global,u16BE_x10,2,1,1,291,0.26873779296875
xor,92,a,global_week13,global,i16BE_x10,2,1,1,291,0.26873779296875
xor,92,a,global_week13,global,bcd_normal,1,34,1,-1,68.80078125
xor,92,a,global_week13,global,bcd_swapped,1,47,1,-1,68.80078125
xor,93,a,global_week13,global,bcd_normal,1,76,1,-1,68.80078125
xor,93,a,global_week13,global,bcd_swapped,1,55,1,-1,68.80078125
xor,94,a,global_week13,global,bcd_normal,1,98,1,-1,68.80078125
xor,94,a,global_week13,global,bcd_swapped,1,70,1,-1,68.80078125
xor,95,a,global_week13,global,bcd_normal,1,105,1,-1,68.80078125
xor,95,a,global_week13,global,bcd_swapped,1,48,1,-1,68.80078125
xor,96,a,global_week13,global,bcd_normal,1,75,1,-1,68.80078125
xor,96,a,global_week13,global,bcd_swapped,1,50,1,-1,68.80078125
xor,97,a,global_week13,global,bcd_normal,1,50,1,-1,68.80078125
xor,97,a,global_week13,global,bcd_swapped,1,91,1,-1,68.80078125
xor,98,a,global_week13,global,u16BE_x1,2,4,1,-1,0.26873779296875
xor,98,a,global_week13,global,i16BE_x1,2,4,1,-1,0.26873779296875
xor,98,a,global_week13,global,u16LE_x10,2,4,1,-1,0.26873779296875
xor,98,a,global_week13,global,i16LE_x10,2,4,1,-1,0.26873779296875
xor,98,a,global_week13,global,u16BE_x10,2,4,1,-1,0.26873779296875
xor,98,a,global_week13,global,i16BE_x10,2,4,1,-1,0.26873779296875
xor,98,a,global_week13,global,bcd_normal,1,45,1,-1,68.80078125
xor,98,a,global_week13,global,bcd_swapped,1,51,1,-1,68.80078125
xor,99,a,global_week13,global,bcd_normal,1,75,1,-1,68.80078125
xor,99,a,global_week13,global,bcd_swapped,1,61,1,-1,68.80078125
xor,100,a,global_week13,global,u16LE_x1,2,1,1,1227,0.26873779296875
xor,100,a,global_week13,global,i16LE_x1,2,1,1,1227,0.26873779296875
xor,100,a,global_week13,global,bcd_normal,1,38,1,-1,68.80078125
xor,100,a,global_week13,global,bcd_swapped,1,75,1,-1,68.80078125
xor,101,a,global_week13,global,u16BE_x1,2,9,1,-1,0.26873779296875
xor,101,a,global_week13,global,i16BE_x1,2,9,1,-1,0.26873779296875
xor,101,a,global_week13,global,bcd_normal,1,35,1,-1,68.80078125
xor,101,a,global_week13,global,bcd_swapped,1,102,1,-1,68.80078125
xor,102,a,global_week13,global,bcd_normal,1,62,1,-1,68.80078125
xor,102,a,global_week13,global,bcd_swapped,1,79,1,-1,68.80078125
xor,103,a,global_week13,global,u16BE_x10,2,1,1,1131,0.26873779296875
xor,103,a,global_week13,global,i16BE_x10,2,1,1,1131,0.26873779296875
xor,103,a,global_week13,global,u16BE_x100,2,1,1,688,0.26873779296875
xor,103,a,global_week13,global,i16BE_x100,2,1,1,688,0.26873779296875
xor,103,a,global_week13,global,bcd_normal,1,65,1,-1,68.80078125
xor,103,a,global_week13,global,bcd_swapped,1,99,1,-1,68.80078125
xor,104,a,global_week13,global,u16LE_x1,2,9,1,-1,0.26873779296875
xor,104,a,global_week13,global,i16LE_x1,2,9,1,-1,0.26873779296875
xor,104,a,global_week13,global,bcd_normal,1,26,1,-1,68.80078125
xor,104,a,global_week13,global,bcd_swapped,1,119,1,-1,68.80078125
xor,105,a,global_week13,global,u16BE_x1,2,1,1,1227,0.26873779296875
xor,105,a,global_week13,global,i16BE_x1,2,1,1,1227,0.26873779296875
xor,105,a,global_week13,global,bcd_normal,1,18,1,-1,68.80078125
xor,105,a,global_week13,global,bcd_swapped,1,124,1,-1,68.80078125
xor,106,a,global_week13,global,bcd_normal,1,75,1,-1,68.80078125
xor,106,a,global_week13,global,bcd_swapped,1,92,1,-1,68.80078125
xor,107,a,global_week13,global,u16LE_x100,2,1,1,10766,0.26873779296875
xor,107,a,global_week13,global,i16LE_x100,2,1,1,10766,0.26873779296875
xor,107,a,global_week13,global,bcd_normal,1,45,1,-1,68.80078125
xor,107,a,global_week13,global,bcd_swapped,1,63,1,-1,68.80078125
xor,108,a,global_week13,global,bcd_normal,1,11,1,-1,68.80078125
xor,108,a,global_week13,global,bcd_swapped,1,58,1,-1,68.80078125
xor,109,a,global_week13,global,bcd_normal,1,19,1,-1,68.80078125
xor,109,a,global_week13,global,bcd_swapped,1,66,1,-1,68.80078125
xor,110,a,global_week13,global,bcd_normal,1,14,1,-1,68.80078125
xor,110,a,global_week13,global,bcd_swapped,1,67,1,-1,68.80078125
xor,111,a,global_week13,global,u16LE_x1,2,4,1,-1,0.26873779296875
xor,111,a,global_week13,global,i16LE_x1,2,4,1,-1,0.26873779296875
xor,111,a,global_week13,global,bcd_normal,1,51,1,-1,68.80078125
xor,111,a,global_week13,global,bcd_swapped,1,43,1,-1,68.80078125
xor,112,a,global_week13,global,u16LE_x1,2,4,1,-1,0.26873779296875
xor,112,a,global_week13,global,i16LE_x1,2,4,1,-1,0.26873779296875
xor,112,a,global_week13,global,bcd_normal,1,43,1,-1,68.80078125
xor,112,a,global_week13,global,bcd_swapped,1,75,1,-1,68.80078125
xor,113,a,global_week13,global,bcd_normal,1,74,1,-1,68.80078125
xor,113,a,global_week13,global,bcd_swapped,1,119,1,-1,68.80078125
xor,114,a,global_week13,global,bcd_normal,1,52,1,-1,68.80078125
xor,114,a,global_week13,global,bcd_swapped,1,59,1,-1,68.80078125
xor,115,a,global_week13,global,bcd_normal,1,79,1,-1,68.80078125
xor,115,a,global_week13,global,bcd_swapped,1,72,1,-1,68.80078125
xor,116,a,global_week13,global,u16LE_x1,2,4,1,-1,0.26873779296875
xor,116,a,global_week13,global,i16LE_x1,2,4,1,-1,0.26873779296875
xor,116,a,global_week13,global,u16BE_x1,2,11,1,-1,0.26873779296875
xor,116,a,global_week13,global,i16BE_x1,2,11,1,-1,0.26873779296875
xor,116,a,global_week13,global,bcd_normal,1,44,1,-1,68.80078125
xor,116,a,global_week13,global,bcd_swapped,1,94,1,-1,68.80078125
xor,117,a,global_week13,global,u16BE_x1,2,11,1,-1,0.26873779296875
xor,117,a,global_week13,global,i16BE_x1,2,11,1,-1,0.26873779296875
xor,117,a,global_week13,global,bcd_normal,1,56,1,-1,68.80078125
xor,117,a,global_week13,global,bcd_swapped,1,92,1,-1,68.80078125
xor,118,a,global_week13,global,u16LE_x100,2,1,1,688,0.26873779296875
xor,118,a,global_week13,global,i16LE_x100,2,1,1,688,0.26873779296875
xor,118,a,global_week13,global,bcd_normal,1,76,1,-1,68.80078125
xor,118,a,global_week13,global,bcd_swapped,1,37,1,-1,68.80078125
xor,119,a,global_week13,global,bcd_normal,1,72,1,-1,68.80078125
xor,119,a,global_week13,global,bcd_swapped,1,39,1,-1,68.80078125
xor,120,a,global_week13,global,u16LE_x1,2,11,1,-1,0.26873779296875
xor,120,a,global_week13,global,i16LE_x1,2,11,1,-1,0.26873779296875
xor,120,a,global_week13,global,bcd_normal,1,38,1,-1,68.80078125
xor,120,a,global_week13,global,bcd_swapped,1,73,1,-1,68.80078125
xor,121,a,global_week13,global,u16LE_x1,2,11,1,-1,0.26873779296875
xor,121,a,global_week13,global,i16LE_x1,2,11,1,-1,0.26873779296875
xor,121,a,global_week13,global,u16BE_x1,2,4,1,-1,0.26873779296875
xor,121,a,global_week13,global,i16BE_x1,2,4,1,-1,0.26873779296875
xor,121,a,global_week13,global,u16LE_x10,2,1,1,51,0.26873779296875
xor,121,a,global_week13,global,i16LE_x10,2,1,1,51,0.26873779296875
xor,121,a,global_week13,global,bcd_normal,1,54,1,-1,68.80078125
xor,121,a,global_week13,global,bcd_swapped,1,73,1,-1,68.80078125
xor,122,a,global_week13,global,u16BE_x100,2,1,1,10766,0.26873779296875
xor,122,a,global_week13,global,i16BE_x100,2,1,1,10766,0.26873779296875
xor,122,a,global_week13,global,bcd_normal,1,83,1,-1,68.80078125
xor,122,a,global_week13,global,bcd_swapped,1,122,1,-1,68.80078125
xor,123,a,global_week13,global,u16BE_x10,2,1,1,16216,0.26873779296875
xor,123,a,global_week13,global,i16BE_x10,2,1,1,16216,0.26873779296875
xor,123,a,global_week13,global,bcd_normal,1,55,1,-1,68.80078125
xor,123,a,global_week13,global,bcd_swapped,1,97,1,-1,68.80078125
xor,124,a,global_week13,global,u16LE_x10,2,3,1,-1,0.26873779296875
xor,124,a,global_week13,global,i16LE_x10,2,3,1,-1,0.26873779296875
xor,124,a,global_week13,global,bcd_normal,1,70,1,-1,68.80078125
xor,124,a,global_week13,global,bcd_swapped,1,98,1,-1,68.80078125
xor,125,a,global_week13,global,u16BE_x1,2,4,1,-1,0.26873779296875
xor,125,a,global_week13,global,i16BE_x1,2,4,1,-1,0.26873779296875
xor,125,a,global_week13,global,bcd_normal,1,48,1,-1,68.80078125
xor,125,a,global_week13,global,bcd_swapped,1,105,1,-1,68.80078125
xor,126,a,global_week13,global,bcd_normal,1,47,1,-1,68.80078125
xor,126,a,global_week13,global,bcd_swapped,1,34,1,-1,68.80078125
xor,127,a,global_week13,global,bcd_normal,1,55,1,-1,68.80078125
xor,127,a,global_week13,global,bcd_swapped,1,76,1,-1,68.80078125
xor,128,a,global_week13,global,u16LE_x1,2,10,1,-1,0.26873779296875
xor,128,a,global_week13,global,i16LE_x1,2,10,1,-1,0.26873779296875
xor,128,a,global_week13,global,u16BE_x10,2,4,1,-1,0.26873779296875
xor,128,a,global_week13,global,i16BE_x10,2,4,1,-1,0.26873779296875
xor,128,a,global_week13,global,u16LE_x100,2,1,1,1728,0.26873779296875
xor,128,a,global_week13,global,i16LE_x100,2,1,1,1728,0.26873779296875
xor,128,a,global_week13,global,bcd_normal,1,79,1,-1,68.80078125
xor,128,a,global_week13,global,bcd_swapped,1,46,1,-1,68.80078125
xor,129,a,global_week13,global,u16LE_x10,2,8,1,-1,0.26873779296875
xor,129,a,global_week13,global,i16LE_x10,2,8,1,-1,0.26873779296875
xor,129,a,global_week13,global,bcd_normal,1,97,1,-1,68.80078125
xor,129,a,global_week13,global,bcd_swapped,1,85,1,-1,68.80078125
xor,130,a,global_week13,global,u16LE_x10,2,3,1,-1,0.26873779296875
xor,130,a,global_week13,global,i16LE_x10,2,3,1,-1,0.26873779296875
xor,130,a,global_week13,global,bcd_normal,1,79,1,-1,68.80078125
xor,130,a,global_week13,global,bcd_swapped,1,35,1,-1,68.80078125
xor,131,a,global_week13,global,bcd_normal,1,93,1,-1,68.80078125
xor,131,a,global_week13,global,bcd_swapped,1,133,1,-1,68.80078125
xor,132,a,global_week13,global,u16BE_x100,2,8,1,-1,0.26873779296875
xor,132,a,global_week13,global,i16BE_x100,2,8,1,-1,0.26873779296875
xor,132,a,global_week13,global,bcd_normal,1,105,1,-1,68.80078125
xor,132,a,global_week13,global,bcd_swapped,1,67,1,-1,68.80078125
xor,133,a,global_week13,global,u16BE_x1,2,12,1,-1,0.26873779296875
xor,133,a,global_week13,global,i16BE_x1,2,12,1,-1,0.26873779296875
xor,133,a,global_week13,global,bcd_normal,1,95,1,-1,68.80078125
xor,133,a,global_week13,global,bcd_swapped,1,72,1,-1,68.80078125
xor,134,a,global_week13,global,bcd_normal,1,108,1,-1,68.80078125
xor,134,a,global_week13,global,bcd_swapped,1,21,1,-1,68.80078125
xor,135,a,global_week13,global,bcd_normal,1,107,1,-1,68.80078125
xor,135,a,global_week13,global,bcd_swapped,1,47,1,-1,68.80078125
xor,136,a,global_week13,global,u16LE_x1,2,12,1,-1,0.26873779296875
xor,136,a,global_week13,global,i16LE_x1,2,12,1,-1,0.26873779296875
xor,136,a,global_week13,global,u16LE_x10,2,4,1,-1,0.26873779296875
xor,136,a,global_week13,global,i16LE_x10,2,4,1,-1,0.26873779296875
xor,136,a,global_week13,global,u16BE_x10,2,1,1,54,0.26873779296875
xor,136,a,global_week13,global,i16BE_x10,2,1,1,54,0.26873779296875
xor,136,a,global_week13,global,bcd_normal,1,46,1,-1,68.80078125
xor,136,a,global_week13,global,bcd_swapped,1,70,1,-1,68.80078125
xor,137,a,global_week13,global,bcd_normal,1,132,1,-1,68.80078125
xor,137,a,global_week13,global,bcd_swapped,1,48,1,-1,68.80078125
xor,138,a,global_week13,global,bcd_normal,1,136,1,-1,68.80078125
xor,138,a,global_week13,global,bcd_swapped,1,47,1,-1,68.80078125
xor,139,a,global_week13,global,bcd_normal,1,64,1,-1,68.80078125
xor,139,a,global_week13,global,bcd_swapped,1,27,1,-1,68.80078125
xor,140,a,global_week13,global,u16LE_x100,2,1,1,313,0.26873779296875
xor,140,a,global_week13,global,i16LE_x100,2,1,1,313,0.26873779296875
xor,140,a,global_week13,global,bcd_normal,1,32,1,-1,68.80078125
xor,140,a,global_week13,global,bcd_swapped,1,30,1,-1,68.80078125
xor,141,a,global_week13,global,u16BE_x1,2,10,1,-1,0.26873779296875
xor,141,a,global_week13,global,i16BE_x1,2,10,1,-1,0.26873779296875
xor,141,a,global_week13,global,bcd_normal,1,30,1,-1,68.80078125
xor,141,a,global_week13,global,bcd_swapped,1,79,1,-1,68.80078125
xor,142,a,global_week13,global,u16BE_x100,2,1,1,450,0.26873779296875
xor,142,a,global_week13,global,i16BE_x100,2,1,1,450,0.26873779296875
xor,142,a,global_week13,global,bcd_normal,1,47,1,-1,68.80078125
xor,142,a,global_week13,global,bcd_swapped,1,5,1,-1,68.80078125
xor,143,a,global_week13,global,bcd_normal,1,82,1,-1,68.80078125
xor,143,a,global_week13,global,bcd_swapped,1,46,1,-1,68.80078125
xor,144,a,global_week13,global,bcd_normal,1,109,1,-1,68.80078125
xor,144,a,global_week13,global,bcd_swapped,1,57,1,-1,68.80078125
xor,145,a,global_week13,global,u16BE_x10,2,1,1,17506,0.26873779296875
xor,145,a,global_week13,global,i16BE_x10,2,1,1,17506,0.26873779296875
xor,145,a,global_week13,global,u16BE_x100,2,1,1,1728,0.26873779296875
xor,145,a,global_week13,global,i16BE_x100,2,1,1,1728,0.26873779296875
xor,145,a,global_week13,global,bcd_normal,1,143,1,-1,68.80078125
xor,145,a,global_week13,global,bcd_swapped,1,85,1,-1,68.80078125
xor,146,a,global_week13,global,bcd_normal,1,79,1,-1,68.80078125
xor,146,a,global_week13,global,bcd_swapped,1,27,1,-1,68.80078125
xor,147,a,global_week13,global,bcd_normal,1,151,1,-1,68.80078125
xor,147,a,global_week13,global,bcd_swapped,1,61,1,-1,68.80078125
xor,148,a,global_week13,global,u16LE_x1,2,1,1,15660,0.26873779296875
xor,148,a,global_week13,global,i16LE_x1,2,1,1,15660,0.26873779296875
xor,148,a,global_week13,global,u16BE_x1,2,3,1,-1,0.26873779296875
xor,148,a,global_week13,global,i16BE_x1,2,3,1,-1,0.26873779296875
xor,148,a,global_week13,global,bcd_normal,1,101,1,-1,68.80078125
xor,148,a,global_week13,global,bcd_swapped,1,104,1,-1,68.80078125
xor,149,a,global_week13,global,u16LE_x1,2,1,1,16116,0.26873779296875
xor,149,a,global_week13,global,i16LE_x1,2,1,1,16116,0.26873779296875
xor,149,a,global_week13,global,u16LE_x100,2,8,1,-1,0.26873779296875
xor,149,a,global_week13,global,i16LE_x100,2,8,1,-1,0.26873779296875
xor,149,a,global_week13,global,bcd_normal,1,67,1,-1,68.80078125
xor,149,a,global_week13,global,bcd_swapped,1,54,1,-1,68.80078125
xor,150,a,global_week13,global,bcd_normal,1,117,1,-1,68.80078125
xor,150,a,global_week13,global,bcd_swapped,1,53,1,-1,68.80078125
xor,151,a,global_week13,global,bcd_normal,1,154,1,-1,68.80078125
xor,151,a,global_week13,global,bcd_swapped,1,82,1,-1,68.80078125
xor,152,a,global_week13,global,u16BE_x1,2,1,1,16116,0.26873779296875
xor,152,a,global_week13,global,i16BE_x1,2,1,1,16116,0.26873779296875
xor,152,a,global_week13,global,bcd_normal,1,62,1,-1,68.80078125
xor,152,a,global_week13,global,bcd_swapped,1,62,1,-1,68.80078125
xor,153,a,global_week13,global,u16LE_x1,2,3,1,-1,0.26873779296875
xor,153,a,global_week13,global,i16LE_x1,2,3,1,-1,0.26873779296875
xor,153,a,global_week13,global,u16BE_x1,2,1,1,15660,0.26873779296875
xor,153,a,global_week13,global,i16BE_x1,2,1,1,15660,0.26873779296875
xor,153,a,global_week13,global,u32BE_x1,4,1,1,15658,4.100147634744644e-06
xor,153,a,global_week13,global,i32BE_x1,4,1,1,15658,4.100147634744644e-06
xor,153,a,global_week13,global,fx8.24_LE_s32,4,1,1,15658,4.100147634744644e-06
xor,153,a,global_week13,global,fx8.24_LE_u32,4,1,1,15658,4.100147634744644e-06
xor,153,a,global_week13,global,bcd_normal,1,111,1,-1,68.80078125
xor,153,a,global_week13,global,bcd_swapped,1,66,1,-1,68.80078125
xor,154,a,global_week13,global,bcd_normal,1,105,1,-1,68.80078125
xor,154,a,global_week13,global,bcd_swapped,1,65,1,-1,68.80078125
xor,155,a,global_week13,global,bcd_normal,1,123,1,-1,68.80078125
xor,155,a,global_week13,global,bcd_swapped,1,97,1,-1,68.80078125
xor,156,a,global_week13,global,bcd_normal,1,45,1,-1,68.80078125
xor,156,a,global_week13,global,bcd_swapped,1,56,1,-1,68.80078125
xor,157,a,global_week13,global,u16BE_x100,2,1,1,313,0.26873779296875
xor,157,a,global_week13,global,i16BE_x100,2,1,1,313,0.26873779296875
xor,157,a,global_week13,global,bcd_normal,1,27,1,-1,68.80078125
xor,157,a,global_week13,global,bcd_swapped,1,84,1,-1,68.80078125
xor,158,a,global_week13,global,bcd_normal,1,33,1,-1,68.80078125
xor,158,a,global_week13,global,bcd_swapped,1,52,1,-1,68.80078125
xor,159,a,global_week13,global,u16BE_x10,2,1,1,42,0.26873779296875
xor,159,a,global_week13,global,i16BE_x10,2,1,1,42,0.26873779296875
xor,159,a,global_week13,global,u16LE_x100,2,1,1,450,0.26873779296875
xor,159,a,global_week13,global,i16LE_x100,2,1,1,450,0.26873779296875
xor,159,a,global_week13,global,bcd_normal,1,58,1,-1,68.80078125
xor,159,a,global_week13,global,bcd_swapped,1,74,1,-1,68.80078125
xor,160,a,global_week13,global,bcd_normal,1,35,1,-1,68.80078125
xor,160,a,global_week13,global,bcd_swapped,1,79,1,-1,68.80078125
xor,161,a,global_week13,global,bcd_normal,1,133,1,-1,68.80078125
xor,161,a,global_week13,global,bcd_swapped,1,93,1,-1,68.80078125
xor,162,a,global_week13,global,bcd_normal,1,46,1,-1,68.80078125
xor,162,a,global_week13,global,bcd_swapped,1,79,1,-1,68.80078125
xor,163,a,global_week13,global,bcd_normal,1,85,1,-1,68.80078125
xor,163,a,global_week13,global,bcd_swapped,1,97,1,-1,68.80078125
xor,164,a,global_week13,global,u16BE_x1,2,1,1,16027,0.26873779296875
xor,164,a,global_week13,global,i16BE_x1,2,1,1,16027,0.26873779296875
xor,164,a,global_week13,global,bcd_normal,1,21,1,-1,68.80078125
xor,164,a,global_week13,global,bcd_swapped,1,108,1,-1,68.80078125
xor,165,a,global_week13,global,u16BE_x1,2,3,1,-1,0.26873779296875
xor,165,a,global_week13,global,i16BE_x1,2,3,1,-1,0.26873779296875
xor,165,a,global_week13,global,bcd_normal,1,47,1,-1,68.80078125
xor,165,a,global_week13,global,bcd_swapped,1,107,1,-1,68.80078125
xor,166,a,global_week13,global,u16BE_x1,2,1,1,17437,0.26873779296875
xor,166,a,global_week13,global,i16BE_x1,2,1,1,17437,0.26873779296875
xor,166,a,global_week13,global,bcd_normal,1,67,1,-1,68.80078125
xor,166,a,global_week13,global,bcd_swapped,1,105,1,-1,68.80078125
xor,167,a,global_week13,global,bcd_normal,1,72,1,-1,68.80078125
xor,167,a,global_week13,global,bcd_swapped,1,95,1,-1,68.80078125
xor,168,a,global_week13,global,u16LE_x1,2,3,1,-1,0.26873779296875
xor,168,a,global_week13,global,i16LE_x1,2,3,1,-1,0.26873779296875
xor,168,a,global_week13,global,u16LE_x10,2,1,1,12740,0.26873779296875
xor,168,a,global_week13,global,i16LE_x10,2,1,1,12740,0.26873779296875
xor,168,a,global_week13,global,bcd_normal,1,47,1,-1,68.80078125
xor,168,a,global_week13,global,bcd_swapped,1,136,1,-1,68.80078125
xor,169,a,global_week13,global,u16LE_x1,2,1,1,16027,0.26873779296875
xor,169,a,global_week13,global,i16LE_x1,2,1,1,16027,0.26873779296875
xor,169,a,global_week13,global,bcd_normal,1,27,1,-1,68.80078125
xor,169,a,global_week13,global,bcd_swapped,1,64,1,-1,68.80078125
xor,170,a,global_week13,global,u16BE_x10,2,1,1,12866,0.26873779296875
xor,170,a,global_week13,global,i16BE_x10,2,1,1,12866,0.26873779296875
xor,170,a,global_week13,global,bcd_normal,1,70,1,-1,68.80078125
xor,170,a,global_week13,global,bcd_swapped,1,46,1,-1,68.80078125
xor,171,a,global_week13,global,u16LE_x1,2,1,1,17437,0.26873779296875
xor,171,a,global_week13,global,i16LE_x1,2,1,1,17437,0.26873779296875
xor,171,a,global_week13,global,bcd_normal,1,48,1,-1,68.80078125
xor,171,a,global_week13,global,bcd_swapped,1,132,1,-1,68.80078125
xor,172,a,global_week13,global,bcd_normal,1,5,1,-1,68.80078125
xor,172,a,global_week13,global,bcd_swapped,1,47,1,-1,68.80078125
xor,173,a,global_week13,global,bcd_normal,1,46,1,-1,68.80078125
xor,173,a,global_week13,global,bcd_swapped,1,82,1,-1,68.80078125
xor,174,a,global_week13,global,u16BE_x10,2,1,1,1214,0.26873779296875
xor,174,a,global_week13,global,i16BE_x10,2,1,1,1214,0.26873779296875
xor,174,a,global_week13,global,bcd_normal,1,30,1,-1,68.80078125
xor,174,a,global_week13,global,bcd_swapped,1,32,1,-1,68.80078125
xor,175,a,global_week13,global,u16BE_x100,2,1,1,15856,0.26873779296875
xor,175,a,global_week13,global,i16BE_x100,2,1,1,15856,0.26873779296875
xor,175,a,global_week13,global,bcd_normal,1,79,1,-1,68.80078125
xor,175,a,global_week13,global,bcd_swapped,1,30,1,-1,68.80078125
xor,176,a,global_week13,global,bcd_normal,1,27,1,-1,68.80078125
xor,176,a,global_week13,global,bcd_swapped,1,79,1,-1,68.80078125
xor,177,a,global_week13,global,bcd_normal,1,61,1,-1,68.80078125
xor,177,a,global_week13,global,bcd_swapped,1,151,1,-1,68.80078125
xor,178,a,global_week13,global,bcd_normal,1,57,1,-1,68.80078125
xor,178,a,global_week13,global,bcd_swapped,1,109,1,-1,68.80078125
xor,179,a,global_week13,global,bcd_normal,1,85,1,-1,68.80078125
xor,179,a,global_week13,global,bcd_swapped,1,143,1,-1,68.80078125
xor,180,a,global_week13,global,u16LE_x1,2,2,1,-1,0.26873779296875
xor,180,a,global_week13,global,i16LE_x1,2,2,1,-1,0.26873779296875
xor,180,a,global_week13,global,bcd_normal,1,53,1,-1,68.80078125
xor,180,a,global_week13,global,bcd_swapped,1,117,1,-1,68.80078125
xor,181,a,global_week13,global,bcd_normal,1,82,1,-1,68.80078125
xor,181,a,global_week13,global,bcd_swapped,1,154,1,-1,68.80078125
xor,182,a,global_week13,global,bcd_normal,1,104,1,-1,68.80078125
xor,182,a,global_week13,global,bcd_swapped,1,101,1,-1,68.80078125
xor,183,a,global_week13,global,bcd_normal,1,54,1,-1,68.80078125
xor,183,a,global_week13,global,bcd_swapped,1,67,1,-1,68.80078125
xor,184,a,global_week13,global,bcd_normal,1,65,1,-1,68.80078125
xor,184,a,global_week13,global,bcd_swapped,1,105,1,-1,68.80078125
xor,185,a,global_week13,global,u16BE_x1,2,2,1,-1,0.26873779296875
xor,185,a,global_week13,global,i16BE_x1,2,2,1,-1,0.26873779296875
xor,185,a,global_week13,global,bcd_normal,1,97,1,-1,68.80078125
xor,185,a,global_week13,global,bcd_swapped,1,123,1,-1,68.80078125
xor,186,a,global_week13,global,bcd_normal,1,62,1,-1,68.80078125
xor,186,a,global_week13,global,bcd_swapped,1,62,1,-1,68.80078125
xor,187,a,global_week13,global,u16LE_x10,2,2,1,-1,0.26873779296875
xor,187,a,global_week13,global,i16LE_x10,2,2,1,-1,0.26873779296875
xor,187,a,global_week13,global,bcd_normal,1,66,1,-1,68.80078125
xor,187,a,global_week13,global,bcd_swapped,1,111,1,-1,68.80078125
xor,188,a,global_week13,global,bcd_normal,1,52,1,-1,68.80078125
xor,188,a,global_week13,global,bcd_swapped,1,33,1,-1,68.80078125
xor,189,a,global_week13,global,bcd_normal,1,74,1,-1,68.80078125
xor,189,a,global_week13,global,bcd_swapped,1,58,1,-1,68.80078125
xor,190,a,global_week13,global,u16BE_x10,2,1,1,17459,0.26873779296875
xor,190,a,global_week13,global,i16BE_x10,2,1,1,17459,0.26873779296875
xor,190,a,global_week13,global,u16LE_x100,2,1,1,15856,0.26873779296875
xor,190,a,global_week13,global,i16LE_x100,2,1,1,15856,0.26873779296875
xor,190,a,global_week13,global,bcd_normal,1,56,1,-1,68.80078125
xor,190,a,global_week13,global,bcd_swapped,1,45,1,-1,68.80078125
xor,191,a,global_week13,global,bcd_normal,1,84,1,-1,68.80078125
xor,191,a,global_week13,global,bcd_swapped,1,27,1,-1,68.80078125
xor,192,a,global_week13,global,u16BE_x100,2,1,1,12905,0.26873779296875
xor,192,a,global_week13,global,i16BE_x100,2,1,1,12905,0.26873779296875
xor,192,a,global_week13,global,bcd_normal,1,53,1,-1,68.80078125
xor,192,a,global_week13,global,bcd_swapped,1,39,1,-1,68.80078125
xor,193,a,global_week13,global,u16LE_x1,2,3,1,-1,0.26873779296875
xor,193,a,global_week13,global,i16LE_x1,2,3,1,-1,0.26873779296875
xor,193,a,global_week13,global,bcd_normal,1,53,1,-1,68.80078125
xor,193,a,global_week13,global,bcd_swapped,1,45,1,-1,68.80078125
xor,194,a,global_week13,global,bcd_normal,1,70,1,-1,68.80078125
xor,194,a,global_week13,global,bcd_swapped,1,42,1,-1,68.80078125
xor,195,a,global_week13,global,bcd_normal,1,55,1,-1,68.80078125
xor,195,a,global_week13,global,bcd_swapped,1,47,1,-1,68.80078125
xor,196,a,global_week13,global,u16BE_x10,2,4,1,-1,0.26873779296875
xor,196,a,global_week13,global,i16BE_x10,2,4,1,-1,0.26873779296875
xor,196,a,global_week13,global,bcd_normal,1,19,1,-1,68.80078125
xor,196,a,global_week13,global,bcd_swapped,1,36,1,-1,68.80078125
xor,197,a,global_week13,global,u16LE_x100,2,1,1,10975,0.26873779296875
xor,197,a,global_week13,global,i16LE_x100,2,1,1,10975,0.26873779296875
xor,197,a,global_week13,global,bcd_normal,1,41,1,-1,68.80078125
xor,197,a,global_week13,global,bcd_swapped,1,26,1,-1,68.80078125
xor,198,a,global_week13,global,u16BE_x100,2,1,1,12680,0.26873779296875
xor,198,a,global_week13,global,i16BE_x100,2,1,1,12680,0.26873779296875
xor,198,a,global_week13,global,bcd_normal,1,25,1,-1,68.80078125
xor,198,a,global_week13,global,bcd_swapped,1,14,1,-1,68.80078125
xor,199,a,global_week13,global,bcd_normal,1,63,1,-1,68.80078125
xor,199,a,global_week13,global,bcd_swapped,1,16,1,-1,68.80078125
xor,200,a,global_week13,global,u16LE_x10,2,4,1,-1,0.26873779296875
xor,200,a,global_week13,global,i16LE_x10,2,4,1,-1,0.26873779296875
xor,200,a,global_week13,global,bcd_normal,1,37,1,-1,68.80078125
xor,200,a,global_week13,global,bcd_swapped,1,65,1,-1,68.80078125
xor,201,a,global_week13,global,u16LE_x10,2,8,1,-1,0.26873779296875
xor,201,a,global_week13,global,i16LE_x10,2,8,1,-1,0.26873779296875
xor,201,a,global_week13,global,u16BE_x10,2,1,1,15913,0.26873779296875
xor,201,a,global_week13,global,i16BE_x10,2,1,1,15913,0.26873779296875
xor,201,a,global_week13,global,bcd_normal,1,68,1,-1,68.80078125
xor,201,a,global_week13,global,bcd_swapped,1,66,1,-1,68.80078125
xor,202,a,global_week13,global,bcd_normal,1,55,1,-1,68.80078125
xor,202,a,global_week13,global,bcd_swapped,1,9,1,-1,68.80078125
xor,203,a,global_week13,global,bcd_normal,1,17,1,-1,68.80078125
xor,203,a,global_week13,global,bcd_swapped,1,33,1,-1,68.80078125
xor,204,a,global_week13,global,u16BE_x1,2,3,1,-1,0.26873779296875
xor,204,a,global_week13,global,i16BE_x1,2,3,1,-1,0.26873779296875
xor,204,a,global_week13,global,bcd_normal,1,22,1,-1,68.80078125
xor,204,a,global_week13,global,bcd_swapped,1,17,1,-1,68.80078125
xor,205,a,global_week13,global,bcd_normal,1,38,1,-1,68.80078125
xor,205,a,global_week13,global,bcd_swapped,1,31,1,-1,68.80078125
xor,206,a,global_week13,global,u16BE_x100,2,3,1,-1,0.26873779296875
xor,206,a,global_week13,global,i16BE_x100,2,3,1,-1,0.26873779296875
xor,206,a,global_week13,global,bcd_normal,1,49,1,-1,68.80078125
xor,206,a,global_week13,global,bcd_swapped,1,10,1,-1,68.80078125
xor,207,a,global_week13,global,bcd_normal,1,57,1,-1,68.80078125
xor,207,a,global_week13,global,bcd_swapped,1,142,1,-1,68.80078125
xor,208,a,global_week13,global,bcd_normal,1,31,1,-1,68.80078125
xor,208,a,global_week13,global,bcd_swapped,1,75,1,-1,68.80078125
xor,209,a,global_week13,global,u16LE_x100,2,1,1,12905,0.26873779296875
xor,209,a,global_week13,global,i16LE_x100,2,1,1,12905,0.26873779296875
xor,209,a,global_week13,global,bcd_normal,1,85,1,-1,68.80078125
xor,209,a,global_week13,global,bcd_swapped,1,147,1,-1,68.80078125
xor,210,a,global_week13,global,bcd_normal,1,53,1,-1,68.80078125
xor,210,a,global_week13,global,bcd_swapped,1,42,1,-1,68.80078125
xor,211,a,global_week13,global,bcd_normal,1,127,1,-1,68.80078125
xor,211,a,global_week13,global,bcd_swapped,1,103,1,-1,68.80078125
xor,212,a,global_week13,global,u16BE_x10,2,1,1,722,0.26873779296875
xor,212,a,global_week13,global,i16BE_x10,2,1,1,722,0.26873779296875
xor,212,a,global_week13,global,u16BE_x100,2,1,1,10975,0.26873779296875
xor,212,a,global_week13,global,i16BE_x100,2,1,1,10975,0.26873779296875
xor,212,a,global_week13,global,bcd_normal,1,31,1,-1,68.80078125
xor,212,a,global_week13,global,bcd_swapped,1,49,1,-1,68.80078125
xor,213,a,global_week13,global,bcd_normal,1,33,1,-1,68.80078125
xor,213,a,global_week13,global,bcd_swapped,1,59,1,-1,68.80078125
xor,214,a,global_week13,global,bcd_normal,1,79,1,-1,68.80078125
xor,214,a,global_week13,global,bcd_swapped,1,36,1,-1,68.80078125
xor,215,a,global_week13,global,u16LE_x100,2,1,1,12680,0.26873779296875
xor,215,a,global_week13,global,i16LE_x100,2,1,1,12680,0.26873779296875
xor,215,a,global_week13,global,bcd_normal,1,136,1,-1,68.80078125
xor,215,a,global_week13,global,bcd_swapped,1,70,1,-1,68.80078125
xor,216,a,global_week13,global,bcd_normal,1,80,1,-1,68.80078125
xor,216,a,global_week13,global,bcd_swapped,1,56,1,-1,68.80078125
xor,217,a,global_week13,global,bcd_normal,1,87,1,-1,68.80078125
xor,217,a,global_week13,global,bcd_swapped,1,31,1,-1,68.80078125
xor,218,a,global_week13,global,bcd_normal,1,93,1,-1,68.80078125
xor,218,a,global_week13,global,bcd_swapped,1,40,1,-1,68.80078125
xor,219,a,global_week13,global,bcd_normal,1,37,1,-1,68.80078125
xor,219,a,global_week13,global,bcd_swapped,1,58,1,-1,68.80078125
xor,220,a,global_week13,global,bcd_normal,1,21,1,-1,68.80078125
xor,220,a,global_week13,global,bcd_swapped,1,13,1,-1,68.80078125
xor,221,a,global_week13,global,bcd_normal,1,52,1,-1,68.80078125
xor,221,a,global_week13,global,bcd_swapped,1,30,1,-1,68.80078125
xor,222,a,global_week13,global,u16LE_x10,2,1,1,291,0.26873779296875
xor,222,a,global_week13,global,i16LE_x10,2,1,1,291,0.26873779296875
xor,222,a,global_week13,global,bcd_normal,1,66,1,-1,68.80078125
xor,222,a,global_week13,global,bcd_swapped,1,26,1,-1,68.80078125
xor,223,a,global_week13,global,u16LE_x100,2,3,1,-1,0.26873779296875
xor,223,a,global_week13,global,i16LE_x100,2,3,1,-1,0.26873779296875
xor,223,a,global_week13,global,bcd_normal,1,61,1,-1,68.80078125
xor,223,a,global_week13,global,bcd_swapped,1,12,1,-1,68.80078125
xor,224,a,global_week13,global,u16LE_x10,2,4,1,-1,0.26873779296875
xor,224,a,global_week13,global,i16LE_x10,2,4,1,-1,0.26873779296875
xor,224,a,global_week13,global,u16BE_x10,2,4,1,-1,0.26873779296875
xor,224,a,global_week13,global,i16BE_x10,2,4,1,-1,0.26873779296875
xor,224,a,global_week13,global,bcd_normal,1,42,1,-1,68.80078125
xor,224,a,global_week13,global,bcd_swapped,1,70,1,-1,68.80078125
xor,225,a,global_week13,global,bcd_normal,1,47,1,-1,68.80078125
xor,225,a,global_week13,global,bcd_swapped,1,55,1,-1,68.80078125
xor,226,a,global_week13,global,bcd_normal,1,39,1,-1,68.80078125
xor,226,a,global_week13,global,bcd_swapped,1,53,1,-1,68.80078125
xor,227,a,global_week13,global,u16BE_x1,2,1,1,552,0.26873779296875
xor,227,a,global_week13,global,i16BE_x1,2,1,1,552,0.26873779296875
xor,227,a,global_week13,global,bcd_normal,1,45,1,-1,68.80078125
xor,227,a,global_week13,global,bcd_swapped,1,53,1,-1,68.80078125
xor,228,a,global_week13,global,bcd_normal,1,14,1,-1,68.80078125
xor,228,a,global_week13,global,bcd_swapped,1,25,1,-1,68.80078125
xor,229,a,global_week13,global,u16LE_x10,2,1,1,1131,0.26873779296875
xor,229,a,global_week13,global,i16LE_x10,2,1,1,1131,0.26873779296875
xor,229,a,global_week13,global,bcd_normal,1,16,1,-1,68.80078125
xor,229,a,global_week13,global,bcd_swapped,1,63,1,-1,68.80078125
xor,230,a,global_week13,global,bcd_normal,1,36,1,-1,68.80078125
xor,230,a,global_week13,global,bcd_swapped,1,19,1,-1,68.80078125
xor,231,a,global_week13,global,u16BE_x100,2,1,1,1881,0.26873779296875
xor,231,a,global_week13,global,i16BE_x100,2,1,1,1881,0.26873779296875
xor,231,a,global_week13,global,bcd_normal,1,26,1,-1,68.80078125
xor,231,a,global_week13,global,bcd_swapped,1,41,1,-1,68.80078125
xor,232,a,global_week13,global,bcd_normal,1,9,1,-1,68.80078125
xor,232,a,global_week13,global,bcd_swapped,1,55,1,-1,68.80078125
xor,233,a,global_week13,global,bcd_normal,1,33,1,-1,68.80078125
xor,233,a,global_week13,global,bcd_swapped,1,17,1,-1,68.80078125
xor,234,a,global_week13,global,bcd_normal,1,65,1,-1,68.80078125
xor,234,a,global_week13,global,bcd_swapped,1,37,1,-1,68.80078125
xor,235,a,global_week13,global,bcd_normal,1,66,1,-1,68.80078125
xor,235,a,global_week13,global,bcd_swapped,1,68,1,-1,68.80078125
xor,236,a,global_week13,global,u16LE_x100,2,1,1,17306,0.26873779296875
xor,236,a,global_week13,global,i16LE_x100,2,1,1,17306,0.26873779296875
xor,236,a,global_week13,global,bcd_normal,1,10,1,-1,68.80078125
xor,236,a,global_week13,global,bcd_swapped,1,49,1,-1,68.80078125
xor,237,a,global_week13,global,bcd_normal,1,142,1,-1,68.80078125
xor,237,a,global_week13,global,bcd_swapped,1,57,1,-1,68.80078125
xor,238,a,global_week13,global,u16LE_x1,2,1,1,552,0.26873779296875
xor,238,a,global_week13,global,i16LE_x1,2,1,1,552,0.26873779296875
xor,238,a,global_week13,global,u16BE_x100,2,1,1,16107,0.26873779296875
xor,238,a,global_week13,global,i16BE_x100,2,1,1,16107,0.26873779296875
xor,238,a,global_week13,global,bcd_normal,1,17,1,-1,68.80078125
xor,238,a,global_week13,global,bcd_swapped,1,22,1,-1,68.80078125
xor,239,a,global_week13,global,bcd_normal,1,31,1,-1,68.80078125
xor,239,a,global_week13,global,bcd_swapped,1,38,1,-1,68.80078125
xor,240,a,global_week13,global,bcd_normal,1,42,1,-1,68.80078125
xor,240,a,global_week13,global,bcd_swapped,1,53,1,-1,68.80078125
xor,241,a,global_week13,global,u16BE_x1,2,1,1,496,0.26873779296875
xor,241,a,global_week13,global,i16BE_x1,2,1,1,496,0.26873779296875
xor,241,a,global_week13,global,bcd_normal,1,103,1,-1,68.80078125
xor,241,a,global_week13,global,bcd_swapped,1,127,1,-1,68.80078125
xor,242,a,global_week13,global,bcd_normal,1,75,1,-1,68.80078125
xor,242,a,global_week13,global,bcd_swapped,1,31,1,-1,68.80078125
xor,243,a,global_week13,global,bcd_normal,1,147,1,-1,68.80078125
xor,243,a,global_week13,global,bcd_swapped,1,85,1,-1,68.80078125
xor,244,a,global_week13,global,bcd_normal,1,36,1,-1,68.80078125
xor,244,a,global_week13,global,bcd_swapped,1,79,1,-1,68.80078125
xor,245,a,global_week13,global,bcd_normal,1,70,1,-1,68.80078125
xor,245,a,global_week13,global,bcd_swapped,1,136,1,-1,68.80078125
xor,246,a,global_week13,global,u16LE_x100,2,1,1,1881,0.26873779296875
xor,246,a,global_week13,global,i16LE_x100,2,1,1,1881,0.26873779296875
xor,246,a,global_week13,global,bcd_normal,1,49,1,-1,68.80078125
xor,246,a,global_week13,global,bcd_swapped,1,31,1,-1,68.80078125
xor,247,a,global_week13,global,bcd_normal,1,59,1,-1,68.80078125
xor,247,a,global_week13,global,bcd_swapped,1,33,1,-1,68.80078125
xor,248,a,global_week13,global,bcd_normal,1,40,1,-1,68.80078125
xor,248,a,global_week13,global,bcd_swapped,1,93,1,-1,68.80078125
xor,249,a,global_week13,global,u16LE_x10,2,1,1,16216,0.26873779296875
xor,249,a,global_week13,global,i16LE_x10,2,1,1,16216,0.26873779296875
xor,249,a,global_week13,global,bcd_normal,1,58,1,-1,68.80078125
xor,249,a,global_week13,global,bcd_swapped,1,37,1,-1,68.80078125
xor,250,a,global_week13,global,bcd_normal,1,56,1,-1,68.80078125
xor,250,a,global_week13,global,bcd_swapped,1,80,1,-1,68.80078125
xor,251,a,global_week13,global,u16BE_x10,2,1,1,51,0.26873779296875
xor,251,a,global_week13,global,i16BE_x10,2,1,1,51,0.26873779296875
xor,251,a,global_week13,global,bcd_normal,1,31,1,-1,68.80078125
xor,251,a,global_week13,global,bcd_swapped,1,87,1,-1,68.80078125
xor,252,a,global_week13,global,u16LE_x1,2,1,1,496,0.26873779296875
xor,252,a,global_week13,global,i16LE_x1,2,1,1,496,0.26873779296875
xor,252,a,global_week13,global,bcd_normal,1,26,1,-1,68.80078125
xor,252,a,global_week13,global,bcd_swapped,1,66,1,-1,68.80078125
xor,253,a,global_week13,global,u16BE_x100,2,1,1,17306,0.26873779296875
xor,253,a,global_week13,global,i16BE_x100,2,1,1,17306,0.26873779296875
xor,253,a,global_week13,global,bcd_normal,1,12,1,-1,68.80078125
xor,253,a,global_week13,global,bcd_swapped,1,61,1,-1,68.80078125
xor,254,a,global_week13,global,u16BE_x10,2,3,1,-1,0.26873779296875
xor,254,a,global_week13,global,i16BE_x10,2,3,1,-1,0.26873779296875
xor,254,a,global_week13,global,bcd_normal,1,13,1,-1,68.80078125
xor,254,a,global_week13,global,bcd_swapped,1,21,1,-1,68.80078125
xor,255,a,global_week13,global,u16LE_x100,2,1,1,16107,0.26873779296875
xor,255,a,global_week13,global,i16LE_x100,2,1,1,16107,0.26873779296875
xor,255,a,global_week13,global,bcd_normal,1,30,1,-1,68.80078125
xor,255,a,global_week13,global,bcd_swapped,1,52,1,-1,68.80078125
nibble_swap,,a,global_week13,global,u16LE_x10,2,1,1,16008,0.26873779296875
nibble_swap,,a,global_week13,global,i16LE_x10,2,1,1,16008,0.26873779296875
nibble_swap,,a,global_week13,global,u16BE_x10,2,7,1,-1,0.26873779296875
nibble_swap,,a,global_week13,global,i16BE_x10,2,7,1,-1,0.26873779296875
nibble_swap,,a,global_week13,global,bcd_normal,1,54,1,-1,68.80078125
nibble_swap,,a,global_week13,global,bcd_swapped,1,162,1,-1,68.80078125
bit_reverse,,a,global_week13,global,u16BE_x10,2,6,1,-1,0.26873779296875
bit_reverse,,a,global_week13,global,i16BE_x10,2,6,1,-1,0.26873779296875
bit_reverse,,a,global_week13,global,bcd_normal,1,37,1,-1,68.80078125
bit_reverse,,a,global_week13,global,bcd_swapped,1,58,1,-1,68.80078125
raw,,a,global_rate40,global,u16LE_x1,2,1,1,16008,0.26873779296875
raw,,a,global_rate40,global,i16LE_x1,2,1,1,16008,0.26873779296875
raw,,a,global_rate40,global,u16BE_x1,2,7,1,-1,0.26873779296875
raw,,a,global_rate40,global,i16BE_x1,2,7,1,-1,0.26873779296875
raw,,a,global_rate40,global,bcd_normal,1,119,1,-1,68.80078125
raw,,a,global_rate40,global,bcd_swapped,1,120,1,-1,68.80078125
xor,1,a,global_rate40,global,u16LE_x10,2,4,1,-1,0.26873779296875
xor,1,a,global_rate40,global,i16LE_x10,2,4,1,-1,0.26873779296875
xor,1,a,global_rate40,global,bcd_normal,1,75,1,-1,68.80078125
xor,1,a,global_rate40,global,bcd_swapped,1,48,1,-1,68.80078125
xor,2,a,global_rate40,global,u16LE_x1,2,5,1,-1,0.26873779296875
xor,2,a,global_rate40,global,i16LE_x1,2,5,1,-1,0.26873779296875
xor,2,a,global_rate40,global,u16BE_x1,2,3,1,-1,0.26873779296875
xor,2,a,global_rate40,global,i16BE_x1,2,3,1,-1,0.26873779296875
xor,2,a,global_rate40,global,bcd_normal,1,72,1,-1,68.80078125
xor,2,a,global_rate40,global,bcd_swapped,1,63,1,-1,68.80078125
xor,3,a,global_rate40,global,bcd_normal,1,59,1,-1,68.80078125
xor,3,a,global_rate40,global,bcd_swapped,1,31,1,-1,68.80078125
xor,4,a,global_rate40,global,u16BE_x1,2,1,1,92,0.26873779296875
xor,4,a,global_rate40,global,i16BE_x1,2,1,1,92,0.26873779296875
xor,4,a,global_rate40,global,bcd_normal,1,92,1,-1,68.80078125
xor,4,a,global_rate40,global,bcd_swapped,1,513,1,-1,68.80078125
xor,5,a,global_rate40,global,u16BE_x100,2,2,1,-1,0.26873779296875
xor,5,a,global_rate40,global,i16BE_x100,2,2,1,-1,0.26873779296875
xor,5,a,global_rate40,global,bcd_normal,1,94,1,-1,68.80078125
xor,5,a,global_rate40,global,bcd_swapped,1,140,1,-1,68.80078125
xor,6,a,global_rate40,global,bcd_normal,1,39,1,-1,68.80078125
xor,6,a,global_rate40,global,bcd_swapped,1,185,1,-1,68.80078125
xor,7,a,global_rate40,global,bcd_normal,1,37,1,-1,68.80078125
xor,7,a,global_rate40,global,bcd_swapped,1,28,1,-1,68.80078125
xor,8,a,global_rate40,global,u16BE_x1,2,5,1,-1,0.26873779296875
xor,8,a,global_rate40,global,i16BE_x1,2,5,1,-1,0.26873779296875
xor,8,a,global_rate40,global,bcd_normal,1,73,1,-1,68.80078125
xor,8,a,global_rate40,global,bcd_swapped,1,51,1,-1,68.80078125
xor,9,a,global_rate40,global,bcd_normal,1,73,1,-1,68.80078125
xor,9,a,global_rate40,global,bcd_swapped,1,53,1,-1,68.80078125
xor,10,a,global_rate40,global,u16LE_x1,2,6,1,-1,0.26873779296875
xor,10,a,global_rate40,global,i16LE_x1,2,6,1,-1,0.26873779296875
xor,10,a,global_rate40,global,u16BE_x1,2,1,1,15563,0.26873779296875
xor,10,a,global_rate40,global,i16BE_x1,2,1,1,15563,0.26873779296875
xor,10,a,global_rate40,global,bcd_normal,1,97,1,-1,68.80078125
xor,10,a,global_rate40,global,bcd_swapped,1,25,1,-1,68.80078125
xor,11,a,global_rate40,global,bcd_normal,1,122,1,-1,68.80078125
xor,11,a,global_rate40,global,bcd_swapped,1,51,1,-1,68.80078125
xor,12,a,global_rate40,global,u16LE_x1,2,1,1,829,0.26873779296875
xor,12,a,global_rate40,global,i16LE_x1,2,1,1,829,0.26873779296875
xor,12,a,global_rate40,global,bcd_normal,1,105,1,-1,68.80078125
xor,12,a,global_rate40,global,bcd_swapped,1,123,1,-1,68.80078125
xor,13,a,global_rate40,global,u16BE_x10,2,1,1,10707,0.26873779296875
xor,13,a,global_rate40,global,i16BE_x10,2,1,1,10707,0.26873779296875
xor,13,a,global_rate40,global,bcd_normal,1,98,1,-1,68.80078125
xor,13,a,global_rate40,global,bcd_swapped,1,157,1,-1,68.80078125
xor,14,a,global_rate40,global,u16LE_x1,2,1,1,254,0.26873779296875
xor,14,a,global_rate40,global,i16LE_x1,2,1,1,254,0.26873779296875
xor,14,a,global_rate40,global,bcd_normal,1,76,1,-1,68.80078125
xor,14,a,global_rate40,global,bcd_swapped,1,159,1,-1,68.80078125
xor,15,a,global_rate40,global,u16BE_x100,2,14,1,-1,0.26873779296875
xor,15,a,global_rate40,global,i16BE_x100,2,14,1,-1,0.26873779296875
xor,15,a,global_rate40,global,bcd_normal,1,34,1,-1,68.80078125
xor,15,a,global_rate40,global,bcd_swapped,1,62,1,-1,68.80078125
xor,16,a,global_rate40,global,bcd_normal,1,91,1,-1,68.80078125
xor,16,a,global_rate40,global,bcd_swapped,1,57,1,-1,68.80078125
xor,17,a,global_rate40,global,u16BE_x100,2,1,1,836,0.26873779296875
xor,17,a,global_rate40,global,i16BE_x100,2,1,1,836,0.26873779296875
xor,17,a,global_rate40,global,bcd_normal,1,50,1,-1,68.80078125
xor,17,a,global_rate40,global,bcd_swapped,1,87,1,-1,68.80078125
xor,18,a,global_rate40,global,u16BE_x10,2,1,1,12640,0.26873779296875
xor,18,a,global_rate40,global,i16BE_x10,2,1,1,12640,0.26873779296875
xor,18,a,global_rate40,global,bcd_normal,1,61,1,-1,68.80078125
xor,18,a,global_rate40,global,bcd_swapped,1,63,1,-1,68.80078125
xor,19,a,global_rate40,global,u16LE_x10,2,4,1,-1,0.26873779296875
xor,19,a,global_rate40,global,i16LE_x10,2,4,1,-1,0.26873779296875
xor,19,a,global_rate40,global,u16BE_x10,2,2,1,-1,0.26873779296875
xor,19,a,global_rate40,global,i16BE_x10,2,2,1,-1,0.26873779296875
xor,19,a,global_rate40,global,bcd_normal,1,51,1,-1,68.80078125
xor,19,a,global_rate40,global,bcd_swapped,1,85,1,-1,68.80078125
xor,20,a,global_rate40,global,u16BE_x10,2,9,1,-1,0.26873779296875
xor,20,a,global_rate40,global,i16BE_x10,2,9,1,-1,0.26873779296875
xor,20,a,global_rate40,global,bcd_normal,1,102,1,-1,68.80078125
xor,20,a,global_rate40,global,bcd_swapped,1,113,1,-1,68.80078125
xor,21,a,global_rate40,global,bcd_normal,1,75,1,-1,68.80078125
xor,21,a,global_rate40,global,bcd_swapped,1,138,1,-1,68.80078125
xor,22,a,global_rate40,global,bcd_normal,1,99,1,-1,68.80078125
xor,22,a,global_rate40,global,bcd_swapped,1,154,1,-1,68.80078125
xor,23,a,global_rate40,global,bcd_normal,1,79,1,-1,68.80078125
xor,23,a,global_rate40,global,bcd_swapped,1,162,1,-1,68.80078125
xor,24,a,global_rate40,global,u16LE_x1,2,3,1,-1,0.26873779296875
xor,24,a,global_rate40,global,i16LE_x1,2,3,1,-1,0.26873779296875
xor,24,a,global_rate40,global,bcd_normal,1,124,1,-1,68.80078125
xor,24,a,global_rate40,global,bcd_swapped,1,66,1,-1,68.80078125
xor,25,a,global_rate40,global,u16LE_x1,2,4,1,-1,0.26873779296875
xor,25,a,global_rate40,global,i16LE_x1,2,4,1,-1,0.26873779296875
xor,25,a,global_rate40,global,bcd_normal,1,119,1,-1,68.80078125
xor,25,a,global_rate40,global,bcd_swapped,1,18,1,-1,68.80078125
xor,26,a,global_rate40,global,bcd_normal,1,63,1,-1,68.80078125
xor,26,a,global_rate40,global,bcd_swapped,1,27,1,-1,68.80078125
xor,27,a,global_rate40,global,bcd_normal,1,92,1,-1,68.80078125
xor,27,a,global_rate40,global,bcd_swapped,1,26,1,-1,68.80078125
xor,28,a,global_rate40,global,u16LE_x1,2,5,1,-1,0.26873779296875
xor,28,a,global_rate40,global,i16LE_x1,2,5,1,-1,0.26873779296875
xor,28,a,global_rate40,global,bcd_normal,1,66,1,-1,68.80078125
xor,28,a,global_rate40,global,bcd_swapped,1,61,1,-1,68.80078125
xor,29,a,global_rate40,global,bcd_normal,1,58,1,-1,68.80078125
xor,29,a,global_rate40,global,bcd_swapped,1,39,1,-1,68.80078125
xor,30,a,global_rate40,global,bcd_normal,1,43,1,-1,68.80078125
xor,30,a,global_rate40,global,bcd_swapped,1,40,1,-1,68.80078125
xor,31,a,global_rate40,global,u16LE_x10,2,1,1,17273,0.26873779296875
xor,31,a,global_rate40,global,i16LE_x10,2,1,1,17273,0.26873779296875
xor,31,a,global_rate40,global,u16BE_x10,2,3,1,-1,0.26873779296875
xor,31,a,global_rate40,global,i16BE_x10,2,3,1,-1,0.26873779296875
xor,31,a,global_rate40,global,bcd_normal,1,67,1,-1,68.80078125
xor,31,a,global_rate40,global,bcd_swapped,1,41,1,-1,68.80078125
xor,32,a,global_rate40,global,u16LE_x1,2,5,1,-1,0.26873779296875
xor,32,a,global_rate40,global,i16LE_x1,2,5,1,-1,0.26873779296875
xor,32,a,global_rate40,global,u16BE_x10,2,16,1,-1,0.26873779296875
xor,32,a,global_rate40,global,i16BE_x10,2,16,1,-1,0.26873779296875
xor,32,a,global_rate40,global,bcd_normal,1,79,1,-1,68.80078125
xor,32,a,global_rate40,global,bcd_swapped,1,92,1,-1,68.80078125
xor,33,a,global_rate40,global,bcd_normal,1,52,1,-1,68.80078125
xor,33,a,global_rate40,global,bcd_swapped,1,150,1,-1,68.80078125
xor,34,a,global_rate40,global,u16LE_x1,2,1,1,15563,0.26873779296875
xor,34,a,global_rate40,global,i16LE_x1,2,1,1,15563,0.26873779296875
xor,34,a,global_rate40,global,u16BE_x1,2,6,1,-1,0.26873779296875
xor,34,a,global_rate40,global,i16BE_x1,2,6,1,-1,0.26873779296875
xor,34,a,global_rate40,global,u16BE_x100,2,1,1,16103,0.26873779296875
xor,34,a,global_rate40,global,i16BE_x100,2,1,1,16103,0.26873779296875
xor,34,a,global_rate40,global,bcd_normal,1,74,1,-1,68.80078125
xor,34,a,global_rate40,global,bcd_swapped,1,130,1,-1,68.80078125
xor,35,a,global_rate40,global,u16BE_x100,2,1,1,16291,0.26873779296875
xor,35,a,global_rate40,global,i16BE_x100,2,1,1,16291,0.26873779296875
xor,35,a,global_rate40,global,bcd_normal,1,43,1,-1,68.80078125
xor,35,a,global_rate40,global,bcd_swapped,1,56,1,-1,68.80078125
xor,36,a,global_rate40,global,u16BE_x1,2,1,1,829,0.26873779296875
xor,36,a,global_rate40,global,i16BE_x1,2,1,1,829,0.26873779296875
xor,36,a,global_rate40,global,bcd_normal,1,72,1,-1,68.80078125
xor,36,a,global_rate40,global,bcd_swapped,1,126,1,-1,68.80078125
xor,37,a,global_rate40,global,u16BE_x10,2,1,1,459,0.26873779296875
xor,37,a,global_rate40,global,i16BE_x10,2,1,1,459,0.26873779296875
xor,37,a,global_rate40,global,bcd_normal,1,76,1,-1,68.80078125
xor,37,a,global_rate40,global,bcd_swapped,1,77,1,-1,68.80078125
xor,38,a,global_rate40,global,u16BE_x1,2,1,1,254,0.26873779296875
xor,38,a,global_rate40,global,i16BE_x1,2,1,1,254,0.26873779296875
xor,38,a,global_rate40,global,bcd_normal,1,56,1,-1,68.80078125
xor,38,a,global_rate40,global,bcd_swapped,1,96,1,-1,68.80078125
xor,39,a,global_rate40,global,u16LE_x10,2,1,1,12840,0.26873779296875
xor,39,a,global_rate40,global,i16LE_x10,2,1,1,12840,0.26873779296875
xor,39,a,global_rate40,global,bcd_normal,1,44,1,-1,68.80078125
xor,39,a,global_rate40,global,bcd_swapped,1,66,1,-1,68.80078125
xor,40,a,global_rate40,global,u16LE_x1,2,7,1,-1,0.26873779296875
xor,40,a,global_rate40,global,i16LE_x1,2,7,1,-1,0.26873779296875
xor,40,a,global_rate40,global,u16BE_x1,2,1,1,16008,0.26873779296875
xor,40,a,global_rate40,global,i16BE_x1,2,1,1,16008,0.26873779296875
xor,40,a,global_rate40,global,bcd_normal,1,55,1,-1,68.80078125
xor,40,a,global_rate40,global,bcd_swapped,1,134,1,-1,68.80078125
xor,41,a,global_rate40,global,bcd_normal,1,83,1,-1,68.80078125
xor,41,a,global_rate40,global,bcd_swapped,1,78,1,-1,68.80078125
xor,42,a,global_rate40,global,u16LE_x1,2,3,1,-1,0.26873779296875
xor,42,a,global_rate40,global,i16LE_x1,2,3,1,-1,0.26873779296875
xor,42,a,global_rate40,global,u16BE_x1,2,5,1,-1,0.26873779296875
xor,42,a,global_rate40,global,i16BE_x1,2,5,1,-1,0.26873779296875
xor,42,a,global_rate40,global,u16BE_x100,2,1,1,15926,0.26873779296875
xor,42,a,global_rate40,global,i16BE_x100,2,1,1,15926,0.26873779296875
xor,42,a,global_rate40,global,bcd_normal,1,54,1,-1,68.80078125
xor,42,a,global_rate40,global,bcd_swapped,1,92,1,-1,68.80078125
xor,43,a,global_rate40,global,bcd_normal,1,38,1,-1,68.80078125
xor,43,a,global_rate40,global,bcd_swapped,1,49,1,-1,68.80078125
xor,44,a,global_rate40,global,u16LE_x1,2,1,1,92,0.26873779296875
xor,44,a,global_rate40,global,i16LE_x1,2,1,1,92,0.26873779296875
xor,44,a,global_rate40,global,u16LE_x100,2,1,1,15493,0.26873779296875
xor,44,a,global_rate40,global,i16LE_x100,2,1,1,15493,0.26873779296875
xor,44,a,global_rate40,global,u16BE_x100,2,1,1,788,0.26873779296875
xor,44,a,global_rate40,global,i16BE_x100,2,1,1,788,0.26873779296875
xor,44,a,global_rate40,global,bcd_normal,1,55,1,-1,68.80078125
xor,44,a,global_rate40,global,bcd_swapped,1,92,1,-1,68.80078125
xor,45,a,global_rate40,global,u16BE_x100,2,1,1,345,0.26873779296875
xor,45,a,global_rate40,global,i16BE_x100,2,1,1,345,0.26873779296875
xor,45,a,global_rate40,global,bcd_normal,1,47,1,-1,68.80078125
xor,45,a,global_rate40,global,bcd_swapped,1,107,1,-1,68.80078125
xor,46,a,global_rate40,global,bcd_normal,1,48,1,-1,68.80078125
xor,46,a,global_rate40,global,bcd_swapped,1,95,1,-1,68.80078125
xor,47,a,global_rate40,global,u16LE_x10,2,1,1,17529,0.26873779296875
xor,47,a,global_rate40,global,i16LE_x10,2,1,1,17529,0.26873779296875
xor,47,a,global_rate40,global,bcd_normal,1,70,1,-1,68.80078125
xor,47,a,global_rate40,global,bcd_swapped,1,91,1,-1,68.80078125
xor,48,a,global_rate40,global,u16BE_x1,2,3,1,-1,0.26873779296875
xor,48,a,global_rate40,global,i16BE_x1,2,3,1,-1,0.26873779296875
xor,48,a,global_rate40,global,bcd_normal,1,75,1,-1,68.80078125
xor,48,a,global_rate40,global,bcd_swapped,1,103,1,-1,68.80078125
xor,49,a,global_rate40,global,u16BE_x1,2,4,1,-1,0.26873779296875
xor,49,a,global_rate40,global,i16BE_x1,2,4,1,-1,0.26873779296875
xor,49,a,global_rate40,global,bcd_normal,1,45,1,-1,68.80078125
xor,49,a,global_rate40,global,bcd_swapped,1,68,1,-1,68.80078125
xor,50,a,global_rate40,global,bcd_normal,1,50,1,-1,68.80078125
xor,50,a,global_rate40,global,bcd_swapped,1,63,1,-1,68.80078125
xor,51,a,global_rate40,global,u16LE_x100,2,1,1,17526,0.26873779296875
xor,51,a,global_rate40,global,i16LE_x100,2,1,1,17526,0.26873779296875
xor,51,a,global_rate40,global,u16BE_x100,2,8,1,-1,0.26873779296875
xor,51,a,global_rate40,global,i16BE_x100,2,8,1,-1,0.26873779296875
xor,51,a,global_rate40,global,bcd_normal,1,75,1,-1,68.80078125
xor,51,a,global_rate40,global,bcd_swapped,1,57,1,-1,68.80078125
xor,52,a,global_rate40,global,u16BE_x1,2,5,1,-1,0.26873779296875
xor,52,a,global_rate40,global,i16BE_x1,2,5,1,-1,0.26873779296875
xor,52,a,global_rate40,global,bcd_normal,1,65,1,-1,68.80078125
xor,52,a,global_rate40,global,bcd_swapped,1,69,1,-1,68.80078125
xor,53,a,global_rate40,global,u16LE_x10,2,2,1,-1,0.26873779296875
xor,53,a,global_rate40,global,i16LE_x10,2,2,1,-1,0.26873779296875
xor,53,a,global_rate40,global,bcd_normal,1,62,1,-1,68.80078125
xor,53,a,global_rate40,global,bcd_swapped,1,54,1,-1,68.80078125
xor,54,a,global_rate40,global,bcd_normal,1,35,1,-1,68.80078125
xor,54,a,global_rate40,global,bcd_swapped,1,67,1,-1,68.80078125
xor,55,a,global_rate40,global,bcd_normal,1,38,1,-1,68.80078125
xor,55,a,global_rate40,global,bcd_swapped,1,70,1,-1,68.80078125
xor,56,a,global_rate40,global,bcd_normal,1,45,1,-1,68.80078125
xor,56,a,global_rate40,global,bcd_swapped,1,50,1,-1,68.80078125
xor,57,a,global_rate40,global,u16LE_x10,2,4,1,-1,0.26873779296875
xor,57,a,global_rate40,global,i16LE_x10,2,4,1,-1,0.26873779296875
xor,57,a,global_rate40,global,bcd_normal,1,75,1,-1,68.80078125
xor,57,a,global_rate40,global,bcd_swapped,1,24,1,-1,68.80078125
xor,58,a,global_rate40,global,u16LE_x100,2,4,1,-1,0.26873779296875
xor,58,a,global_rate40,global,i16LE_x100,2,4,1,-1,0.26873779296875
xor,58,a,global_rate40,global,u16BE_x100,2,7,1,-1,0.26873779296875
xor,58,a,global_rate40,global,i16BE_x100,2,7,1,-1,0.26873779296875
xor,58,a,global_rate40,global,bcd_normal,1,18,1,-1,68.80078125
xor,58,a,global_rate40,global,bcd_swapped,1,32,1,-1,68.80078125
xor,59,a,global_rate40,global,u16BE_x100,2,6,1,-1,0.26873779296875
xor,59,a,global_rate40,global,i16BE_x100,2,6,1,-1,0.26873779296875
xor,59,a,global_rate40,global,bcd_normal,1,26,1,-1,68.80078125
xor,59,a,global_rate40,global,bcd_swapped,1,14,1,-1,68.80078125
xor,60,a,global_rate40,global,u16BE_x100,2,1,1,122,0.26873779296875
xor,60,a,global_rate40,global,i16BE_x100,2,1,1,122,0.26873779296875
xor,60,a,global_rate40,global,bcd_normal,1,51,1,-1,68.80078125
xor,60,a,global_rate40,global,bcd_swapped,1,92,1,-1,68.80078125
xor,61,a,global_rate40,global,bcd_normal,1,14,1,-1,68.80078125
xor,61,a,global_rate40,global,bcd_swapped,1,69,1,-1,68.80078125
xor,62,a,global_rate40,global,bcd_normal,1,19,1,-1,68.80078125
xor,62,a,global_rate40,global,bcd_swapped,1,32,1,-1,68.80078125
xor,63,a,global_rate40,global,bcd_normal,1,11,1,-1,68.80078125
xor,63,a,global_rate40,global,bcd_swapped,1,44,1,-1,68.80078125
xor,64,a,global_rate40,global,bcd_normal,1,513,1,-1,68.80078125
xor,64,a,global_rate40,global,bcd_swapped,1,92,1,-1,68.80078125
xor,65,a,global_rate40,global,u16LE_x100,2,3,1,-1,0.26873779296875
xor,65,a,global_rate40,global,i16LE_x100,2,3,1,-1,0.26873779296875
xor,65,a,global_rate40,global,u16BE_x100,2,3,1,-1,0.26873779296875
xor,65,a,global_rate40,global,i16BE_x100,2,3,1,-1,0.26873779296875
xor,65,a,global_rate40,global,bcd_normal,1,140,1,-1,68.80078125
xor,65,a,global_rate40,global,bcd_swapped,1,94,1,-1,68.80078125
xor,66,a,global_rate40,global,bcd_normal,1,185,1,-1,68.80078125
xor,66,a,global_rate40,global,bcd_swapped,1,39,1,-1,68.80078125
xor,67,a,global_rate40,global,bcd_normal,1,28,1,-1,68.80078125
xor,67,a,global_rate40,global,bcd_swapped,1,37,1,-1,68.80078125
xor,68,a,global_rate40,global,bcd_normal,1,120,1,-1,68.80078125
xor,68,a,global_rate40,global,bcd_swapped,1,119,1,-1,68.80078125
xor,69,a,global_rate40,global,u16BE_x100,2,13,1,-1,0.26873779296875
xor,69,a,global_rate40,global,i16BE_x100,2,13,1,-1,0.26873779296875
xor,69,a,global_rate40,global,bcd_normal,1,48,1,-1,68.80078125
xor,69,a,global_rate40,global,bcd_swapped,1,75,1,-1,68.80078125
xor,70,a,global_rate40,global,bcd_normal,1,63,1,-1,68.80078125
xor,70,a,global_rate40,global,bcd_swapped,1,72,1,-1,68.80078125
xor,71,a,global_rate40,global,bcd_normal,1,31,1,-1,68.80078125
xor,71,a,global_rate40,global,bcd_swapped,1,59,1,-1,68.80078125
xor,72,a,global_rate40,global,bcd_normal,1,123,1,-1,68.80078125
xor,72,a,global_rate40,global,bcd_swapped,1,105,1,-1,68.80078125
xor,73,a,global_rate40,global,bcd_normal,1,157,1,-1,68.80078125
xor,73,a,global_rate40,global,bcd_swapped,1,98,1,-1,68.80078125
xor,74,a,global_rate40,global,u16BE_x1,2,2,1,-1,0.26873779296875
xor,74,a,global_rate40,global,i16BE_x1,2,2,1,-1,0.26873779296875
xor,74,a,global_rate40,global,bcd_normal,1,159,1,-1,68.80078125
xor,74,a,global_rate40,global,bcd_swapped,1,76,1,-1,68.80078125
xor,75,a,global_rate40,global,bcd_normal,1,62,1,-1,68.80078125
xor,75,a,global_rate40,global,bcd_swapped,1,34,1,-1,68.80078125
xor,76,a,global_rate40,global,u16LE_x1,2,2,1,-1,0.26873779296875
xor,76,a,global_rate40,global,i16LE_x1,2,2,1,-1,0.26873779296875
xor,76,a,global_rate40,global,u16LE_x100,2,1,1,10805,0.26873779296875
xor,76,a,global_rate40,global,i16LE_x100,2,1,1,10805,0.26873779296875
xor,76,a,global_rate40,global,bcd_normal,1,51,1,-1,68.80078125
xor,76,a,global_rate40,global,bcd_swapped,1,73,1,-1,68.80078125
xor,77,a,global_rate40,global,u16BE_x1,2,2,1,-1,0.26873779296875
xor,77,a,global_rate40,global,i16BE_x1,2,2,1,-1,0.26873779296875
xor,77,a,global_rate40,global,bcd_normal,1,53,1,-1,68.80078125
xor,77,a,global_rate40,global,bcd_swapped,1,73,1,-1,68.80078125
xor,78,a,global_rate40,global,bcd_normal,1,25,1,-1,68.80078125
xor,78,a,global_rate40,global,bcd_swapped,1,97,1,-1,68.80078125
xor,79,a,global_rate40,global,bcd_normal,1,51,1,-1,68.80078125
xor,79,a,global_rate40,global,bcd_swapped,1,122,1,-1,68.80078125
xor,80,a,global_rate40,global,bcd_normal,1,113,1,-1,68.80078125
xor,80,a,global_rate40,global,bcd_swapped,1,102,1,-1,68.80078125
xor,81,a,global_rate40,global,bcd_normal,1,138,1,-1,68.80078125
xor,81,a,global_rate40,global,bcd_swapped,1,75,1,-1,68.80078125
xor,82,a,global_rate40,global,bcd_normal,1,154,1,-1,68.80078125
xor,82,a,global_rate40,global,bcd_swapped,1,99,1,-1,68.80078125
xor,83,a,global_rate40,global,u16LE_x1,2,1,1,437,0.26873779296875
xor,83,a,global_rate40,global,i16LE_x1,2,1,1,437,0.26873779296875
xor,83,a,global_rate40,global,u16BE_x100,2,1,1,1488,0.26873779296875
xor,83,a,global_rate40,global,i16BE_x100,2,1,1,1488,0.26873779296875
xor,83,a,global_rate40,global,bcd_normal,1,162,1,-1,68.80078125
xor,83,a,global_rate40,global,bcd_swapped,1,79,1,-1,68.80078125
xor,84,a,global_rate40,global,u16LE_x10,2,2,1,-1,0.26873779296875
xor,84,a,global_rate40,global,i16LE_x10,2,2,1,-1,0.26873779296875
xor,84,a,global_rate40,global,bcd_normal,1,57,1,-1,68.80078125
xor,84,a,global_rate40,global,bcd_swapped,1,91,1,-1,68.80078125
xor,85,a,global_rate40,global,bcd_normal,1,87,1,-1,68.80078125
xor,85,a,global_rate40,global,bcd_swapped,1,50,1,-1,68.80078125
xor,86,a,global_rate40,global,bcd_normal,1,63,1,-1,68.80078125
xor,86,a,global_rate40,global,bcd_swapped,1,61,1,-1,68.80078125
xor,87,a,global_rate40,global,bcd_normal,1,85,1,-1,68.80078125
xor,87,a,global_rate40,global,bcd_swapped,1,51,1,-1,68.80078125
xor,88,a,global_rate40,global,bcd_normal,1,61,1,-1,68.80078125
xor,88,a,global_rate40,global,bcd_swapped,1,66,1,-1,68.80078125
xor,89,a,global_rate40,global,u16LE_x100,2,1,1,13260,0.26873779296875
xor,89,a,global_rate40,global,i16LE_x100,2,1,1,13260,0.26873779296875
xor,89,a,global_rate40,global,bcd_normal,1,39,1,-1,68.80078125
xor,89,a,global_rate40,global,bcd_swapped,1,58,1,-1,68.80078125
xor,90,a,global_rate40,global,bcd_normal,1,40,1,-1,68.80078125
xor,90,a,global_rate40,global,bcd_swapped,1,43,1,-1,68.80078125
xor,91,a,global_rate40,global,u16BE_x1,2,1,1,16050,0.26873779296875
xor,91,a,global_rate40,global,i16BE_x1,2,1,1,16050,0.26873779296875
xor,91,a,global_rate40,global,u16LE_x10,2,2,1,-1,0.26873779296875
xor,91,a,global_rate40,global,i16LE_x10,2,2,1,-1,0.26873779296875
xor,91,a,global_rate40,global,bcd_normal,1,41,1,-1,68.80078125
xor,91,a,global_rate40,global,bcd_swapped,1,67,1,-1,68.80078125
xor,92,a,global_rate40,global,u16LE_x1,2,2,1,-1,0.26873779296875
xor,92,a,global_rate40,global,i16LE_x1,2,2,1,-1,0.26873779296875
xor,92,a,global_rate40,global,bcd_normal,1,66,1,-1,68.80078125
xor,92,a,global_rate40,global,bcd_swapped,1,124,1,-1,68.80078125
xor,93,a,global_rate40,global,u16LE_x10,2,1,1,12845,0.26873779296875
xor,93,a,global_rate40,global,i16LE_x10,2,1,1,12845,0.26873779296875
xor,93,a,global_rate40,global,bcd_normal,1,18,1,-1,68.80078125
xor,93,a,global_rate40,global,bcd_swapped,1,119,1,-1,68.80078125
xor,94,a,global_rate40,global,bcd_normal,1,27,1,-1,68.80078125
xor,94,a,global_rate40,global,bcd_swapped,1,63,1,-1,68.80078125
xor,95,a,global_rate40,global,bcd_normal,1,26,1,-1,68.80078125
xor,95,a,global_rate40,global,bcd_swapped,1,92,1,-1,68.80078125
xor,96,a,global_rate40,global,bcd_normal,1,126,1,-1,68.80078125
xor,96,a,global_rate40,global,bcd_swapped,1,72,1,-1,68.80078125
xor,97,a,global_rate40,global,bcd_normal,1,77,1,-1,68.80078125
xor,97,a,global_rate40,global,bcd_swapped,1,76,1,-1,68.80078125
xor,98,a,global_rate40,global,u16LE_x1,2,2,1,-1,0.26873779296875
xor,98,a,global_rate40,global,i16LE_x1,2,2,1,-1,0.26873779296875
xor,98,a,global_rate40,global,u16BE_x100,2,1,1,1446,0.26873779296875
xor,98,a,global_rate40,global,i16BE_x100,2,1,1,1446,0.26873779296875
xor,98,a,global_rate40,global,bcd_normal,1,96,1,-1,68.80078125
xor,98,a,global_rate40,global,bcd_swapped,1,56,1,-1,68.80078125
xor,99,a,global_rate40,global,bcd_normal,1,66,1,-1,68.80078125
xor,99,a,global_rate40,global,bcd_swapped,1,44,1,-1,68.80078125
xor,100,a,global_rate40,global,u16BE_x1,2,2,1,-1,0.26873779296875
xor,100,a,global_rate40,global,i16BE_x1,2,2,1,-1,0.26873779296875
xor,100,a,global_rate40,global,bcd_normal,1,92,1,-1,68.80078125
xor,100,a,global_rate40,global,bcd_swapped,1,79,1,-1,68.80078125
xor,101,a,global_rate40,global,u16LE_x1,2,2,1,-1,0.26873779296875
xor,101,a,global_rate40,global,i16LE_x1,2,2,1,-1,0.26873779296875
xor,101,a,global_rate40,global,u16LE_x100,2,1,1,655,0.26873779296875
xor,101,a,global_rate40,global,i16LE_x100,2,1,1,655,0.26873779296875
xor,101,a,global_rate40,global,bcd_normal,1,150,1,-1,68.80078125
xor,101,a,global_rate40,global,bcd_swapped,1,52,1,-1,68.80078125
xor,102,a,global_rate40,global,u16LE_x100,2,1,1,10812,0.26873779296875
xor,102,a,global_rate40,global,i16LE_x100,2,1,1,10812,0.26873779296875
xor,102,a,global_rate40,global,bcd_normal,1,130,1,-1,68.80078125
xor,102,a,global_rate40,global,bcd_swapped,1,74,1,-1,68.80078125
xor,103,a,global_rate40,global,bcd_normal,1,56,1,-1,68.80078125
xor,103,a,global_rate40,global,bcd_swapped,1,43,1,-1,68.80078125
xor,104,a,global_rate40,global,bcd_normal,1,92,1,-1,68.80078125
xor,104,a,global_rate40,global,bcd_swapped,1,55,1,-1,68.80078125
xor,105,a,global_rate40,global,bcd_normal,1,107,1,-1,68.80078125
xor,105,a,global_rate40,global,bcd_swapped,1,47,1,-1,68.80078125
xor,106,a,global_rate40,global,u16LE_x100,2,8,1,-1,0.26873779296875
xor,106,a,global_rate40,global,i16LE_x100,2,8,1,-1,0.26873779296875
xor,106,a,global_rate40,global,bcd_normal,1,95,1,-1,68.80078125
xor,106,a,global_rate40,global,bcd_swapped,1,48,1,-1,68.80078125
xor,107,a,global_rate40,global,u16BE_x100,2,1,1,770,0.26873779296875
xor,107,a,global_rate40,global,i16BE_x100,2,1,1,770,0.26873779296875
xor,107,a,global_rate40,global,bcd_normal,1,91,1,-1,68.80078125
xor,107,a,global_rate40,global,bcd_swapped,1,70,1,-1,68.80078125
xor,108,a,global_rate40,global,bcd_normal,1,134,1,-1,68.80078125
xor,108,a,global_rate40,global,bcd_swapped,1,55,1,-1,68.80078125
xor,109,a,global_rate40,global,u16BE_x100,2,1,1,1179,0.26873779296875
xor,109,a,global_rate40,global,i16BE_x100,2,1,1,1179,0.26873779296875
xor,109,a,global_rate40,global,bcd_normal,1,78,1,-1,68.80078125
xor,109,a,global_rate40,global,bcd_swapped,1,83,1,-1,68.80078125
xor,110,a,global_rate40,global,u16LE_x100,2,1,1,12851,0.26873779296875
xor,110,a,global_rate40,global,i16LE_x100,2,1,1,12851,0.26873779296875
xor,110,a,global_rate40,global,bcd_normal,1,92,1,-1,68.80078125
xor,110,a,global_rate40,global,bcd_swapped,1,54,1,-1,68.80078125
xor,111,a,global_rate40,global,u16LE_x100,2,1,1,957,0.26873779296875
xor,111,a,global_rate40,global,i16LE_x100,2,1,1,957,0.26873779296875
xor,111,a,global_rate40,global,bcd_normal,1,49,1,-1,68.80078125
xor,111,a,global_rate40,global,bcd_swapped,1,38,1,-1,68.80078125
xor,112,a,global_rate40,global,u16LE_x10,2,3,1,-1,0.26873779296875
xor,112,a,global_rate40,global,i16LE_x10,2,3,1,-1,0.26873779296875
xor,112,a,global_rate40,global,bcd_normal,1,69,1,-1,68.80078125
xor,112,a,global_rate40,global,bcd_swapped,1,65,1,-1,68.80078125
xor,113,a,global_rate40,global,u16BE_x10,2,1,1,3137,0.26873779296875
xor,113,a,global_rate40,global,i16BE_x10,2,1,1,3137,0.26873779296875
xor,113,a,global_rate40,global,bcd_normal,1,54,1,-1,68.80078125
xor,113,a,global_rate40,global,bcd_swapped,1,62,1,-1,68.80078125
xor,114,a,global_rate40,global,u16LE_x10,2,11,1,-1,0.26873779296875
xor,114,a,global_rate40,global,i16LE_x10,2,11,1,-1,0.26873779296875
xor,114,a,global_rate40,global,bcd_normal,1,67,1,-1,68.80078125
xor,114,a,global_rate40,global,bcd_swapped,1,35,1,-1,68.80078125
xor,115,a,global_rate40,global,u16LE_x1,2,1,1,16050,0.26873779296875
xor,115,a,global_rate40,global,i16LE_x1,2,1,1,16050,0.26873779296875
xor,115,a,global_rate40,global,bcd_normal,1,70,1,-1,68.80078125
xor,115,a,global_rate40,global,bcd_swapped,1,38,1,-1,68.80078125
xor,116,a,global_rate40,global,u16BE_x1,2,2,1,-1,0.26873779296875
xor,116,a,global_rate40,global,i16BE_x1,2,2,1,-1,0.26873779296875
xor,116,a,global_rate40,global,u16LE_x10,2,4,1,-1,0.26873779296875
xor,116,a,global_rate40,global,i16LE_x10,2,4,1,-1,0.26873779296875
xor,116,a,global_rate40,global,bcd_normal,1,103,1,-1,68.80078125
xor,116,a,global_rate40,global,bcd_swapped,1,75,1,-1,68.80078125
xor,117,a,global_rate40,global,bcd_normal,1,68,1,-1,68.80078125
xor,117,a,global_rate40,global,bcd_swapped,1,45,1,-1,68.80078125
xor,118,a,global_rate40,global,bcd_normal,1,63,1,-1,68.80078125
xor,118,a,global_rate40,global,bcd_swapped,1,50,1,-1,68.80078125
xor,119,a,global_rate40,global,bcd_normal,1,57,1,-1,68.80078125
xor,119,a,global_rate40,global,bcd_swapped,1,75,1,-1,68.80078125
xor,120,a,global_rate40,global,bcd_normal,1,92,1,-1,68.80078125
xor,120,a,global_rate40,global,bcd_swapped,1,51,1,-1,68.80078125
xor,121,a,global_rate40,global,u16LE_x10,2,4,1,-1,0.26873779296875
xor,121,a,global_rate40,global,i16LE_x10,2,4,1,-1,0.26873779296875
xor,121,a,global_rate40,global,bcd_normal,1,69,1,-1,68.80078125
xor,121,a,global_rate40,global,bcd_swapped,1,14,1,-1,68.80078125
xor,122,a,global_rate40,global,bcd_normal,1,32,1,-1,68.80078125
xor,122,a,global_rate40,global,bcd_swapped,1,19,1,-1,68.80078125
xor,123,a,global_rate40,global,u16BE_x1,2,1,1,437,0.26873779296875
xor,123,a,global_rate40,global,i16BE_x1,2,1,1,437,0.26873779296875
xor,123,a,global_rate40,global,u16LE_x100,2,1,1,16000,0.26873779296875
xor,123,a,global_rate40,global,i16LE_x100,2,1,1,16000,0.26873779296875
xor,123,a,global_rate40,global,bcd_normal,1,44,1,-1,68.80078125
xor,123,a,global_rate40,global,bcd_swapped,1,11,1,-1,68.80078125
xor,124,a,global_rate40,global,u16LE_x100,2,1,1,381,0.26873779296875
xor,124,a,global_rate40,global,i16LE_x100,2,1,1,381,0.26873779296875
xor,124,a,global_rate40,global,bcd_normal,1,50,1,-1,68.80078125
xor,124,a,global_rate40,global,bcd_swapped,1,45,1,-1,68.80078125
xor,125,a,global_rate40,global,u16BE_x10,2,1,1,15605,0.26873779296875
xor,125,a,global_rate40,global,i16BE_x10,2,1,1,15605,0.26873779296875
xor,125,a,global_rate40,global,bcd_normal,1,24,1,-1,68.80078125
xor,125,a,global_rate40,global,bcd_swapped,1,75,1,-1,68.80078125
xor,126,a,global_rate40,global,bcd_normal,1,32,1,-1,68.80078125
xor,126,a,global_rate40,global,bcd_swapped,1,18,1,-1,68.80078125
xor,127,a,global_rate40,global,bcd_normal,1,14,1,-1,68.80078125
xor,127,a,global_rate40,global,bcd_swapped,1,26,1,-1,68.80078125
xor,128,a,global_rate40,global,bcd_normal,1,127,1,-1,68.80078125
xor,128,a,global_rate40,global,bcd_swapped,1,154,1,-1,68.80078125
xor,129,a,global_rate40,global,bcd_normal,1,53,1,-1,68.80078125
xor,129,a,global_rate40,global,bcd_swapped,1,117,1,-1,68.80078125
xor,130,a,global_rate40,global,u16LE_x10,2,2,1,-1,0.26873779296875
xor,130,a,global_rate40,global,i16LE_x10,2,2,1,-1,0.26873779296875
xor,130,a,global_rate40,global,u16BE_x10,2,4,1,-1,0.26873779296875
xor,130,a,global_rate40,global,i16BE_x10,2,4,1,-1,0.26873779296875
xor,130,a,global_rate40,global,u16LE_x100,2,1,1,345,0.26873779296875
xor,130,a,global_rate40,global,i16LE_x100,2,1,1,345,0.26873779296875
xor,130,a,global_rate40,global,bcd_normal,1,85,1,-1,68.80078125
xor,130,a,global_rate40,global,bcd_swapped,1,67,1,-1,68.80078125
xor,131,a,global_rate40,global,u16LE_x1,2,1,1,13158,0.26873779296875
xor,131,a,global_rate40,global,i16LE_x1,2,1,1,13158,0.26873779296875
xor,131,a,global_rate40,global,u16LE_x10,2,1,1,12640,0.26873779296875
xor,131,a,global_rate40,global,i16LE_x10,2,1,1,12640,0.26873779296875
xor,131,a,global_rate40,global,u16LE_x100,2,1,1,788,0.26873779296875
xor,131,a,global_rate40,global,i16LE_x100,2,1,1,788,0.26873779296875
xor,131,a,global_rate40,global,u16BE_x100,2,1,1,15493,0.26873779296875
xor,131,a,global_rate40,global,i16BE_x100,2,1,1,15493,0.26873779296875
xor,131,a,global_rate40,global,bcd_normal,1,31,1,-1,68.80078125
xor,131,a,global_rate40,global,bcd_swapped,1,101,1,-1,68.80078125
xor,132,a,global_rate40,global,bcd_normal,1,136,1,-1,68.80078125
xor,132,a,global_rate40,global,bcd_swapped,1,151,1,-1,68.80078125
xor,133,a,global_rate40,global,u16LE_x10,2,9,1,-1,0.26873779296875
xor,133,a,global_rate40,global,i16LE_x10,2,9,1,-1,0.26873779296875
xor,133,a,global_rate40,global,u16LE_x100,2,1,1,15926,0.26873779296875
xor,133,a,global_rate40,global,i16LE_x100,2,1,1,15926,0.26873779296875
xor,133,a,global_rate40,global,bcd_normal,1,79,1,-1,68.80078125
xor,133,a,global_rate40,global,bcd_swapped,1,79,1,-1,68.80078125
xor,134,a,global_rate40,global,u16LE_x1,2,6,1,-1,0.26873779296875
xor,134,a,global_rate40,global,i16LE_x1,2,6,1,-1,0.26873779296875
xor,134,a,global_rate40,global,bcd_normal,1,33,1,-1,68.80078125
xor,134,a,global_rate40,global,bcd_swapped,1,143,1,-1,68.80078125
xor,135,a,global_rate40,global,u16LE_x1,2,1,1,17151,0.26873779296875
xor,135,a,global_rate40,global,i16LE_x1,2,1,1,17151,0.26873779296875
xor,135,a,global_rate40,global,bcd_normal,1,31,1,-1,68.80078125
xor,135,a,global_rate40,global,bcd_swapped,1,109,1,-1,68.80078125
xor,136,a,global_rate40,global,bcd_normal,1,37,1,-1,68.80078125
xor,136,a,global_rate40,global,bcd_swapped,1,58,1,-1,68.80078125
xor,137,a,global_rate40,global,u16BE_x1,2,4,1,-1,0.26873779296875
xor,137,a,global_rate40,global,i16BE_x1,2,4,1,-1,0.26873779296875
xor,137,a,global_rate40,global,bcd_normal,1,93,1,-1,68.80078125
xor,137,a,global_rate40,global,bcd_swapped,1,33,1,-1,68.80078125
xor,138,a,global_rate40,global,bcd_normal,1,87,1,-1,68.80078125
xor,138,a,global_rate40,global,bcd_swapped,1,27,1,-1,68.80078125
xor,139,a,global_rate40,global,bcd_normal,1,80,1,-1,68.80078125
xor,139,a,global_rate40,global,bcd_swapped,1,45,1,-1,68.80078125
xor,140,a,global_rate40,global,u16LE_x1,2,2,1,-1,0.26873779296875
xor,140,a,global_rate40,global,i16LE_x1,2,2,1,-1,0.26873779296875
xor,140,a,global_rate40,global,u16LE_x100,2,1,1,16291,0.26873779296875
xor,140,a,global_rate40,global,i16LE_x100,2,1,1,16291,0.26873779296875
xor,140,a,global_rate40,global,bcd_normal,1,61,1,-1,68.80078125
xor,140,a,global_rate40,global,bcd_swapped,1,123,1,-1,68.80078125
xor,141,a,global_rate40,global,u16LE_x1,2,1,1,1438,0.26873779296875
xor,141,a,global_rate40,global,i16LE_x1,2,1,1,1438,0.26873779296875
xor,141,a,global_rate40,global,u16LE_x100,2,1,1,16103,0.26873779296875
xor,141,a,global_rate40,global,i16LE_x100,2,1,1,16103,0.26873779296875
xor,141,a,global_rate40,global,bcd_normal,1,66,1,-1,68.80078125
xor,141,a,global_rate40,global,bcd_swapped,1,105,1,-1,68.80078125
xor,142,a,global_rate40,global,u16LE_x10,2,3,1,-1,0.26873779296875
xor,142,a,global_rate40,global,i16LE_x10,2,3,1,-1,0.26873779296875
xor,142,a,global_rate40,global,u16BE_x10,2,1,1,17273,0.26873779296875
xor,142,a,global_rate40,global,i16BE_x10,2,1,1,17273,0.26873779296875
xor,142,a,global_rate40,global,bcd_normal,1,52,1,-1,68.80078125
xor,142,a,global_rate40,global,bcd_swapped,1,111,1,-1,68.80078125
xor,143,a,global_rate40,global,u16BE_x1,2,1,1,508,0.26873779296875
xor,143,a,global_rate40,global,i16BE_x1,2,1,1,508,0.26873779296875
xor,143,a,global_rate40,global,bcd_normal,1,21,1,-1,68.80078125
xor,143,a,global_rate40,global,bcd_swapped,1,62,1,-1,68.80078125
xor,144,a,global_rate40,global,u16LE_x1,2,1,1,13081,0.26873779296875
xor,144,a,global_rate40,global,i16LE_x1,2,1,1,13081,0.26873779296875
xor,144,a,global_rate40,global,u16BE_x1,2,8,1,-1,0.26873779296875
xor,144,a,global_rate40,global,i16BE_x1,2,8,1,-1,0.26873779296875
xor,144,a,global_rate40,global,u16BE_x10,2,4,1,-1,0.26873779296875
xor,144,a,global_rate40,global,i16BE_x10,2,4,1,-1,0.26873779296875
xor,144,a,global_rate40,global,bcd_normal,1,55,1,-1,68.80078125
xor,144,a,global_rate40,global,bcd_swapped,1,107,1,-1,68.80078125
xor,145,a,global_rate40,global,bcd_normal,1,70,1,-1,68.80078125
xor,145,a,global_rate40,global,bcd_swapped,1,108,1,-1,68.80078125
xor,146,a,global_rate40,global,bcd_normal,1,53,1,-1,68.80078125
xor,146,a,global_rate40,global,bcd_swapped,1,95,1,-1,68.80078125
xor,147,a,global_rate40,global,u16LE_x100,2,1,1,122,0.26873779296875
xor,147,a,global_rate40,global,i16LE_x100,2,1,1,122,0.26873779296875
xor,147,a,global_rate40,global,bcd_normal,1,53,1,-1,68.80078125
xor,147,a,global_rate40,global,bcd_swapped,1,105,1,-1,68.80078125
xor,148,a,global_rate40,global,u16LE_x100,2,6,1,-1,0.26873779296875
xor,148,a,global_rate40,global,i16LE_x100,2,6,1,-1,0.26873779296875
xor,148,a,global_rate40,global,bcd_normal,1,63,1,-1,68.80078125
xor,148,a,global_rate40,global,bcd_swapped,1,93,1,-1,68.80078125
xor,149,a,global_rate40,global,u16LE_x100,2,7,1,-1,0.26873779296875
xor,149,a,global_rate40,global,i16LE_x100,2,7,1,-1,0.26873779296875
xor,149,a,global_rate40,global,u16BE_x100,2,4,1,-1,0.26873779296875
xor,149,a,global_rate40,global,i16BE_x100,2,4,1,-1,0.26873779296875
xor,149,a,global_rate40,global,bcd_normal,1,25,1,-1,68.80078125
xor,149,a,global_rate40,global,bcd_swapped,1,79,1,-1,68.80078125
xor,150,a,global_rate40,global,bcd_normal,1,41,1,-1,68.80078125
xor,150,a,global_rate40,global,bcd_swapped,1,97,1,-1,68.80078125
xor,151,a,global_rate40,global,bcd_normal,1,19,1,-1,68.80078125
xor,151,a,global_rate40,global,bcd_swapped,1,79,1,-1,68.80078125
xor,152,a,global_rate40,global,bcd_normal,1,17,1,-1,68.80078125
xor,152,a,global_rate40,global,bcd_swapped,1,82,1,-1,68.80078125
xor,153,a,global_rate40,global,u16LE_x1,2,1,1,913,0.26873779296875
xor,153,a,global_rate40,global,i16LE_x1,2,1,1,913,0.26873779296875
xor,153,a,global_rate40,global,bcd_normal,1,55,1,-1,68.80078125
xor,153,a,global_rate40,global,bcd_swapped,1,47,1,-1,68.80078125
xor,154,a,global_rate40,global,bcd_normal,1,68,1,-1,68.80078125
xor,154,a,global_rate40,global,bcd_swapped,1,30,1,-1,68.80078125
xor,155,a,global_rate40,global,bcd_normal,1,37,1,-1,68.80078125
xor,155,a,global_rate40,global,bcd_swapped,1,32,1,-1,68.80078125
xor,156,a,global_rate40,global,u16LE_x10,2,1,1,10707,0.26873779296875
xor,156,a,global_rate40,global,i16LE_x10,2,1,1,10707,0.26873779296875
xor,156,a,global_rate40,global,u16LE_x100,2,8,1,-1,0.26873779296875
xor,156,a,global_rate40,global,i16LE_x100,2,8,1,-1,0.26873779296875
xor,156,a,global_rate40,global,u16BE_x100,2,1,1,17526,0.26873779296875
xor,156,a,global_rate40,global,i16BE_x100,2,1,1,17526,0.26873779296875
xor,156,a,global_rate40,global,bcd_normal,1,57,1,-1,68.80078125
xor,156,a,global_rate40,global,bcd_swapped,1,64,1,-1,68.80078125
xor,157,a,global_rate40,global,u16LE_x1,2,1,1,1240,0.26873779296875
xor,157,a,global_rate40,global,i16LE_x1,2,1,1,1240,0.26873779296875
xor,157,a,global_rate40,global,bcd_normal,1,49,1,-1,68.80078125
xor,157,a,global_rate40,global,bcd_swapped,1,136,1,-1,68.80078125
xor,158,a,global_rate40,global,bcd_normal,1,38,1,-1,68.80078125
xor,158,a,global_rate40,global,bcd_swapped,1,132,1,-1,68.80078125
xor,159,a,global_rate40,global,bcd_normal,1,22,1,-1,68.80078125
xor,159,a,global_rate40,global,bcd_swapped,1,46,1,-1,68.80078125
xor,160,a,global_rate40,global,u16LE_x100,2,14,1,-1,0.26873779296875
xor,160,a,global_rate40,global,i16LE_x100,2,14,1,-1,0.26873779296875
xor,160,a,global_rate40,global,bcd_normal,1,147,1,-1,68.80078125
xor,160,a,global_rate40,global,bcd_swapped,1,54,1,-1,68.80078125
xor,161,a,global_rate40,global,u16LE_x1,2,4,1,-1,0.26873779296875
xor,161,a,global_rate40,global,i16LE_x1,2,4,1,-1,0.26873779296875
xor,161,a,global_rate40,global,bcd_normal,1,75,1,-1,68.80078125
xor,161,a,global_rate40,global,bcd_swapped,1,104,1,-1,68.80078125
xor,162,a,global_rate40,global,bcd_normal,1,103,1,-1,68.80078125
xor,162,a,global_rate40,global,bcd_swapped,1,82,1,-1,68.80078125
xor,163,a,global_rate40,global,bcd_normal,1,42,1,-1,68.80078125
xor,163,a,global_rate40,global,bcd_swapped,1,53,1,-1,68.80078125
xor,164,a,global_rate40,global,u16BE_x1,2,2,1,-1,0.26873779296875
xor,164,a,global_rate40,global,i16BE_x1,2,2,1,-1,0.26873779296875
xor,164,a,global_rate40,global,u16BE_x10,2,2,1,-1,0.26873779296875
xor,164,a,global_rate40,global,i16BE_x10,2,2,1,-1,0.26873779296875
xor,164,a,global_rate40,global,bcd_normal,1,59,1,-1,68.80078125
xor,164,a,global_rate40,global,bcd_swapped,1,85,1,-1,68.80078125
xor,165,a,global_rate40,global,u16BE_x1,2,1,1,1438,0.26873779296875
xor,165,a,global_rate40,global,i16BE_x1,2,1,1,1438,0.26873779296875
xor,165,a,global_rate40,global,bcd_normal,1,49,1,-1,68.80078125
xor,165,a,global_rate40,global,bcd_swapped,1,57,1,-1,68.80078125
xor,166,a,global_rate40,global,bcd_normal,1,70,1,-1,68.80078125
xor,166,a,global_rate40,global,bcd_swapped,1,61,1,-1,68.80078125
xor,167,a,global_rate40,global,u16LE_x1,2,1,1,508,0.26873779296875
xor,167,a,global_rate40,global,i16LE_x1,2,1,1,508,0.26873779296875
xor,167,a,global_rate40,global,bcd_normal,1,36,1,-1,68.80078125
xor,167,a,global_rate40,global,bcd_swapped,1,27,1,-1,68.80078125
xor,168,a,global_rate40,global,u16BE_x10,2,4,1,-1,0.26873779296875
xor,168,a,global_rate40,global,i16BE_x10,2,4,1,-1,0.26873779296875
xor,168,a,global_rate40,global,bcd_normal,1,31,1,-1,68.80078125
xor,168,a,global_rate40,global,bcd_swapped,1,84,1,-1,68.80078125
xor,169,a,global_rate40,global,bcd_normal,1,56,1,-1,68.80078125
xor,169,a,global_rate40,global,bcd_swapped,1,56,1,-1,68.80078125
xor,170,a,global_rate40,global,u16LE_x100,2,2,1,-1,0.26873779296875
xor,170,a,global_rate40,global,i16LE_x100,2,2,1,-1,0.26873779296875
xor,170,a,global_rate40,global,bcd_normal,1,58,1,-1,68.80078125
xor,170,a,global_rate40,global,bcd_swapped,1,74,1,-1,68.80078125
xor,171,a,global_rate40,global,u16BE_x1,2,1,1,13158,0.26873779296875
xor,171,a,global_rate40,global,i16BE_x1,2,1,1,13158,0.26873779296875
xor,171,a,global_rate40,global,bcd_normal,1,40,1,-1,68.80078125
xor,171,a,global_rate40,global,bcd_swapped,1,52,1,-1,68.80078125
xor,172,a,global_rate40,global,bcd_normal,1,30,1,-1,68.80078125
xor,172,a,global_rate40,global,bcd_swapped,1,66,1,-1,68.80078125
xor,173,a,global_rate40,global,bcd_normal,1,13,1,-1,68.80078125
xor,173,a,global_rate40,global,bcd_swapped,1,62,1,-1,68.80078125
xor,174,a,global_rate40,global,u16BE_x1,2,6,1,-1,0.26873779296875
xor,174,a,global_rate40,global,i16BE_x1,2,6,1,-1,0.26873779296875
xor,174,a,global_rate40,global,bcd_normal,1,12,1,-1,68.80078125
xor,174,a,global_rate40,global,bcd_swapped,1,97,1,-1,68.80078125
xor,175,a,global_rate40,global,u16BE_x1,2,1,1,17151,0.26873779296875
xor,175,a,global_rate40,global,i16BE_x1,2,1,1,17151,0.26873779296875
xor,175,a,global_rate40,global,bcd_normal,1,26,1,-1,68.80078125
xor,175,a,global_rate40,global,bcd_swapped,1,65,1,-1,68.80078125
xor,176,a,global_rate40,global,bcd_normal,1,45,1,-1,68.80078125
xor,176,a,global_rate40,global,bcd_swapped,1,72,1,-1,68.80078125
xor,177,a,global_rate40,global,u16BE_x1,2,1,1,913,0.26873779296875
xor,177,a,global_rate40,global,i16BE_x1,2,1,1,913,0.26873779296875
xor,177,a,global_rate40,global,u16LE_x10,2,16,1,-1,0.26873779296875
xor,177,a,global_rate40,global,i16LE_x10,2,16,1,-1,0.26873779296875
xor,177,a,global_rate40,global,bcd_normal,1,39,1,-1,68.80078125
xor,177,a,global_rate40,global,bcd_swapped,1,67,1,-1,68.80078125
xor,178,a,global_rate40,global,bcd_normal,1,47,1,-1,68.80078125
xor,178,a,global_rate40,global,bcd_swapped,1,47,1,-1,68.80078125
xor,179,a,global_rate40,global,bcd_normal,1,42,1,-1,68.80078125
xor,179,a,global_rate40,global,bcd_swapped,1,21,1,-1,68.80078125
xor,180,a,global_rate40,global,u16LE_x10,2,1,1,459,0.26873779296875
xor,180,a,global_rate40,global,i16LE_x10,2,1,1,459,0.26873779296875
xor,180,a,global_rate40,global,bcd_normal,1,26,1,-1,68.80078125
xor,180,a,global_rate40,global,bcd_swapped,1,85,1,-1,68.80078125
xor,181,a,global_rate40,global,u16BE_x1,2,1,1,1240,0.26873779296875
xor,181,a,global_rate40,global,i16BE_x1,2,1,1,1240,0.26873779296875
xor,181,a,global_rate40,global,bcd_normal,1,36,1,-1,68.80078125
xor,181,a,global_rate40,global,bcd_swapped,1,46,1,-1,68.80078125
xor,182,a,global_rate40,global,u16BE_x10,2,1,1,12840,0.26873779296875
xor,182,a,global_rate40,global,i16BE_x10,2,1,1,12840,0.26873779296875
xor,182,a,global_rate40,global,bcd_normal,1,16,1,-1,68.80078125
xor,182,a,global_rate40,global,bcd_swapped,1,133,1,-1,68.80078125
xor,183,a,global_rate40,global,bcd_normal,1,14,1,-1,68.80078125
xor,183,a,global_rate40,global,bcd_swapped,1,35,1,-1,68.80078125
xor,184,a,global_rate40,global,u16LE_x1,2,8,1,-1,0.26873779296875
xor,184,a,global_rate40,global,i16LE_x1,2,8,1,-1,0.26873779296875
xor,184,a,global_rate40,global,u16BE_x1,2,1,1,13081,0.26873779296875
xor,184,a,global_rate40,global,i16BE_x1,2,1,1,13081,0.26873779296875
xor,184,a,global_rate40,global,bcd_normal,1,66,1,-1,68.80078125
xor,184,a,global_rate40,global,bcd_swapped,1,79,1,-1,68.80078125
xor,185,a,global_rate40,global,bcd_normal,1,65,1,-1,68.80078125
xor,185,a,global_rate40,global,bcd_swapped,1,30,1,-1,68.80078125
xor,186,a,global_rate40,global,bcd_normal,1,33,1,-1,68.80078125
xor,186,a,global_rate40,global,bcd_swapped,1,46,1,-1,68.80078125
xor,187,a,global_rate40,global,bcd_normal,1,9,1,-1,68.80078125
xor,187,a,global_rate40,global,bcd_swapped,1,5,1,-1,68.80078125
xor,188,a,global_rate40,global,bcd_normal,1,31,1,-1,68.80078125
xor,188,a,global_rate40,global,bcd_swapped,1,48,1,-1,68.80078125
xor,189,a,global_rate40,global,bcd_normal,1,17,1,-1,68.80078125
xor,189,a,global_rate40,global,bcd_swapped,1,70,1,-1,68.80078125
xor,190,a,global_rate40,global,u16BE_x10,2,1,1,17529,0.26873779296875
xor,190,a,global_rate40,global,i16BE_x10,2,1,1,17529,0.26873779296875
xor,190,a,global_rate40,global,u16LE_x100,2,1,1,836,0.26873779296875
xor,190,a,global_rate40,global,i16LE_x100,2,1,1,836,0.26873779296875
xor,190,a,global_rate40,global,bcd_normal,1,142,1,-1,68.80078125
xor,190,a,global_rate40,global,bcd_swapped,1,27,1,-1,68.80078125
xor,191,a,global_rate40,global,bcd_normal,1,10,1,-1,68.80078125
xor,191,a,global_rate40,global,bcd_swapped,1,47,1,-1,68.80078125
xor,192,a,global_rate40,global,u16LE_x1,2,1,1,13251,0.26873779296875
xor,192,a,global_rate40,global,i16LE_x1,2,1,1,13251,0.26873779296875
xor,192,a,global_rate40,global,u16BE_x100,2,1,1,957,0.26873779296875
xor,192,a,global_rate40,global,i16BE_x100,2,1,1,957,0.26873779296875
xor,192,a,global_rate40,global,bcd_normal,1,151,1,-1,68.80078125
xor,192,a,global_rate40,global,bcd_swapped,1,136,1,-1,68.80078125
xor,193,a,global_rate40,global,u16BE_x100,2,1,1,12851,0.26873779296875
xor,193,a,global_rate40,global,i16BE_x100,2,1,1,12851,0.26873779296875
xor,193,a,global_rate40,global,bcd_normal,1,79,1,-1,68.80078125
xor,193,a,global_rate40,global,bcd_swapped,1,79,1,-1,68.80078125
xor,194,a,global_rate40,global,u16LE_x100,2,1,1,1179,0.26873779296875
xor,194,a,global_rate40,global,i16LE_x100,2,1,1,1179,0.26873779296875
xor,194,a,global_rate40,global,bcd_normal,1,143,1,-1,68.80078125
xor,194,a,global_rate40,global,bcd_swapped,1,33,1,-1,68.80078125
xor,195,a,global_rate40,global,bcd_normal,1,109,1,-1,68.80078125
xor,195,a,global_rate40,global,bcd_swapped,1,31,1,-1,68.80078125
xor,196,a,global_rate40,global,u16LE_x1,2,1,1,17220,0.26873779296875
xor,196,a,global_rate40,global,i16LE_x1,2,1,1,17220,0.26873779296875
xor,196,a,global_rate40,global,u16LE_x100,2,1,1,770,0.26873779296875
xor,196,a,global_rate40,global,i16LE_x100,2,1,1,770,0.26873779296875
xor,196,a,global_rate40,global,bcd_normal,1,154,1,-1,68.80078125
xor,196,a,global_rate40,global,bcd_swapped,1,127,1,-1,68.80078125
xor,197,a,global_rate40,global,u16BE_x10,2,2,1,-1,0.26873779296875
xor,197,a,global_rate40,global,i16BE_x10,2,2,1,-1,0.26873779296875
xor,197,a,global_rate40,global,u16BE_x100,2,8,1,-1,0.26873779296875
xor,197,a,global_rate40,global,i16BE_x100,2,8,1,-1,0.26873779296875
xor,197,a,global_rate40,global,bcd_normal,1,117,1,-1,68.80078125
xor,197,a,global_rate40,global,bcd_swapped,1,53,1,-1,68.80078125
xor,198,a,global_rate40,global,bcd_normal,1,67,1,-1,68.80078125
xor,198,a,global_rate40,global,bcd_swapped,1,85,1,-1,68.80078125
xor,199,a,global_rate40,global,bcd_normal,1,101,1,-1,68.80078125
xor,199,a,global_rate40,global,bcd_swapped,1,31,1,-1,68.80078125
xor,200,a,global_rate40,global,bcd_normal,1,123,1,-1,68.80078125
xor,200,a,global_rate40,global,bcd_swapped,1,61,1,-1,68.80078125
xor,201,a,global_rate40,global,u16LE_x1,2,1,1,17586,0.26873779296875
xor,201,a,global_rate40,global,i16LE_x1,2,1,1,17586,0.26873779296875
xor,201,a,global_rate40,global,u16BE_x100,2,1,1,10812,0.26873779296875
xor,201,a,global_rate40,global,i16BE_x100,2,1,1,10812,0.26873779296875
xor,201,a,global_rate40,global,bcd_normal,1,105,1,-1,68.80078125
xor,201,a,global_rate40,global,bcd_swapped,1,66,1,-1,68.80078125
xor,202,a,global_rate40,global,u16BE_x10,2,2,1,-1,0.26873779296875
xor,202,a,global_rate40,global,i16BE_x10,2,2,1,-1,0.26873779296875
xor,202,a,global_rate40,global,u16BE_x100,2,1,1,655,0.26873779296875
xor,202,a,global_rate40,global,i16BE_x100,2,1,1,655,0.26873779296875
xor,202,a,global_rate40,global,bcd_normal,1,111,1,-1,68.80078125
xor,202,a,global_rate40,global,bcd_swapped,1,52,1,-1,68.80078125
xor,203,a,global_rate40,global,bcd_normal,1,62,1,-1,68.80078125
xor,203,a,global_rate40,global,bcd_swapped,1,21,1,-1,68.80078125
xor,204,a,global_rate40,global,u16BE_x10,2,1,1,12845,0.26873779296875
xor,204,a,global_rate40,global,i16BE_x10,2,1,1,12845,0.26873779296875
xor,204,a,global_rate40,global,bcd_normal,1,58,1,-1,68.80078125
xor,204,a,global_rate40,global,bcd_swapped,1,37,1,-1,68.80078125
xor,205,a,global_rate40,global,u16LE_x100,2,1,1,1446,0.26873779296875
xor,205,a,global_rate40,global,i16LE_x100,2,1,1,1446,0.26873779296875
xor,205,a,global_rate40,global,bcd_normal,1,33,1,-1,68.80078125
xor,205,a,global_rate40,global,bcd_swapped,1,93,1,-1,68.80078125
xor,206,a,global_rate40,global,bcd_normal,1,27,1,-1,68.80078125
xor,206,a,global_rate40,global,bcd_swapped,1,87,1,-1,68.80078125
xor,207,a,global_rate40,global,u16LE_x1,2,1,1,1726,0.26873779296875
xor,207,a,global_rate40,global,i16LE_x1,2,1,1,1726,0.26873779296875
xor,207,a,global_rate40,global,bcd_normal,1,45,1,-1,68.80078125
xor,207,a,global_rate40,global,bcd_swapped,1,80,1,-1,68.80078125
xor,208,a,global_rate40,global,bcd_normal,1,93,1,-1,68.80078125
xor,208,a,global_rate40,global,bcd_swapped,1,63,1,-1,68.80078125
xor,209,a,global_rate40,global,bcd_normal,1,79,1,-1,68.80078125
xor,209,a,global_rate40,global,bcd_swapped,1,25,1,-1,68.80078125
xor,210,a,global_rate40,global,bcd_normal,1,97,1,-1,68.80078125
xor,210,a,global_rate40,global,bcd_swapped,1,41,1,-1,68.80078125
xor,211,a,global_rate40,global,u16BE_x100,2,1,1,381,0.26873779296875
xor,211,a,global_rate40,global,i16BE_x100,2,1,1,381,0.26873779296875
xor,211,a,global_rate40,global,bcd_normal,1,79,1,-1,68.80078125
xor,211,a,global_rate40,global,bcd_swapped,1,19,1,-1,68.80078125
xor,212,a,global_rate40,global,u16BE_x100,2,1,1,16000,0.26873779296875
xor,212,a,global_rate40,global,i16BE_x100,2,1,1,16000,0.26873779296875
xor,212,a,global_rate40,global,bcd_normal,1,107,1,-1,68.80078125
xor,212,a,global_rate40,global,bcd_swapped,1,55,1,-1,68.80078125
xor,213,a,global_rate40,global,bcd_normal,1,108,1,-1,68.80078125
xor,213,a,global_rate40,global,bcd_swapped,1,70,1,-1,68.80078125
xor,214,a,global_rate40,global,bcd_normal,1,95,1,-1,68.80078125
xor,214,a,global_rate40,global,bcd_swapped,1,53,1,-1,68.80078125
xor,215,a,global_rate40,global,bcd_normal,1,105,1,-1,68.80078125
xor,215,a,global_rate40,global,bcd_swapped,1,53,1,-1,68.80078125
xor,216,a,global_rate40,global,bcd_normal,1,64,1,-1,68.80078125
xor,216,a,global_rate40,global,bcd_swapped,1,57,1,-1,68.80078125
xor,217,a,global_rate40,global,bcd_normal,1,136,1,-1,68.80078125
xor,217,a,global_rate40,global,bcd_swapped,1,49,1,-1,68.80078125
xor,218,a,global_rate40,global,bcd_normal,1,132,1,-1,68.80078125
xor,218,a,global_rate40,global,bcd_swapped,1,38,1,-1,68.80078125
xor,219,a,global_rate40,global,bcd_normal,1,46,1,-1,68.80078125
xor,219,a,global_rate40,global,bcd_swapped,1,22,1,-1,68.80078125
xor,220,a,global_rate40,global,bcd_normal,1,82,1,-1,68.80078125
xor,220,a,global_rate40,global,bcd_swapped,1,17,1,-1,68.80078125
xor,221,a,global_rate40,global,bcd_normal,1,47,1,-1,68.80078125
xor,221,a,global_rate40,global,bcd_swapped,1,55,1,-1,68.80078125
xor,222,a,global_rate40,global,bcd_normal,1,30,1,-1,68.80078125
xor,222,a,global_rate40,global,bcd_swapped,1,68,1,-1,68.80078125
xor,223,a,global_rate40,global,bcd_normal,1,32,1,-1,68.80078125
xor,223,a,global_rate40,global,bcd_swapped,1,37,1,-1,68.80078125
xor,224,a,global_rate40,global,u16LE_x10,2,1,1,3137,0.26873779296875
xor,224,a,global_rate40,global,i16LE_x10,2,1,1,3137,0.26873779296875
xor,224,a,global_rate40,global,bcd_normal,1,85,1,-1,68.80078125
xor,224,a,global_rate40,global,bcd_swapped,1,59,1,-1,68.80078125
xor,225,a,global_rate40,global,u16BE_x1,2,1,1,17586,0.26873779296875
xor,225,a,global_rate40,global,i16BE_x1,2,1,1,17586,0.26873779296875
xor,225,a,global_rate40,global,u16BE_x10,2,3,1,-1,0.26873779296875
xor,225,a,global_rate40,global,i16BE_x10,2,3,1,-1,0.26873779296875
xor,225,a,global_rate40,global,bcd_normal,1,57,1,-1,68.80078125
xor,225,a,global_rate40,global,bcd_swapped,1,49,1,-1,68.80078125
xor,226,a,global_rate40,global,bcd_normal,1,61,1,-1,68.80078125
xor,226,a,global_rate40,global,bcd_swapped,1,70,1,-1,68.80078125
xor,227,a,global_rate40,global,u16BE_x10,2,11,1,-1,0.26873779296875
xor,227,a,global_rate40,global,i16BE_x10,2,11,1,-1,0.26873779296875
xor,227,a,global_rate40,global,u16BE_x100,2,1,1,10805,0.26873779296875
xor,227,a,global_rate40,global,i16BE_x100,2,1,1,10805,0.26873779296875
xor,227,a,global_rate40,global,bcd_normal,1,27,1,-1,68.80078125
xor,227,a,global_rate40,global,bcd_swapped,1,36,1,-1,68.80078125
xor,228,a,global_rate40,global,bcd_normal,1,54,1,-1,68.80078125
xor,228,a,global_rate40,global,bcd_swapped,1,147,1,-1,68.80078125
xor,229,a,global_rate40,global,u16BE_x10,2,4,1,-1,0.26873779296875
xor,229,a,global_rate40,global,i16BE_x10,2,4,1,-1,0.26873779296875
xor,229,a,global_rate40,global,bcd_normal,1,104,1,-1,68.80078125
xor,229,a,global_rate40,global,bcd_swapped,1,75,1,-1,68.80078125
xor,230,a,global_rate40,global,bcd_normal,1,82,1,-1,68.80078125
xor,230,a,global_rate40,global,bcd_swapped,1,103,1,-1,68.80078125
xor,231,a,global_rate40,global,u16BE_x1,2,1,1,1726,0.26873779296875
xor,231,a,global_rate40,global,i16BE_x1,2,1,1,1726,0.26873779296875
xor,231,a,global_rate40,global,bcd_normal,1,53,1,-1,68.80078125
xor,231,a,global_rate40,global,bcd_swapped,1,42,1,-1,68.80078125
xor,232,a,global_rate40,global,u16BE_x1,2,1,1,13251,0.26873779296875
xor,232,a,global_rate40,global,i16BE_x1,2,1,1,13251,0.26873779296875
xor,232,a,global_rate40,global,u16BE_x10,2,4,1,-1,0.26873779296875
xor,232,a,global_rate40,global,i16BE_x10,2,4,1,-1,0.26873779296875
xor,232,a,global_rate40,global,bcd_normal,1,66,1,-1,68.80078125
xor,232,a,global_rate40,global,bcd_swapped,1,30,1,-1,68.80078125
xor,233,a,global_rate40,global,bcd_normal,1,62,1,-1,68.80078125
xor,233,a,global_rate40,global,bcd_swapped,1,13,1,-1,68.80078125
xor,234,a,global_rate40,global,u16LE_x100,2,13,1,-1,0.26873779296875
xor,234,a,global_rate40,global,i16LE_x100,2,13,1,-1,0.26873779296875
xor,234,a,global_rate40,global,bcd_normal,1,97,1,-1,68.80078125
xor,234,a,global_rate40,global,bcd_swapped,1,12,1,-1,68.80078125
xor,235,a,global_rate40,global,bcd_normal,1,65,1,-1,68.80078125
xor,235,a,global_rate40,global,bcd_swapped,1,26,1,-1,68.80078125
xor,236,a,global_rate40,global,u16BE_x1,2,1,1,17220,0.26873779296875
xor,236,a,global_rate40,global,i16BE_x1,2,1,1,17220,0.26873779296875
xor,236,a,global_rate40,global,u16LE_x10,2,1,1,15605,0.26873779296875
xor,236,a,global_rate40,global,i16LE_x10,2,1,1,15605,0.26873779296875
xor,236,a,global_rate40,global,bcd_normal,1,84,1,-1,68.80078125
xor,236,a,global_rate40,global,bcd_swapped,1,31,1,-1,68.80078125
xor,237,a,global_rate40,global,bcd_normal,1,56,1,-1,68.80078125
xor,237,a,global_rate40,global,bcd_swapped,1,56,1,-1,68.80078125
xor,238,a,global_rate40,global,u16LE_x100,2,3,1,-1,0.26873779296875
xor,238,a,global_rate40,global,i16LE_x100,2,3,1,-1,0.26873779296875
xor,238,a,global_rate40,global,u16BE_x100,2,3,1,-1,0.26873779296875
xor,238,a,global_rate40,global,i16BE_x100,2,3,1,-1,0.26873779296875
xor,238,a,global_rate40,global,bcd_normal,1,74,1,-1,68.80078125
xor,238,a,global_rate40,global,bcd_swapped,1,58,1,-1,68.80078125
xor,239,a,global_rate40,global,bcd_normal,1,52,1,-1,68.80078125
xor,239,a,global_rate40,global,bcd_swapped,1,40,1,-1,68.80078125
xor,240,a,global_rate40,global,bcd_normal,1,85,1,-1,68.80078125
xor,240,a,global_rate40,global,bcd_swapped,1,26,1,-1,68.80078125
xor,241,a,global_rate40,global,bcd_normal,1,46,1,-1,68.80078125
xor,241,a,global_rate40,global,bcd_swapped,1,36,1,-1,68.80078125
xor,242,a,global_rate40,global,bcd_normal,1,133,1,-1,68.80078125
xor,242,a,global_rate40,global,bcd_swapped,1,16,1,-1,68.80078125
xor,243,a,global_rate40,global,bcd_normal,1,35,1,-1,68.80078125
xor,243,a,global_rate40,global,bcd_swapped,1,14,1,-1,68.80078125
xor,244,a,global_rate40,global,bcd_normal,1,72,1,-1,68.80078125
xor,244,a,global_rate40,global,bcd_swapped,1,45,1,-1,68.80078125
xor,245,a,global_rate40,global,bcd_normal,1,67,1,-1,68.80078125
xor,245,a,global_rate40,global,bcd_swapped,1,39,1,-1,68.80078125
xor,246,a,global_rate40,global,u16BE_x100,2,1,1,13260,0.26873779296875
xor,246,a,global_rate40,global,i16BE_x100,2,1,1,13260,0.26873779296875
xor,246,a,global_rate40,global,bcd_normal,1,47,1,-1,68.80078125
xor,246,a,global_rate40,global,bcd_swapped,1,47,1,-1,68.80078125
xor,247,a,global_rate40,global,bcd_normal,1,21,1,-1,68.80078125
xor,247,a,global_rate40,global,bcd_swapped,1,42,1,-1,68.80078125
xor,248,a,global_rate40,global,bcd_normal,1,48,1,-1,68.80078125
xor,248,a,global_rate40,global,bcd_swapped,1,31,1,-1,68.80078125
xor,249,a,global_rate40,global,bcd_normal,1,70,1,-1,68.80078125
xor,249,a,global_rate40,global,bcd_swapped,1,17,1,-1,68.80078125
xor,250,a,global_rate40,global,bcd_normal,1,27,1,-1,68.80078125
xor,250,a,global_rate40,global,bcd_swapped,1,142,1,-1,68.80078125
xor,251,a,global_rate40,global,bcd_normal,1,47,1,-1,68.80078125
xor,251,a,global_rate40,global,bcd_swapped,1,10,1,-1,68.80078125
xor,252,a,global_rate40,global,u16LE_x100,2,1,1,1488,0.26873779296875
xor,252,a,global_rate40,global,i16LE_x100,2,1,1,1488,0.26873779296875
xor,252,a,global_rate40,global,bcd_normal,1,79,1,-1,68.80078125
xor,252,a,global_rate40,global,bcd_swapped,1,66,1,-1,68.80078125
xor,253,a,global_rate40,global,bcd_normal,1,30,1,-1,68.80078125
xor,253,a,global_rate40,global,bcd_swapped,1,65,1,-1,68.80078125
xor,254,a,global_rate40,global,bcd_normal,1,46,1,-1,68.80078125
xor,254,a,global_rate40,global,bcd_swapped,1,33,1,-1,68.80078125
xor,255,a,global_rate40,global,bcd_normal,1,5,1,-1,68.80078125
xor,255,a,global_rate40,global,bcd_swapped,1,9,1,-1,68.80078125
nibble_swap,,a,global_rate40,global,u16BE_x1,2,3,1,-1,0.26873779296875
nibble_swap,,a,global_rate40,global,i16BE_x1,2,3,1,-1,0.26873779296875
nibble_swap,,a,global_rate40,global,bcd_normal,1,120,1,-1,68.80078125
nibble_swap,,a,global_rate40,global,bcd_swapped,1,119,1,-1,68.80078125
bit_reverse,,a,global_rate40,global,u16BE_x10,2,4,1,-1,0.26873779296875
bit_reverse,,a,global_rate40,global,i16BE_x10,2,4,1,-1,0.26873779296875
bit_reverse,,a,global_rate40,global,bcd_normal,1,185,1,-1,68.80078125
bit_reverse,,a,global_rate40,global,bcd_swapped,1,126,1,-1,68.80078125
raw,,a,global_rate60,global,u16LE_x1,2,7,1,-1,0.26873779296875
raw,,a,global_rate60,global,i16LE_x1,2,7,1,-1,0.26873779296875
raw,,a,global_rate60,global,bcd_normal,1,79,1,-1,68.80078125
raw,,a,global_rate60,global,bcd_swapped,1,63,1,-1,68.80078125
xor,1,a,global_rate60,global,bcd_normal,1,52,1,-1,68.80078125
xor,1,a,global_rate60,global,bcd_swapped,1,31,1,-1,68.80078125
xor,2,a,global_rate60,global,bcd_normal,1,74,1,-1,68.80078125
xor,2,a,global_rate60,global,bcd_swapped,1,120,1,-1,68.80078125
xor,3,a,global_rate60,global,u16BE_x10,2,10,1,-1,0.26873779296875
xor,3,a,global_rate60,global,i16BE_x10,2,10,1,-1,0.26873779296875
xor,3,a,global_rate60,global,bcd_normal,1,43,1,-1,68.80078125
xor,3,a,global_rate60,global,bcd_swapped,1,48,1,-1,68.80078125
xor,4,a,global_rate60,global,bcd_normal,1,72,1,-1,68.80078125
xor,4,a,global_rate60,global,bcd_swapped,1,185,1,-1,68.80078125
xor,5,a,global_rate60,global,u16LE_x100,2,4,1,-1,0.26873779296875
xor,5,a,global_rate60,global,i16LE_x100,2,4,1,-1,0.26873779296875
xor,5,a,global_rate60,global,bcd_normal,1,76,1,-1,68.80078125
xor,5,a,global_rate60,global,bcd_swapped,1,28,1,-1,68.80078125
xor,6,a,global_rate60,global,bcd_normal,1,56,1,-1,68.80078125
xor,6,a,global_rate60,global,bcd_swapped,1,513,1,-1,68.80078125
xor,7,a,global_rate60,global,bcd_normal,1,44,1,-1,68.80078125
xor,7,a,global_rate60,global,bcd_swapped,1,140,1,-1,68.80078125
xor,8,a,global_rate60,global,u16LE_x10,2,2,1,-1,0.26873779296875
xor,8,a,global_rate60,global,i16LE_x10,2,2,1,-1,0.26873779296875
xor,8,a,global_rate60,global,u16LE_x100,2,1,1,10949,0.26873779296875
xor,8,a,global_rate60,global,i16LE_x100,2,1,1,10949,0.26873779296875
xor,8,a,global_rate60,global,bcd_normal,1,55,1,-1,68.80078125
xor,8,a,global_rate60,global,bcd_swapped,1,25,1,-1,68.80078125
xor,9,a,global_rate60,global,bcd_normal,1,83,1,-1,68.80078125
xor,9,a,global_rate60,global,bcd_swapped,1,51,1,-1,68.80078125
xor,10,a,global_rate60,global,u16BE_x1,2,1,1,1690,0.26873779296875
xor,10,a,global_rate60,global,i16BE_x1,2,1,1,1690,0.26873779296875
xor,10,a,global_rate60,global,bcd_normal,1,54,1,-1,68.80078125
xor,10,a,global_rate60,global,bcd_swapped,1,51,1,-1,68.80078125
xor,11,a,global_rate60,global,u16BE_x1,2,1,1,1543,0.26873779296875
xor,11,a,global_rate60,global,i16BE_x1,2,1,1,1543,0.26873779296875
xor,11,a,global_rate60,global,u16LE_x10,2,5,1,-1,0.26873779296875
xor,11,a,global_rate60,global,i16LE_x10,2,5,1,-1,0.26873779296875
xor,11,a,global_rate60,global,bcd_normal,1,38,1,-1,68.80078125
xor,11,a,global_rate60,global,bcd_swapped,1,53,1,-1,68.80078125
xor,12,a,global_rate60,global,u16BE_x1,2,1,1,1194,0.26873779296875
xor,12,a,global_rate60,global,i16BE_x1,2,1,1,1194,0.26873779296875
xor,12,a,global_rate60,global,u16BE_x100,2,1,1,17068,0.26873779296875
xor,12,a,global_rate60,global,i16BE_x100,2,1,1,17068,0.26873779296875
xor,12,a,global_rate60,global,bcd_normal,1,55,1,-1,68.80078125
xor,12,a,global_rate60,global,bcd_swapped,1,159,1,-1,68.80078125
xor,13,a,global_rate60,global,bcd_normal,1,47,1,-1,68.80078125
xor,13,a,global_rate60,global,bcd_swapped,1,62,1,-1,68.80078125
xor,14,a,global_rate60,global,bcd_normal,1,48,1,-1,68.80078125
xor,14,a,global_rate60,global,bcd_swapped,1,123,1,-1,68.80078125
xor,15,a,global_rate60,global,u16LE_x10,2,1,1,17144,0.26873779296875
xor,15,a,global_rate60,global,i16LE_x10,2,1,1,17144,0.26873779296875
xor,15,a,global_rate60,global,bcd_normal,1,70,1,-1,68.80078125
xor,15,a,global_rate60,global,bcd_swapped,1,157,1,-1,68.80078125
xor,16,a,global_rate60,global,u16LE_x1,2,4,1,-1,0.26873779296875
xor,16,a,global_rate60,global,i16LE_x1,2,4,1,-1,0.26873779296875
xor,16,a,global_rate60,global,bcd_normal,1,75,1,-1,68.80078125
xor,16,a,global_rate60,global,bcd_swapped,1,63,1,-1,68.80078125
xor,17,a,global_rate60,global,u16LE_x10,2,1,1,17211,0.26873779296875
xor,17,a,global_rate60,global,i16LE_x10,2,1,1,17211,0.26873779296875
xor,17,a,global_rate60,global,u16BE_x10,2,8,1,-1,0.26873779296875
xor,17,a,global_rate60,global,i16BE_x10,2,8,1,-1,0.26873779296875
xor,17,a,global_rate60,global,bcd_normal,1,45,1,-1,68.80078125
xor,17,a,global_rate60,global,bcd_swapped,1,85,1,-1,68.80078125
xor,18,a,global_rate60,global,u16LE_x1,2,2,1,-1,0.26873779296875
xor,18,a,global_rate60,global,i16LE_x1,2,2,1,-1,0.26873779296875
xor,18,a,global_rate60,global,bcd_normal,1,50,1,-1,68.80078125
xor,18,a,global_rate60,global,bcd_swapped,1,57,1,-1,68.80078125
xor,19,a,global_rate60,global,bcd_normal,1,75,1,-1,68.80078125
xor,19,a,global_rate60,global,bcd_swapped,1,87,1,-1,68.80078125
xor,20,a,global_rate60,global,bcd_normal,1,65,1,-1,68.80078125
xor,20,a,global_rate60,global,bcd_swapped,1,154,1,-1,68.80078125
xor,21,a,global_rate60,global,u16LE_x1,2,15,1,-1,0.26873779296875
xor,21,a,global_rate60,global,i16LE_x1,2,15,1,-1,0.26873779296875
xor,21,a,global_rate60,global,bcd_normal,1,62,1,-1,68.80078125
xor,21,a,global_rate60,global,bcd_swapped,1,162,1,-1,68.80078125
xor,22,a,global_rate60,global,bcd_normal,1,35,1,-1,68.80078125
xor,22,a,global_rate60,global,bcd_swapped,1,113,1,-1,68.80078125
xor,23,a,global_rate60,global,u16BE_x1,2,5,1,-1,0.26873779296875
xor,23,a,global_rate60,global,i16BE_x1,2,5,1,-1,0.26873779296875
xor,23,a,global_rate60,global,bcd_normal,1,38,1,-1,68.80078125
xor,23,a,global_rate60,global,bcd_swapped,1,138,1,-1,68.80078125
xor,24,a,global_rate60,global,bcd_normal,1,45,1,-1,68.80078125
xor,24,a,global_rate60,global,bcd_swapped,1,27,1,-1,68.80078125
xor,25,a,global_rate60,global,bcd_normal,1,75,1,-1,68.80078125
xor,25,a,global_rate60,global,bcd_swapped,1,26,1,-1,68.80078125
xor,26,a,global_rate60,global,u16BE_x10,2,1,1,811,0.26873779296875
xor,26,a,global_rate60,global,i16BE_x10,2,1,1,811,0.26873779296875
xor,26,a,global_rate60,global,bcd_normal,1,18,1,-1,68.80078125
xor,26,a,global_rate60,global,bcd_swapped,1,66,1,-1,68.80078125
xor,27,a,global_rate60,global,bcd_normal,1,26,1,-1,68.80078125
xor,27,a,global_rate60,global,bcd_swapped,1,18,1,-1,68.80078125
xor,28,a,global_rate60,global,u16LE_x100,2,3,1,-1,0.26873779296875
xor,28,a,global_rate60,global,i16LE_x100,2,3,1,-1,0.26873779296875
xor,28,a,global_rate60,global,bcd_normal,1,51,1,-1,68.80078125
xor,28,a,global_rate60,global,bcd_swapped,1,40,1,-1,68.80078125
xor,29,a,global_rate60,global,bcd_normal,1,14,1,-1,68.80078125
xor,29,a,global_rate60,global,bcd_swapped,1,41,1,-1,68.80078125
xor,30,a,global_rate60,global,u16LE_x1,2,2,1,-1,0.26873779296875
xor,30,a,global_rate60,global,i16LE_x1,2,2,1,-1,0.26873779296875
xor,30,a,global_rate60,global,bcd_normal,1,19,1,-1,68.80078125
xor,30,a,global_rate60,global,bcd_swapped,1,61,1,-1,68.80078125
xor,31,a,global_rate60,global,bcd_normal,1,11,1,-1,68.80078125
xor,31,a,global_rate60,global,bcd_swapped,1,39,1,-1,68.80078125
xor,32,a,global_rate60,global,bcd_normal,1,119,1,-1,68.80078125
xor,32,a,global_rate60,global,bcd_swapped,1,130,1,-1,68.80078125
xor,33,a,global_rate60,global,u16LE_x100,2,1,1,15991,0.26873779296875
xor,33,a,global_rate60,global,i16LE_x100,2,1,1,15991,0.26873779296875
xor,33,a,global_rate60,global,bcd_normal,1,75,1,-1,68.80078125
xor,33,a,global_rate60,global,bcd_swapped,1,56,1,-1,68.80078125
xor,34,a,global_rate60,global,u16BE_x1,2,2,1,-1,0.26873779296875
xor,34,a,global_rate60,global,i16BE_x1,2,2,1,-1,0.26873779296875
xor,34,a,global_rate60,global,bcd_normal,1,72,1,-1,68.80078125
xor,34,a,global_rate60,global,bcd_swapped,1,92,1,-1,68.80078125
xor,35,a,global_rate60,global,u16LE_x100,2,6,1,-1,0.26873779296875
xor,35,a,global_rate60,global,i16LE_x100,2,6,1,-1,0.26873779296875
xor,35,a,global_rate60,global,bcd_normal,1,59,1,-1,68.80078125
xor,35,a,global_rate60,global,bcd_swapped,1,150,1,-1,68.80078125
xor,36,a,global_rate60,global,u16LE_x100,2,1,1,1310,0.26873779296875
xor,36,a,global_rate60,global,i16LE_x100,2,1,1,1310,0.26873779296875
xor,36,a,global_rate60,global,bcd_normal,1,92,1,-1,68.80078125
xor,36,a,global_rate60,global,bcd_swapped,1,96,1,-1,68.80078125
xor,37,a,global_rate60,global,bcd_normal,1,94,1,-1,68.80078125
xor,37,a,global_rate60,global,bcd_swapped,1,66,1,-1,68.80078125
xor,38,a,global_rate60,global,u16LE_x100,2,1,1,15782,0.26873779296875
xor,38,a,global_rate60,global,i16LE_x100,2,1,1,15782,0.26873779296875
xor,38,a,global_rate60,global,bcd_normal,1,39,1,-1,68.80078125
xor,38,a,global_rate60,global,bcd_swapped,1,126,1,-1,68.80078125
xor,39,a,global_rate60,global,bcd_normal,1,37,1,-1,68.80078125
xor,39,a,global_rate60,global,bcd_swapped,1,77,1,-1,68.80078125
xor,40,a,global_rate60,global,bcd_normal,1,73,1,-1,68.80078125
xor,40,a,global_rate60,global,bcd_swapped,1,92,1,-1,68.80078125
xor,41,a,global_rate60,global,u16BE_x1,2,15,1,-1,0.26873779296875
xor,41,a,global_rate60,global,i16BE_x1,2,15,1,-1,0.26873779296875
xor,41,a,global_rate60,global,bcd_normal,1,73,1,-1,68.80078125
xor,41,a,global_rate60,global,bcd_swapped,1,49,1,-1,68.80078125
xor,42,a,global_rate60,global,bcd_normal,1,97,1,-1,68.80078125
xor,42,a,global_rate60,global,bcd_swapped,1,134,1,-1,68.80078125
xor,43,a,global_rate60,global,u16LE_x1,2,5,1,-1,0.26873779296875
xor,43,a,global_rate60,global,i16LE_x1,2,5,1,-1,0.26873779296875
xor,43,a,global_rate60,global,u16LE_x10,2,8,1,-1,0.26873779296875
xor,43,a,global_rate60,global,i16LE_x10,2,8,1,-1,0.26873779296875
xor,43,a,global_rate60,global,bcd_normal,1,122,1,-1,68.80078125
xor,43,a,global_rate60,global,bcd_swapped,1,78,1,-1,68.80078125
xor,44,a,global_rate60,global,u16BE_x1,2,4,1,-1,0.26873779296875
xor,44,a,global_rate60,global,i16BE_x1,2,4,1,-1,0.26873779296875
xor,44,a,global_rate60,global,bcd_normal,1,105,1,-1,68.80078125
xor,44,a,global_rate60,global,bcd_swapped,1,95,1,-1,68.80078125
xor,45,a,global_rate60,global,bcd_normal,1,98,1,-1,68.80078125
xor,45,a,global_rate60,global,bcd_swapped,1,91,1,-1,68.80078125
xor,46,a,global_rate60,global,u16BE_x1,2,2,1,-1,0.26873779296875
xor,46,a,global_rate60,global,i16BE_x1,2,2,1,-1,0.26873779296875
xor,46,a,global_rate60,global,bcd_normal,1,76,1,-1,68.80078125
xor,46,a,global_rate60,global,bcd_swapped,1,92,1,-1,68.80078125
xor,47,a,global_rate60,global,u16LE_x10,2,1,1,15800,0.26873779296875
xor,47,a,global_rate60,global,i16LE_x10,2,1,1,15800,0.26873779296875
xor,47,a,global_rate60,global,bcd_normal,1,34,1,-1,68.80078125
xor,47,a,global_rate60,global,bcd_swapped,1,107,1,-1,68.80078125
xor,48,a,global_rate60,global,u16LE_x1,2,1,1,1194,0.26873779296875
xor,48,a,global_rate60,global,i16LE_x1,2,1,1,1194,0.26873779296875
xor,48,a,global_rate60,global,bcd_normal,1,91,1,-1,68.80078125
xor,48,a,global_rate60,global,bcd_swapped,1,63,1,-1,68.80078125
xor,49,a,global_rate60,global,bcd_normal,1,50,1,-1,68.80078125
xor,49,a,global_rate60,global,bcd_swapped,1,57,1,-1,68.80078125
xor,50,a,global_rate60,global,bcd_normal,1,61,1,-1,68.80078125
xor,50,a,global_rate60,global,bcd_swapped,1,103,1,-1,68.80078125
xor,51,a,global_rate60,global,bcd_normal,1,51,1,-1,68.80078125
xor,51,a,global_rate60,global,bcd_swapped,1,68,1,-1,68.80078125
xor,52,a,global_rate60,global,u16LE_x100,2,2,1,-1,0.26873779296875
xor,52,a,global_rate60,global,i16LE_x100,2,2,1,-1,0.26873779296875
xor,52,a,global_rate60,global,bcd_normal,1,102,1,-1,68.80078125
xor,52,a,global_rate60,global,bcd_swapped,1,67,1,-1,68.80078125
xor,53,a,global_rate60,global,u16LE_x10,2,8,1,-1,0.26873779296875
xor,53,a,global_rate60,global,i16LE_x10,2,8,1,-1,0.26873779296875
xor,53,a,global_rate60,global,u16LE_x100,2,8,1,-1,0.26873779296875
xor,53,a,global_rate60,global,i16LE_x100,2,8,1,-1,0.26873779296875
xor,53,a,global_rate60,global,u16BE_x100,2,1,1,16325,0.26873779296875
xor,53,a,global_rate60,global,i16BE_x100,2,1,1,16325,0.26873779296875
xor,53,a,global_rate60,global,bcd_normal,1,75,1,-1,68.80078125
xor,53,a,global_rate60,global,bcd_swapped,1,70,1,-1,68.80078125
xor,54,a,global_rate60,global,u16LE_x1,2,1,1,1690,0.26873779296875
xor,54,a,global_rate60,global,i16LE_x1,2,1,1,1690,0.26873779296875
xor,54,a,global_rate60,global,bcd_normal,1,99,1,-1,68.80078125
xor,54,a,global_rate60,global,bcd_swapped,1,69,1,-1,68.80078125
xor,55,a,global_rate60,global,u16LE_x1,2,1,1,1543,0.26873779296875
xor,55,a,global_rate60,global,i16LE_x1,2,1,1,1543,0.26873779296875
xor,55,a,global_rate60,global,bcd_normal,1,79,1,-1,68.80078125
xor,55,a,global_rate60,global,bcd_swapped,1,54,1,-1,68.80078125
xor,56,a,global_rate60,global,bcd_normal,1,124,1,-1,68.80078125
xor,56,a,global_rate60,global,bcd_swapped,1,32,1,-1,68.80078125
xor,57,a,global_rate60,global,u16BE_x100,2,1,1,484,0.26873779296875
xor,57,a,global_rate60,global,i16BE_x100,2,1,1,484,0.26873779296875
xor,57,a,global_rate60,global,bcd_normal,1,119,1,-1,68.80078125
xor,57,a,global_rate60,global,bcd_swapped,1,14,1,-1,68.80078125
xor,58,a,global_rate60,global,u16LE_x10,2,1,1,12801,0.26873779296875
xor,58,a,global_rate60,global,i16LE_x10,2,1,1,12801,0.26873779296875
xor,58,a,global_rate60,global,u16LE_x100,2,3,1,-1,0.26873779296875
xor,58,a,global_rate60,global,i16LE_x100,2,3,1,-1,0.26873779296875
xor,58,a,global_rate60,global,bcd_normal,1,63,1,-1,68.80078125
xor,58,a,global_rate60,global,bcd_swapped,1,50,1,-1,68.80078125
xor,59,a,global_rate60,global,u16BE_x100,2,2,1,-1,0.26873779296875
xor,59,a,global_rate60,global,i16BE_x100,2,2,1,-1,0.26873779296875
xor,59,a,global_rate60,global,bcd_normal,1,92,1,-1,68.80078125
xor,59,a,global_rate60,global,bcd_swapped,1,24,1,-1,68.80078125
xor,60,a,global_rate60,global,u16BE_x1,2,7,1,-1,0.26873779296875
xor,60,a,global_rate60,global,i16BE_x1,2,7,1,-1,0.26873779296875
xor,60,a,global_rate60,global,bcd_normal,1,66,1,-1,68.80078125
xor,60,a,global_rate60,global,bcd_swapped,1,32,1,-1,68.80078125
xor,61,a,global_rate60,global,bcd_normal,1,58,1,-1,68.80078125
xor,61,a,global_rate60,global,bcd_swapped,1,44,1,-1,68.80078125
xor,62,a,global_rate60,global,bcd_normal,1,43,1,-1,68.80078125
xor,62,a,global_rate60,global,bcd_swapped,1,92,1,-1,68.80078125
xor,63,a,global_rate60,global,bcd_normal,1,67,1,-1,68.80078125
xor,63,a,global_rate60,global,bcd_swapped,1,69,1,-1,68.80078125
xor,64,a,global_rate60,global,u16LE_x1,2,1,1,920,0.26873779296875
xor,64,a,global_rate60,global,i16LE_x1,2,1,1,920,0.26873779296875
xor,64,a,global_rate60,global,u16LE_x10,2,1,1,811,0.26873779296875
xor,64,a,global_rate60,global,i16LE_x10,2,1,1,811,0.26873779296875
xor,64,a,global_rate60,global,bcd_normal,1,126,1,-1,68.80078125
xor,64,a,global_rate60,global,bcd_swapped,1,39,1,-1,68.80078125
xor,65,a,global_rate60,global,u16BE_x100,2,1,1,15782,0.26873779296875
xor,65,a,global_rate60,global,i16BE_x100,2,1,1,15782,0.26873779296875
xor,65,a,global_rate60,global,bcd_normal,1,77,1,-1,68.80078125
xor,65,a,global_rate60,global,bcd_swapped,1,37,1,-1,68.80078125
xor,66,a,global_rate60,global,bcd_normal,1,96,1,-1,68.80078125
xor,66,a,global_rate60,global,bcd_swapped,1,92,1,-1,68.80078125
xor,67,a,global_rate60,global,u16BE_x100,2,1,1,1310,0.26873779296875
xor,67,a,global_rate60,global,i16BE_x100,2,1,1,1310,0.26873779296875
xor,67,a,global_rate60,global,bcd_normal,1,66,1,-1,68.80078125
xor,67,a,global_rate60,global,bcd_swapped,1,94,1,-1,68.80078125
xor,68,a,global_rate60,global,u16BE_x1,2,1,1,1414,0.26873779296875
xor,68,a,global_rate60,global,i16BE_x1,2,1,1,1414,0.26873779296875
xor,68,a,global_rate60,global,u16BE_x100,2,6,1,-1,0.26873779296875
xor,68,a,global_rate60,global,i16BE_x100,2,6,1,-1,0.26873779296875
xor,68,a,global_rate60,global,bcd_normal,1,92,1,-1,68.80078125
xor,68,a,global_rate60,global,bcd_swapped,1,72,1,-1,68.80078125
xor,69,a,global_rate60,global,bcd_normal,1,150,1,-1,68.80078125
xor,69,a,global_rate60,global,bcd_swapped,1,59,1,-1,68.80078125
xor,70,a,global_rate60,global,u16BE_x100,2,1,1,15991,0.26873779296875
xor,70,a,global_rate60,global,i16BE_x100,2,1,1,15991,0.26873779296875
xor,70,a,global_rate60,global,bcd_normal,1,130,1,-1,68.80078125
xor,70,a,global_rate60,global,bcd_swapped,1,119,1,-1,68.80078125
xor,71,a,global_rate60,global,bcd_normal,1,56,1,-1,68.80078125
xor,71,a,global_rate60,global,bcd_swapped,1,75,1,-1,68.80078125
xor,72,a,global_rate60,global,bcd_normal,1,92,1,-1,68.80078125
xor,72,a,global_rate60,global,bcd_swapped,1,76,1,-1,68.80078125
xor,73,a,global_rate60,global,bcd_normal,1,107,1,-1,68.80078125
xor,73,a,global_rate60,global,bcd_swapped,1,34,1,-1,68.80078125
xor,74,a,global_rate60,global,bcd_normal,1,95,1,-1,68.80078125
xor,74,a,global_rate60,global,bcd_swapped,1,105,1,-1,68.80078125
xor,75,a,global_rate60,global,u16LE_x10,2,8,1,-1,0.26873779296875
xor,75,a,global_rate60,global,i16LE_x10,2,8,1,-1,0.26873779296875
xor,75,a,global_rate60,global,u16BE_x10,2,1,1,17211,0.26873779296875
xor,75,a,global_rate60,global,i16BE_x10,2,1,1,17211,0.26873779296875
xor,75,a,global_rate60,global,bcd_normal,1,91,1,-1,68.80078125
xor,75,a,global_rate60,global,bcd_swapped,1,98,1,-1,68.80078125
xor,76,a,global_rate60,global,bcd_normal,1,134,1,-1,68.80078125
xor,76,a,global_rate60,global,bcd_swapped,1,97,1,-1,68.80078125
xor,77,a,global_rate60,global,bcd_normal,1,78,1,-1,68.80078125
xor,77,a,global_rate60,global,bcd_swapped,1,122,1,-1,68.80078125
xor,78,a,global_rate60,global,bcd_normal,1,92,1,-1,68.80078125
xor,78,a,global_rate60,global,bcd_swapped,1,73,1,-1,68.80078125
xor,79,a,global_rate60,global,bcd_normal,1,49,1,-1,68.80078125
xor,79,a,global_rate60,global,bcd_swapped,1,73,1,-1,68.80078125
xor,80,a,global_rate60,global,bcd_normal,1,69,1,-1,68.80078125
xor,80,a,global_rate60,global,bcd_swapped,1,99,1,-1,68.80078125
xor,81,a,global_rate60,global,u16BE_x1,2,3,1,-1,0.26873779296875
xor,81,a,global_rate60,global,i16BE_x1,2,3,1,-1,0.26873779296875
xor,81,a,global_rate60,global,u16BE_x10,2,5,1,-1,0.26873779296875
xor,81,a,global_rate60,global,i16BE_x10,2,5,1,-1,0.26873779296875
xor,81,a,global_rate60,global,bcd_normal,1,54,1,-1,68.80078125
xor,81,a,global_rate60,global,bcd_swapped,1,79,1,-1,68.80078125
xor,82,a,global_rate60,global,u16BE_x10,2,2,1,-1,0.26873779296875
xor,82,a,global_rate60,global,i16BE_x10,2,2,1,-1,0.26873779296875
xor,82,a,global_rate60,global,u16LE_x100,2,1,1,16325,0.26873779296875
xor,82,a,global_rate60,global,i16LE_x100,2,1,1,16325,0.26873779296875
xor,82,a,global_rate60,global,u16BE_x100,2,8,1,-1,0.26873779296875
xor,82,a,global_rate60,global,i16BE_x100,2,8,1,-1,0.26873779296875
xor,82,a,global_rate60,global,bcd_normal,1,67,1,-1,68.80078125
xor,82,a,global_rate60,global,bcd_swapped,1,102,1,-1,68.80078125
xor,83,a,global_rate60,global,u16BE_x100,2,2,1,-1,0.26873779296875
xor,83,a,global_rate60,global,i16BE_x100,2,2,1,-1,0.26873779296875
xor,83,a,global_rate60,global,bcd_normal,1,70,1,-1,68.80078125
xor,83,a,global_rate60,global,bcd_swapped,1,75,1,-1,68.80078125
xor,84,a,global_rate60,global,bcd_normal,1,103,1,-1,68.80078125
xor,84,a,global_rate60,global,bcd_swapped,1,61,1,-1,68.80078125
xor,85,a,global_rate60,global,u16BE_x10,2,1,1,17144,0.26873779296875
xor,85,a,global_rate60,global,i16BE_x10,2,1,1,17144,0.26873779296875
xor,85,a,global_rate60,global,bcd_normal,1,68,1,-1,68.80078125
xor,85,a,global_rate60,global,bcd_swapped,1,51,1,-1,68.80078125
xor,86,a,global_rate60,global,u16LE_x1,2,3,1,-1,0.26873779296875
xor,86,a,global_rate60,global,i16LE_x1,2,3,1,-1,0.26873779296875
xor,86,a,global_rate60,global,u16BE_x1,2,4,1,-1,0.26873779296875
xor,86,a,global_rate60,global,i16BE_x1,2,4,1,-1,0.26873779296875
xor,86,a,global_rate60,global,bcd_normal,1,63,1,-1,68.80078125
xor,86,a,global_rate60,global,bcd_swapped,1,91,1,-1,68.80078125
xor,87,a,global_rate60,global,bcd_normal,1,57,1,-1,68.80078125
xor,87,a,global_rate60,global,bcd_swapped,1,50,1,-1,68.80078125
xor,88,a,global_rate60,global,bcd_normal,1,92,1,-1,68.80078125
xor,88,a,global_rate60,global,bcd_swapped,1,43,1,-1,68.80078125
xor,89,a,global_rate60,global,u16LE_x10,2,10,1,-1,0.26873779296875
xor,89,a,global_rate60,global,i16LE_x10,2,10,1,-1,0.26873779296875
xor,89,a,global_rate60,global,bcd_normal,1,69,1,-1,68.80078125
xor,89,a,global_rate60,global,bcd_swapped,1,67,1,-1,68.80078125
xor,90,a,global_rate60,global,bcd_normal,1,32,1,-1,68.80078125
xor,90,a,global_rate60,global,bcd_swapped,1,66,1,-1,68.80078125
xor,91,a,global_rate60,global,bcd_normal,1,44,1,-1,68.80078125
xor,91,a,global_rate60,global,bcd_swapped,1,58,1,-1,68.80078125
xor,92,a,global_rate60,global,u16LE_x100,2,2,1,-1,0.26873779296875
xor,92,a,global_rate60,global,i16LE_x100,2,2,1,-1,0.26873779296875
xor,92,a,global_rate60,global,bcd_normal,1,50,1,-1,68.80078125
xor,92,a,global_rate60,global,bcd_swapped,1,63,1,-1,68.80078125
xor,93,a,global_rate60,global,u16BE_x100,2,3,1,-1,0.26873779296875
xor,93,a,global_rate60,global,i16BE_x100,2,3,1,-1,0.26873779296875
xor,93,a,global_rate60,global,bcd_normal,1,24,1,-1,68.80078125
xor,93,a,global_rate60,global,bcd_swapped,1,92,1,-1,68.80078125
xor,94,a,global_rate60,global,u16LE_x100,2,1,1,484,0.26873779296875
xor,94,a,global_rate60,global,i16LE_x100,2,1,1,484,0.26873779296875
xor,94,a,global_rate60,global,bcd_normal,1,32,1,-1,68.80078125
xor,94,a,global_rate60,global,bcd_swapped,1,124,1,-1,68.80078125
xor,95,a,global_rate60,global,bcd_normal,1,14,1,-1,68.80078125
xor,95,a,global_rate60,global,bcd_swapped,1,119,1,-1,68.80078125
xor,96,a,global_rate60,global,u16BE_x10,2,1,1,12801,0.26873779296875
xor,96,a,global_rate60,global,i16BE_x10,2,1,1,12801,0.26873779296875
xor,96,a,global_rate60,global,bcd_normal,1,513,1,-1,68.80078125
xor,96,a,global_rate60,global,bcd_swapped,1,56,1,-1,68.80078125
xor,97,a,global_rate60,global,bcd_normal,1,140,1,-1,68.80078125
xor,97,a,global_rate60,global,bcd_swapped,1,44,1,-1,68.80078125
xor,98,a,global_rate60,global,u16BE_x100,2,4,1,-1,0.26873779296875
xor,98,a,global_rate60,global,i16BE_x100,2,4,1,-1,0.26873779296875
xor,98,a,global_rate60,global,bcd_normal,1,185,1,-1,68.80078125
xor,98,a,global_rate60,global,bcd_swapped,1,72,1,-1,68.80078125
xor,99,a,global_rate60,global,bcd_normal,1,28,1,-1,68.80078125
xor,99,a,global_rate60,global,bcd_swapped,1,76,1,-1,68.80078125
xor,100,a,global_rate60,global,bcd_normal,1,120,1,-1,68.80078125
xor,100,a,global_rate60,global,bcd_swapped,1,74,1,-1,68.80078125
xor,101,a,global_rate60,global,bcd_normal,1,48,1,-1,68.80078125
xor,101,a,global_rate60,global,bcd_swapped,1,43,1,-1,68.80078125
xor,102,a,global_rate60,global,bcd_normal,1,63,1,-1,68.80078125
xor,102,a,global_rate60,global,bcd_swapped,1,79,1,-1,68.80078125
xor,103,a,global_rate60,global,bcd_normal,1,31,1,-1,68.80078125
xor,103,a,global_rate60,global,bcd_swapped,1,52,1,-1,68.80078125
xor,104,a,global_rate60,global,bcd_normal,1,123,1,-1,68.80078125
xor,104,a,global_rate60,global,bcd_swapped,1,48,1,-1,68.80078125
xor,105,a,global_rate60,global,bcd_normal,1,157,1,-1,68.80078125
xor,105,a,global_rate60,global,bcd_swapped,1,70,1,-1,68.80078125
xor,106,a,global_rate60,global,u16LE_x1,2,4,1,-1,0.26873779296875
xor,106,a,global_rate60,global,i16LE_x1,2,4,1,-1,0.26873779296875
xor,106,a,global_rate60,global,u16BE_x1,2,3,1,-1,0.26873779296875
xor,106,a,global_rate60,global,i16BE_x1,2,3,1,-1,0.26873779296875
xor,106,a,global_rate60,global,bcd_normal,1,159,1,-1,68.80078125
xor,106,a,global_rate60,global,bcd_swapped,1,55,1,-1,68.80078125
xor,107,a,global_rate60,global,u16LE_x100,2,1,1,17068,0.26873779296875
xor,107,a,global_rate60,global,i16LE_x100,2,1,1,17068,0.26873779296875
xor,107,a,global_rate60,global,bcd_normal,1,62,1,-1,68.80078125
xor,107,a,global_rate60,global,bcd_swapped,1,47,1,-1,68.80078125
xor,108,a,global_rate60,global,bcd_normal,1,51,1,-1,68.80078125
xor,108,a,global_rate60,global,bcd_swapped,1,54,1,-1,68.80078125
xor,109,a,global_rate60,global,u16LE_x1,2,3,1,-1,0.26873779296875
xor,109,a,global_rate60,global,i16LE_x1,2,3,1,-1,0.26873779296875
xor,109,a,global_rate60,global,bcd_normal,1,53,1,-1,68.80078125
xor,109,a,global_rate60,global,bcd_swapped,1,38,1,-1,68.80078125
xor,110,a,global_rate60,global,bcd_normal,1,25,1,-1,68.80078125
xor,110,a,global_rate60,global,bcd_swapped,1,55,1,-1,68.80078125
xor,111,a,global_rate60,global,u16BE_x10,2,8,1,-1,0.26873779296875
xor,111,a,global_rate60,global,i16BE_x10,2,8,1,-1,0.26873779296875
xor,111,a,global_rate60,global,u16BE_x100,2,1,1,10949,0.26873779296875
xor,111,a,global_rate60,global,i16BE_x100,2,1,1,10949,0.26873779296875
xor,111,a,global_rate60,global,bcd_normal,1,51,1,-1,68.80078125
xor,111,a,global_rate60,global,bcd_swapped,1,83,1,-1,68.80078125
xor,112,a,global_rate60,global,bcd_normal,1,113,1,-1,68.80078125
xor,112,a,global_rate60,global,bcd_swapped,1,35,1,-1,68.80078125
xor,113,a,global_rate60,global,u16BE_x10,2,8,1,-1,0.26873779296875
xor,113,a,global_rate60,global,i16BE_x10,2,8,1,-1,0.26873779296875
xor,113,a,global_rate60,global,bcd_normal,1,138,1,-1,68.80078125
xor,113,a,global_rate60,global,bcd_swapped,1,38,1,-1,68.80078125
xor,114,a,global_rate60,global,bcd_normal,1,154,1,-1,68.80078125
xor,114,a,global_rate60,global,bcd_swapped,1,65,1,-1,68.80078125
xor,115,a,global_rate60,global,bcd_normal,1,162,1,-1,68.80078125
xor,115,a,global_rate60,global,bcd_swapped,1,62,1,-1,68.80078125
xor,116,a,global_rate60,global,bcd_normal,1,57,1,-1,68.80078125
xor,116,a,global_rate60,global,bcd_swapped,1,50,1,-1,68.80078125
xor,117,a,global_rate60,global,u16BE_x10,2,1,1,15800,0.26873779296875
xor,117,a,global_rate60,global,i16BE_x10,2,1,1,15800,0.26873779296875
xor,117,a,global_rate60,global,bcd_normal,1,87,1,-1,68.80078125
xor,117,a,global_rate60,global,bcd_swapped,1,75,1,-1,68.80078125
xor,118,a,global_rate60,global,bcd_normal,1,63,1,-1,68.80078125
xor,118,a,global_rate60,global,bcd_swapped,1,75,1,-1,68.80078125
xor,119,a,global_rate60,global,bcd_normal,1,85,1,-1,68.80078125
xor,119,a,global_rate60,global,bcd_swapped,1,45,1,-1,68.80078125
xor,120,a,global_rate60,global,u16LE_x1,2,1,1,1414,0.26873779296875
xor,120,a,global_rate60,global,i16LE_x1,2,1,1,1414,0.26873779296875
xor,120,a,global_rate60,global,bcd_normal,1,61,1,-1,68.80078125
xor,120,a,global_rate60,global,bcd_swapped,1,19,1,-1,68.80078125
xor,121,a,global_rate60,global,bcd_normal,1,39,1,-1,68.80078125
xor,121,a,global_rate60,global,bcd_swapped,1,11,1,-1,68.80078125
xor,122,a,global_rate60,global,bcd_normal,1,40,1,-1,68.80078125
xor,122,a,global_rate60,global,bcd_swapped,1,51,1,-1,68.80078125
xor,123,a,global_rate60,global,u16BE_x100,2,3,1,-1,0.26873779296875
xor,123,a,global_rate60,global,i16BE_x100,2,3,1,-1,0.26873779296875
xor,123,a,global_rate60,global,bcd_normal,1,41,1,-1,68.80078125
xor,123,a,global_rate60,global,bcd_swapped,1,14,1,-1,68.80078125
xor,124,a,global_rate60,global,u16BE_x1,2,1,1,920,0.26873779296875
xor,124,a,global_rate60,global,i16BE_x1,2,1,1,920,0.26873779296875
xor,124,a,global_rate60,global,bcd_normal,1,66,1,-1,68.80078125
xor,124,a,global_rate60,global,bcd_swapped,1,18,1,-1,68.80078125
xor,125,a,global_rate60,global,bcd_normal,1,18,1,-1,68.80078125
xor,125,a,global_rate60,global,bcd_swapped,1,26,1,-1,68.80078125
xor,126,a,global_rate60,global,bcd_normal,1,27,1,-1,68.80078125
xor,126,a,global_rate60,global,bcd_swapped,1,45,1,-1,68.80078125
xor,127,a,global_rate60,global,bcd_normal,1,26,1,-1,68.80078125
xor,127,a,global_rate60,global,bcd_swapped,1,75,1,-1,68.80078125
xor,128,a,global_rate60,global,u16LE_x1,2,1,1,15861,0.26873779296875
xor,128,a,global_rate60,global,i16LE_x1,2,1,1,15861,0.26873779296875
xor,128,a,global_rate60,global,bcd_normal,1,147,1,-1,68.80078125
xor,128,a,global_rate60,global,bcd_swapped,1,67,1,-1,68.80078125
xor,129,a,global_rate60,global,bcd_normal,1,75,1,-1,68.80078125
xor,129,a,global_rate60,global,bcd_swapped,1,101,1,-1,68.80078125
xor,130,a,global_rate60,global,bcd_normal,1,103,1,-1,68.80078125
xor,130,a,global_rate60,global,bcd_swapped,1,154,1,-1,68.80078125
xor,131,a,global_rate60,global,u16BE_x1,2,1,1,10687,0.26873779296875
xor,131,a,global_rate60,global,i16BE_x1,2,1,1,10687,0.26873779296875
xor,131,a,global_rate60,global,bcd_normal,1,42,1,-1,68.80078125
xor,131,a,global_rate60,global,bcd_swapped,1,117,1,-1,68.80078125
xor,132,a,global_rate60,global,u16BE_x100,2,1,1,16109,0.26873779296875
xor,132,a,global_rate60,global,i16BE_x100,2,1,1,16109,0.26873779296875
xor,132,a,global_rate60,global,bcd_normal,1,59,1,-1,68.80078125
xor,132,a,global_rate60,global,bcd_swapped,1,143,1,-1,68.80078125
xor,133,a,global_rate60,global,u16LE_x1,2,1,1,1623,0.26873779296875
xor,133,a,global_rate60,global,i16LE_x1,2,1,1,1623,0.26873779296875
xor,133,a,global_rate60,global,bcd_normal,1,49,1,-1,68.80078125
xor,133,a,global_rate60,global,bcd_swapped,1,109,1,-1,68.80078125
xor,134,a,global_rate60,global,bcd_normal,1,70,1,-1,68.80078125
xor,134,a,global_rate60,global,bcd_swapped,1,151,1,-1,68.80078125
xor,135,a,global_rate60,global,u16BE_x1,2,1,1,271,0.26873779296875
xor,135,a,global_rate60,global,i16BE_x1,2,1,1,271,0.26873779296875
xor,135,a,global_rate60,global,bcd_normal,1,36,1,-1,68.80078125
xor,135,a,global_rate60,global,bcd_swapped,1,79,1,-1,68.80078125
xor,136,a,global_rate60,global,bcd_normal,1,31,1,-1,68.80078125
xor,136,a,global_rate60,global,bcd_swapped,1,27,1,-1,68.80078125
xor,137,a,global_rate60,global,u16BE_x100,2,1,1,12809,0.26873779296875
xor,137,a,global_rate60,global,i16BE_x100,2,1,1,12809,0.26873779296875
xor,137,a,global_rate60,global,bcd_normal,1,56,1,-1,68.80078125
xor,137,a,global_rate60,global,bcd_swapped,1,45,1,-1,68.80078125
xor,138,a,global_rate60,global,u16LE_x1,2,3,1,-1,0.26873779296875
xor,138,a,global_rate60,global,i16LE_x1,2,3,1,-1,0.26873779296875
xor,138,a,global_rate60,global,bcd_normal,1,58,1,-1,68.80078125
xor,138,a,global_rate60,global,bcd_swapped,1,58,1,-1,68.80078125
xor,139,a,global_rate60,global,u16LE_x10,2,8,1,-1,0.26873779296875
xor,139,a,global_rate60,global,i16LE_x10,2,8,1,-1,0.26873779296875
xor,139,a,global_rate60,global,bcd_normal,1,40,1,-1,68.80078125
xor,139,a,global_rate60,global,bcd_swapped,1,33,1,-1,68.80078125
xor,140,a,global_rate60,global,bcd_normal,1,30,1,-1,68.80078125
xor,140,a,global_rate60,global,bcd_swapped,1,111,1,-1,68.80078125
xor,141,a,global_rate60,global,u16LE_x1,2,1,1,837,0.26873779296875
xor,141,a,global_rate60,global,i16LE_x1,2,1,1,837,0.26873779296875
xor,141,a,global_rate60,global,bcd_normal,1,13,1,-1,68.80078125
xor,141,a,global_rate60,global,bcd_swapped,1,62,1,-1,68.80078125
xor,142,a,global_rate60,global,u16LE_x100,2,1,1,195,0.26873779296875
xor,142,a,global_rate60,global,i16LE_x100,2,1,1,195,0.26873779296875
xor,142,a,global_rate60,global,bcd_normal,1,12,1,-1,68.80078125
xor,142,a,global_rate60,global,bcd_swapped,1,123,1,-1,68.80078125
xor,143,a,global_rate60,global,bcd_normal,1,26,1,-1,68.80078125
xor,143,a,global_rate60,global,bcd_swapped,1,105,1,-1,68.80078125
xor,144,a,global_rate60,global,u16BE_x100,2,31,1,-1,0.26873779296875
xor,144,a,global_rate60,global,i16BE_x100,2,31,1,-1,0.26873779296875
xor,144,a,global_rate60,global,bcd_normal,1,45,1,-1,68.80078125
xor,144,a,global_rate60,global,bcd_swapped,1,95,1,-1,68.80078125
xor,145,a,global_rate60,global,u16LE_x10,2,1,1,1425,0.26873779296875
xor,145,a,global_rate60,global,i16LE_x10,2,1,1,1425,0.26873779296875
xor,145,a,global_rate60,global,u16BE_x10,2,8,1,-1,0.26873779296875
xor,145,a,global_rate60,global,i16BE_x10,2,8,1,-1,0.26873779296875
xor,145,a,global_rate60,global,u16LE_x100,2,6,1,-1,0.26873779296875
xor,145,a,global_rate60,global,i16LE_x100,2,6,1,-1,0.26873779296875
xor,145,a,global_rate60,global,u16BE_x100,2,21,1,-1,0.26873779296875
xor,145,a,global_rate60,global,i16BE_x100,2,21,1,-1,0.26873779296875
xor,145,a,global_rate60,global,bcd_normal,1,39,1,-1,68.80078125
xor,145,a,global_rate60,global,bcd_swapped,1,105,1,-1,68.80078125
xor,146,a,global_rate60,global,bcd_normal,1,47,1,-1,68.80078125
xor,146,a,global_rate60,global,bcd_swapped,1,107,1,-1,68.80078125
xor,147,a,global_rate60,global,bcd_normal,1,42,1,-1,68.80078125
xor,147,a,global_rate60,global,bcd_swapped,1,108,1,-1,68.80078125
xor,148,a,global_rate60,global,u16LE_x100,2,1,1,16081,0.26873779296875
xor,148,a,global_rate60,global,i16LE_x100,2,1,1,16081,0.26873779296875
xor,148,a,global_rate60,global,bcd_normal,1,26,1,-1,68.80078125
xor,148,a,global_rate60,global,bcd_swapped,1,97,1,-1,68.80078125
xor,149,a,global_rate60,global,u16LE_x100,2,1,1,1132,0.26873779296875
xor,149,a,global_rate60,global,i16LE_x100,2,1,1,1132,0.26873779296875
xor,149,a,global_rate60,global,bcd_normal,1,36,1,-1,68.80078125
xor,149,a,global_rate60,global,bcd_swapped,1,79,1,-1,68.80078125
xor,150,a,global_rate60,global,u16LE_x1,2,1,1,15785,0.26873779296875
xor,150,a,global_rate60,global,i16LE_x1,2,1,1,15785,0.26873779296875
xor,150,a,global_rate60,global,u16BE_x1,2,6,1,-1,0.26873779296875
xor,150,a,global_rate60,global,i16BE_x1,2,6,1,-1,0.26873779296875
xor,150,a,global_rate60,global,u16BE_x10,2,4,1,-1,0.26873779296875
xor,150,a,global_rate60,global,i16BE_x10,2,4,1,-1,0.26873779296875
xor,150,a,global_rate60,global,bcd_normal,1,16,1,-1,68.80078125
xor,150,a,global_rate60,global,bcd_swapped,1,93,1,-1,68.80078125
xor,151,a,global_rate60,global,bcd_normal,1,14,1,-1,68.80078125
xor,151,a,global_rate60,global,bcd_swapped,1,79,1,-1,68.80078125
xor,152,a,global_rate60,global,bcd_normal,1,66,1,-1,68.80078125
xor,152,a,global_rate60,global,bcd_swapped,1,30,1,-1,68.80078125
xor,153,a,global_rate60,global,u16BE_x1,2,8,1,-1,0.26873779296875
xor,153,a,global_rate60,global,i16BE_x1,2,8,1,-1,0.26873779296875
xor,153,a,global_rate60,global,bcd_normal,1,65,1,-1,68.80078125
xor,153,a,global_rate60,global,bcd_swapped,1,32,1,-1,68.80078125
xor,154,a,global_rate60,global,u16BE_x1,2,5,1,-1,0.26873779296875
xor,154,a,global_rate60,global,i16BE_x1,2,5,1,-1,0.26873779296875
xor,154,a,global_rate60,global,bcd_normal,1,33,1,-1,68.80078125
xor,154,a,global_rate60,global,bcd_swapped,1,82,1,-1,68.80078125
xor,155,a,global_rate60,global,bcd_normal,1,9,1,-1,68.80078125
xor,155,a,global_rate60,global,bcd_swapped,1,47,1,-1,68.80078125
xor,156,a,global_rate60,global,bcd_normal,1,31,1,-1,68.80078125
xor,156,a,global_rate60,global,bcd_swapped,1,132,1,-1,68.80078125
xor,157,a,global_rate60,global,bcd_normal,1,17,1,-1,68.80078125
xor,157,a,global_rate60,global,bcd_swapped,1,46,1,-1,68.80078125
xor,158,a,global_rate60,global,bcd_normal,1,142,1,-1,68.80078125
xor,158,a,global_rate60,global,bcd_swapped,1,64,1,-1,68.80078125
xor,159,a,global_rate60,global,bcd_normal,1,10,1,-1,68.80078125
xor,159,a,global_rate60,global,bcd_swapped,1,136,1,-1,68.80078125
xor,160,a,global_rate60,global,bcd_normal,1,127,1,-1,68.80078125
xor,160,a,global_rate60,global,bcd_swapped,1,82,1,-1,68.80078125
xor,161,a,global_rate60,global,u16BE_x10,2,1,1,584,0.26873779296875
xor,161,a,global_rate60,global,i16BE_x10,2,1,1,584,0.26873779296875
xor,161,a,global_rate60,global,bcd_normal,1,53,1,-1,68.80078125
xor,161,a,global_rate60,global,bcd_swapped,1,53,1,-1,68.80078125
xor,162,a,global_rate60,global,u16LE_x100,2,1,1,10849,0.26873779296875
xor,162,a,global_rate60,global,i16LE_x100,2,1,1,10849,0.26873779296875
xor,162,a,global_rate60,global,bcd_normal,1,85,1,-1,68.80078125
xor,162,a,global_rate60,global,bcd_swapped,1,54,1,-1,68.80078125
xor,163,a,global_rate60,global,bcd_normal,1,31,1,-1,68.80078125
xor,163,a,global_rate60,global,bcd_swapped,1,104,1,-1,68.80078125
xor,164,a,global_rate60,global,bcd_normal,1,136,1,-1,68.80078125
xor,164,a,global_rate60,global,bcd_swapped,1,61,1,-1,68.80078125
xor,165,a,global_rate60,global,u16LE_x1,2,8,1,-1,0.26873779296875
xor,165,a,global_rate60,global,i16LE_x1,2,8,1,-1,0.26873779296875
xor,165,a,global_rate60,global,bcd_normal,1,79,1,-1,68.80078125
xor,165,a,global_rate60,global,bcd_swapped,1,27,1,-1,68.80078125
xor,166,a,global_rate60,global,u16LE_x1,2,5,1,-1,0.26873779296875
xor,166,a,global_rate60,global,i16LE_x1,2,5,1,-1,0.26873779296875
xor,166,a,global_rate60,global,u16LE_x10,2,1,1,16105,0.26873779296875
xor,166,a,global_rate60,global,i16LE_x10,2,1,1,16105,0.26873779296875
xor,166,a,global_rate60,global,bcd_normal,1,33,1,-1,68.80078125
xor,166,a,global_rate60,global,bcd_swapped,1,85,1,-1,68.80078125
xor,167,a,global_rate60,global,bcd_normal,1,31,1,-1,68.80078125
xor,167,a,global_rate60,global,bcd_swapped,1,57,1,-1,68.80078125
xor,168,a,global_rate60,global,bcd_normal,1,37,1,-1,68.80078125
xor,168,a,global_rate60,global,bcd_swapped,1,74,1,-1,68.80078125
xor,169,a,global_rate60,global,bcd_normal,1,93,1,-1,68.80078125
xor,169,a,global_rate60,global,bcd_swapped,1,52,1,-1,68.80078125
xor,170,a,global_rate60,global,u16LE_x1,2,6,1,-1,0.26873779296875
xor,170,a,global_rate60,global,i16LE_x1,2,6,1,-1,0.26873779296875
xor,170,a,global_rate60,global,u16BE_x1,2,1,1,15785,0.26873779296875
xor,170,a,global_rate60,global,i16BE_x1,2,1,1,15785,0.26873779296875
xor,170,a,global_rate60,global,u16BE_x100,2,1,1,12973,0.26873779296875
xor,170,a,global_rate60,global,i16BE_x100,2,1,1,12973,0.26873779296875
xor,170,a,global_rate60,global,bcd_normal,1,87,1,-1,68.80078125
xor,170,a,global_rate60,global,bcd_swapped,1,84,1,-1,68.80078125
xor,171,a,global_rate60,global,bcd_normal,1,80,1,-1,68.80078125
xor,171,a,global_rate60,global,bcd_swapped,1,56,1,-1,68.80078125
xor,172,a,global_rate60,global,bcd_normal,1,61,1,-1,68.80078125
xor,172,a,global_rate60,global,bcd_swapped,1,97,1,-1,68.80078125
xor,173,a,global_rate60,global,bcd_normal,1,66,1,-1,68.80078125
xor,173,a,global_rate60,global,bcd_swapped,1,65,1,-1,68.80078125
xor,174,a,global_rate60,global,bcd_normal,1,52,1,-1,68.80078125
xor,174,a,global_rate60,global,bcd_swapped,1,66,1,-1,68.80078125
xor,175,a,global_rate60,global,bcd_normal,1,21,1,-1,68.80078125
xor,175,a,global_rate60,global,bcd_swapped,1,62,1,-1,68.80078125
xor,176,a,global_rate60,global,bcd_normal,1,55,1,-1,68.80078125
xor,176,a,global_rate60,global,bcd_swapped,1,47,1,-1,68.80078125
xor,177,a,global_rate60,global,u16BE_x1,2,1,1,837,0.26873779296875
xor,177,a,global_rate60,global,i16BE_x1,2,1,1,837,0.26873779296875
xor,177,a,global_rate60,global,bcd_normal,1,70,1,-1,68.80078125
xor,177,a,global_rate60,global,bcd_swapped,1,21,1,-1,68.80078125
xor,178,a,global_rate60,global,bcd_normal,1,53,1,-1,68.80078125
xor,178,a,global_rate60,global,bcd_swapped,1,72,1,-1,68.80078125
xor,179,a,global_rate60,global,bcd_normal,1,53,1,-1,68.80078125
xor,179,a,global_rate60,global,bcd_swapped,1,67,1,-1,68.80078125
xor,180,a,global_rate60,global,bcd_normal,1,63,1,-1,68.80078125
xor,180,a,global_rate60,global,bcd_swapped,1,133,1,-1,68.80078125
xor,181,a,global_rate60,global,bcd_normal,1,25,1,-1,68.80078125
xor,181,a,global_rate60,global,bcd_swapped,1,35,1,-1,68.80078125
xor,182,a,global_rate60,global,u16BE_x1,2,3,1,-1,0.26873779296875
xor,182,a,global_rate60,global,i16BE_x1,2,3,1,-1,0.26873779296875
xor,182,a,global_rate60,global,bcd_normal,1,41,1,-1,68.80078125
xor,182,a,global_rate60,global,bcd_swapped,1,85,1,-1,68.80078125
xor,183,a,global_rate60,global,bcd_normal,1,19,1,-1,68.80078125
xor,183,a,global_rate60,global,bcd_swapped,1,46,1,-1,68.80078125
xor,184,a,global_rate60,global,bcd_normal,1,17,1,-1,68.80078125
xor,184,a,global_rate60,global,bcd_swapped,1,46,1,-1,68.80078125
xor,185,a,global_rate60,global,u16BE_x1,2,1,1,1623,0.26873779296875
xor,185,a,global_rate60,global,i16BE_x1,2,1,1,1623,0.26873779296875
xor,185,a,global_rate60,global,bcd_normal,1,55,1,-1,68.80078125
xor,185,a,global_rate60,global,bcd_swapped,1,5,1,-1,68.80078125
xor,186,a,global_rate60,global,u16LE_x10,2,8,1,-1,0.26873779296875
xor,186,a,global_rate60,global,i16LE_x10,2,8,1,-1,0.26873779296875
xor,186,a,global_rate60,global,u16BE_x10,2,8,1,-1,0.26873779296875
xor,186,a,global_rate60,global,i16BE_x10,2,8,1,-1,0.26873779296875
xor,186,a,global_rate60,global,bcd_normal,1,68,1,-1,68.80078125
xor,186,a,global_rate60,global,bcd_swapped,1,79,1,-1,68.80078125
xor,187,a,global_rate60,global,u16LE_x1,2,1,1,271,0.26873779296875
xor,187,a,global_rate60,global,i16LE_x1,2,1,1,271,0.26873779296875
xor,187,a,global_rate60,global,u16BE_x100,2,3,1,-1,0.26873779296875
xor,187,a,global_rate60,global,i16BE_x100,2,3,1,-1,0.26873779296875
xor,187,a,global_rate60,global,bcd_normal,1,37,1,-1,68.80078125
xor,187,a,global_rate60,global,bcd_swapped,1,30,1,-1,68.80078125
xor,188,a,global_rate60,global,u16BE_x1,2,1,1,15861,0.26873779296875
xor,188,a,global_rate60,global,i16BE_x1,2,1,1,15861,0.26873779296875
xor,188,a,global_rate60,global,bcd_normal,1,57,1,-1,68.80078125
xor,188,a,global_rate60,global,bcd_swapped,1,27,1,-1,68.80078125
xor,189,a,global_rate60,global,bcd_normal,1,49,1,-1,68.80078125
xor,189,a,global_rate60,global,bcd_swapped,1,47,1,-1,68.80078125
xor,190,a,global_rate60,global,u16BE_x10,2,2,1,-1,0.26873779296875
xor,190,a,global_rate60,global,i16BE_x10,2,2,1,-1,0.26873779296875
xor,190,a,global_rate60,global,bcd_normal,1,38,1,-1,68.80078125
xor,190,a,global_rate60,global,bcd_swapped,1,48,1,-1,68.80078125
xor,191,a,global_rate60,global,u16LE_x1,2,1,1,10687,0.26873779296875
xor,191,a,global_rate60,global,i16LE_x1,2,1,1,10687,0.26873779296875
xor,191,a,global_rate60,global,bcd_normal,1,22,1,-1,68.80078125
xor,191,a,global_rate60,global,bcd_swapped,1,70,1,-1,68.80078125
xor,192,a,global_rate60,global,bcd_normal,1,85,1,-1,68.80078125
xor,192,a,global_rate60,global,bcd_swapped,1,33,1,-1,68.80078125
xor,193,a,global_rate60,global,bcd_normal,1,57,1,-1,68.80078125
xor,193,a,global_rate60,global,bcd_swapped,1,31,1,-1,68.80078125
xor,194,a,global_rate60,global,bcd_normal,1,61,1,-1,68.80078125
xor,194,a,global_rate60,global,bcd_swapped,1,136,1,-1,68.80078125
xor,195,a,global_rate60,global,bcd_normal,1,27,1,-1,68.80078125
xor,195,a,global_rate60,global,bcd_swapped,1,79,1,-1,68.80078125
xor,196,a,global_rate60,global,bcd_normal,1,54,1,-1,68.80078125
xor,196,a,global_rate60,global,bcd_swapped,1,85,1,-1,68.80078125
xor,197,a,global_rate60,global,u16BE_x100,2,1,1,10849,0.26873779296875
xor,197,a,global_rate60,global,i16BE_x100,2,1,1,10849,0.26873779296875
xor,197,a,global_rate60,global,bcd_normal,1,104,1,-1,68.80078125
xor,197,a,global_rate60,global,bcd_swapped,1,31,1,-1,68.80078125
xor,198,a,global_rate60,global,bcd_normal,1,82,1,-1,68.80078125
xor,198,a,global_rate60,global,bcd_swapped,1,127,1,-1,68.80078125
xor,199,a,global_rate60,global,bcd_normal,1,53,1,-1,68.80078125
xor,199,a,global_rate60,global,bcd_swapped,1,53,1,-1,68.80078125
xor,200,a,global_rate60,global,bcd_normal,1,66,1,-1,68.80078125
xor,200,a,global_rate60,global,bcd_swapped,1,52,1,-1,68.80078125
xor,201,a,global_rate60,global,bcd_normal,1,62,1,-1,68.80078125
xor,201,a,global_rate60,global,bcd_swapped,1,21,1,-1,68.80078125
xor,202,a,global_rate60,global,bcd_normal,1,97,1,-1,68.80078125
xor,202,a,global_rate60,global,bcd_swapped,1,61,1,-1,68.80078125
xor,203,a,global_rate60,global,u16LE_x10,2,8,1,-1,0.26873779296875
xor,203,a,global_rate60,global,i16LE_x10,2,8,1,-1,0.26873779296875
xor,203,a,global_rate60,global,u16BE_x10,2,1,1,1425,0.26873779296875
xor,203,a,global_rate60,global,i16BE_x10,2,1,1,1425,0.26873779296875
xor,203,a,global_rate60,global,bcd_normal,1,65,1,-1,68.80078125
xor,203,a,global_rate60,global,bcd_swapped,1,66,1,-1,68.80078125
xor,204,a,global_rate60,global,u16LE_x10,2,4,1,-1,0.26873779296875
xor,204,a,global_rate60,global,i16LE_x10,2,4,1,-1,0.26873779296875
xor,204,a,global_rate60,global,bcd_normal,1,84,1,-1,68.80078125
xor,204,a,global_rate60,global,bcd_swapped,1,87,1,-1,68.80078125
xor,205,a,global_rate60,global,u16BE_x1,2,1,1,17147,0.26873779296875
xor,205,a,global_rate60,global,i16BE_x1,2,1,1,17147,0.26873779296875
xor,205,a,global_rate60,global,u16LE_x100,2,1,1,12973,0.26873779296875
xor,205,a,global_rate60,global,i16LE_x100,2,1,1,12973,0.26873779296875
xor,205,a,global_rate60,global,bcd_normal,1,56,1,-1,68.80078125
xor,205,a,global_rate60,global,bcd_swapped,1,80,1,-1,68.80078125
xor,206,a,global_rate60,global,u16BE_x1,2,1,1,1410,0.26873779296875
xor,206,a,global_rate60,global,i16BE_x1,2,1,1,1410,0.26873779296875
xor,206,a,global_rate60,global,bcd_normal,1,74,1,-1,68.80078125
xor,206,a,global_rate60,global,bcd_swapped,1,37,1,-1,68.80078125
xor,207,a,global_rate60,global,u16LE_x1,2,1,1,956,0.26873779296875
xor,207,a,global_rate60,global,i16LE_x1,2,1,1,956,0.26873779296875
xor,207,a,global_rate60,global,bcd_normal,1,52,1,-1,68.80078125
xor,207,a,global_rate60,global,bcd_swapped,1,93,1,-1,68.80078125
xor,208,a,global_rate60,global,bcd_normal,1,85,1,-1,68.80078125
xor,208,a,global_rate60,global,bcd_swapped,1,41,1,-1,68.80078125
xor,209,a,global_rate60,global,u16BE_x10,2,8,1,-1,0.26873779296875
xor,209,a,global_rate60,global,i16BE_x10,2,8,1,-1,0.26873779296875
xor,209,a,global_rate60,global,bcd_normal,1,46,1,-1,68.80078125
xor,209,a,global_rate60,global,bcd_swapped,1,19,1,-1,68.80078125
xor,210,a,global_rate60,global,bcd_normal,1,133,1,-1,68.80078125
xor,210,a,global_rate60,global,bcd_swapped,1,63,1,-1,68.80078125
xor,211,a,global_rate60,global,bcd_normal,1,35,1,-1,68.80078125
xor,211,a,global_rate60,global,bcd_swapped,1,25,1,-1,68.80078125
xor,212,a,global_rate60,global,bcd_normal,1,72,1,-1,68.80078125
xor,212,a,global_rate60,global,bcd_swapped,1,53,1,-1,68.80078125
xor,213,a,global_rate60,global,bcd_normal,1,67,1,-1,68.80078125
xor,213,a,global_rate60,global,bcd_swapped,1,53,1,-1,68.80078125
xor,214,a,global_rate60,global,bcd_normal,1,47,1,-1,68.80078125
xor,214,a,global_rate60,global,bcd_swapped,1,55,1,-1,68.80078125
xor,215,a,global_rate60,global,bcd_normal,1,21,1,-1,68.80078125
xor,215,a,global_rate60,global,bcd_swapped,1,70,1,-1,68.80078125
xor,216,a,global_rate60,global,bcd_normal,1,48,1,-1,68.80078125
xor,216,a,global_rate60,global,bcd_swapped,1,38,1,-1,68.80078125
xor,217,a,global_rate60,global,bcd_normal,1,70,1,-1,68.80078125
xor,217,a,global_rate60,global,bcd_swapped,1,22,1,-1,68.80078125
xor,218,a,global_rate60,global,bcd_normal,1,27,1,-1,68.80078125
xor,218,a,global_rate60,global,bcd_swapped,1,57,1,-1,68.80078125
xor,219,a,global_rate60,global,bcd_normal,1,47,1,-1,68.80078125
xor,219,a,global_rate60,global,bcd_swapped,1,49,1,-1,68.80078125
xor,220,a,global_rate60,global,u16LE_x100,2,3,1,-1,0.26873779296875
xor,220,a,global_rate60,global,i16LE_x100,2,3,1,-1,0.26873779296875
xor,220,a,global_rate60,global,bcd_normal,1,79,1,-1,68.80078125
xor,220,a,global_rate60,global,bcd_swapped,1,68,1,-1,68.80078125
xor,221,a,global_rate60,global,bcd_normal,1,30,1,-1,68.80078125
xor,221,a,global_rate60,global,bcd_swapped,1,37,1,-1,68.80078125
xor,222,a,global_rate60,global,bcd_normal,1,46,1,-1,68.80078125
xor,222,a,global_rate60,global,bcd_swapped,1,17,1,-1,68.80078125
xor,223,a,global_rate60,global,bcd_normal,1,5,1,-1,68.80078125
xor,223,a,global_rate60,global,bcd_swapped,1,55,1,-1,68.80078125
xor,224,a,global_rate60,global,u16LE_x10,2,8,1,-1,0.26873779296875
xor,224,a,global_rate60,global,i16LE_x10,2,8,1,-1,0.26873779296875
xor,224,a,global_rate60,global,u16BE_x10,2,8,1,-1,0.26873779296875
xor,224,a,global_rate60,global,i16BE_x10,2,8,1,-1,0.26873779296875
xor,224,a,global_rate60,global,bcd_normal,1,151,1,-1,68.80078125
xor,224,a,global_rate60,global,bcd_swapped,1,70,1,-1,68.80078125
xor,225,a,global_rate60,global,bcd_normal,1,79,1,-1,68.80078125
xor,225,a,global_rate60,global,bcd_swapped,1,36,1,-1,68.80078125
xor,226,a,global_rate60,global,bcd_normal,1,143,1,-1,68.80078125
xor,226,a,global_rate60,global,bcd_swapped,1,59,1,-1,68.80078125
xor,227,a,global_rate60,global,u16LE_x100,2,1,1,16109,0.26873779296875
xor,227,a,global_rate60,global,i16LE_x100,2,1,1,16109,0.26873779296875
xor,227,a,global_rate60,global,bcd_normal,1,109,1,-1,68.80078125
xor,227,a,global_rate60,global,bcd_swapped,1,49,1,-1,68.80078125
xor,228,a,global_rate60,global,u16LE_x10,2,2,1,-1,0.26873779296875
xor,228,a,global_rate60,global,i16LE_x10,2,2,1,-1,0.26873779296875
xor,228,a,global_rate60,global,bcd_normal,1,154,1,-1,68.80078125
xor,228,a,global_rate60,global,bcd_swapped,1,103,1,-1,68.80078125
xor,229,a,global_rate60,global,bcd_normal,1,117,1,-1,68.80078125
xor,229,a,global_rate60,global,bcd_swapped,1,42,1,-1,68.80078125
xor,230,a,global_rate60,global,bcd_normal,1,67,1,-1,68.80078125
xor,230,a,global_rate60,global,bcd_swapped,1,147,1,-1,68.80078125
xor,231,a,global_rate60,global,bcd_normal,1,101,1,-1,68.80078125
xor,231,a,global_rate60,global,bcd_swapped,1,75,1,-1,68.80078125
xor,232,a,global_rate60,global,bcd_normal,1,123,1,-1,68.80078125
xor,232,a,global_rate60,global,bcd_swapped,1,12,1,-1,68.80078125
xor,233,a,global_rate60,global,u16BE_x100,2,1,1,195,0.26873779296875
xor,233,a,global_rate60,global,i16BE_x100,2,1,1,195,0.26873779296875
xor,233,a,global_rate60,global,bcd_normal,1,105,1,-1,68.80078125
xor,233,a,global_rate60,global,bcd_swapped,1,26,1,-1,68.80078125
xor,234,a,global_rate60,global,bcd_normal,1,111,1,-1,68.80078125
xor,234,a,global_rate60,global,bcd_swapped,1,30,1,-1,68.80078125
xor,235,a,global_rate60,global,bcd_normal,1,62,1,-1,68.80078125
xor,235,a,global_rate60,global,bcd_swapped,1,13,1,-1,68.80078125
xor,236,a,global_rate60,global,bcd_normal,1,58,1,-1,68.80078125
xor,236,a,global_rate60,global,bcd_swapped,1,58,1,-1,68.80078125
xor,237,a,global_rate60,global,bcd_normal,1,33,1,-1,68.80078125
xor,237,a,global_rate60,global,bcd_swapped,1,40,1,-1,68.80078125
xor,238,a,global_rate60,global,u16LE_x100,2,1,1,12809,0.26873779296875
xor,238,a,global_rate60,global,i16LE_x100,2,1,1,12809,0.26873779296875
xor,238,a,global_rate60,global,bcd_normal,1,27,1,-1,68.80078125
xor,238,a,global_rate60,global,bcd_swapped,1,31,1,-1,68.80078125
xor,239,a,global_rate60,global,bcd_normal,1,45,1,-1,68.80078125
xor,239,a,global_rate60,global,bcd_swapped,1,56,1,-1,68.80078125
xor,240,a,global_rate60,global,bcd_normal,1,93,1,-1,68.80078125
xor,240,a,global_rate60,global,bcd_swapped,1,16,1,-1,68.80078125
xor,241,a,global_rate60,global,u16LE_x1,2,1,1,17147,0.26873779296875
xor,241,a,global_rate60,global,i16LE_x1,2,1,1,17147,0.26873779296875
xor,241,a,global_rate60,global,bcd_normal,1,79,1,-1,68.80078125
xor,241,a,global_rate60,global,bcd_swapped,1,14,1,-1,68.80078125
xor,242,a,global_rate60,global,u16LE_x1,2,1,1,1410,0.26873779296875
xor,242,a,global_rate60,global,i16LE_x1,2,1,1,1410,0.26873779296875
xor,242,a,global_rate60,global,u16BE_x100,2,1,1,1132,0.26873779296875
xor,242,a,global_rate60,global,i16BE_x100,2,1,1,1132,0.26873779296875
xor,242,a,global_rate60,global,bcd_normal,1,97,1,-1,68.80078125
xor,242,a,global_rate60,global,bcd_swapped,1,26,1,-1,68.80078125
xor,243,a,global_rate60,global,u16BE_x1,2,1,1,956,0.26873779296875
xor,243,a,global_rate60,global,i16BE_x1,2,1,1,956,0.26873779296875
xor,243,a,global_rate60,global,u16BE_x100,2,1,1,16081,0.26873779296875
xor,243,a,global_rate60,global,i16BE_x100,2,1,1,16081,0.26873779296875
xor,243,a,global_rate60,global,bcd_normal,1,79,1,-1,68.80078125
xor,243,a,global_rate60,global,bcd_swapped,1,36,1,-1,68.80078125
xor,244,a,global_rate60,global,bcd_normal,1,107,1,-1,68.80078125
xor,244,a,global_rate60,global,bcd_swapped,1,47,1,-1,68.80078125
xor,245,a,global_rate60,global,bcd_normal,1,108,1,-1,68.80078125
xor,245,a,global_rate60,global,bcd_swapped,1,42,1,-1,68.80078125
xor,246,a,global_rate60,global,u16LE_x100,2,21,1,-1,0.26873779296875
xor,246,a,global_rate60,global,i16LE_x100,2,21,1,-1,0.26873779296875
xor,246,a,global_rate60,global,u16BE_x100,2,6,1,-1,0.26873779296875
xor,246,a,global_rate60,global,i16BE_x100,2,6,1,-1,0.26873779296875
xor,246,a,global_rate60,global,bcd_normal,1,95,1,-1,68.80078125
xor,246,a,global_rate60,global,bcd_swapped,1,45,1,-1,68.80078125
xor,247,a,global_rate60,global,u16LE_x100,2,31,1,-1,0.26873779296875
xor,247,a,global_rate60,global,i16LE_x100,2,31,1,-1,0.26873779296875
xor,247,a,global_rate60,global,bcd_normal,1,105,1,-1,68.80078125
xor,247,a,global_rate60,global,bcd_swapped,1,39,1,-1,68.80078125
xor,248,a,global_rate60,global,bcd_normal,1,64,1,-1,68.80078125
xor,248,a,global_rate60,global,bcd_swapped,1,142,1,-1,68.80078125
xor,249,a,global_rate60,global,bcd_normal,1,136,1,-1,68.80078125
xor,249,a,global_rate60,global,bcd_swapped,1,10,1,-1,68.80078125
xor,250,a,global_rate60,global,bcd_normal,1,132,1,-1,68.80078125
xor,250,a,global_rate60,global,bcd_swapped,1,31,1,-1,68.80078125
xor,251,a,global_rate60,global,u16LE_x10,2,1,1,584,0.26873779296875
xor,251,a,global_rate60,global,i16LE_x10,2,1,1,584,0.26873779296875
xor,251,a,global_rate60,global,bcd_normal,1,46,1,-1,68.80078125
xor,251,a,global_rate60,global,bcd_swapped,1,17,1,-1,68.80078125
xor,252,a,global_rate60,global,u16BE_x10,2,1,1,16105,0.26873779296875
xor,252,a,global_rate60,global,i16BE_x10,2,1,1,16105,0.26873779296875
xor,252,a,global_rate60,global,bcd_normal,1,82,1,-1,68.80078125
xor,252,a,global_rate60,global,bcd_swapped,1,33,1,-1,68.80078125
xor,253,a,global_rate60,global,bcd_normal,1,47,1,-1,68.80078125
xor,253,a,global_rate60,global,bcd_swapped,1,9,1,-1,68.80078125
xor,254,a,global_rate60,global,bcd_normal,1,30,1,-1,68.80078125
xor,254,a,global_rate60,global,bcd_swapped,1,66,1,-1,68.80078125
xor,255,a,global_rate60,global,bcd_normal,1,32,1,-1,68.80078125
xor,255,a,global_rate60,global,bcd_swapped,1,65,1,-1,68.80078125
nibble_swap,,a,global_rate60,global,u16LE_x1,2,1,1,16099,0.26873779296875
nibble_swap,,a,global_rate60,global,i16LE_x1,2,1,1,16099,0.26873779296875
nibble_swap,,a,global_rate60,global,u16BE_x1,2,1,1,16737,0.26873779296875
nibble_swap,,a,global_rate60,global,i16BE_x1,2,1,1,16737,0.26873779296875
nibble_swap,,a,global_rate60,global,u32BE_x1,4,1,1,16735,4.100147634744644e-06
nibble_swap,,a,global_rate60,global,i32BE_x1,4,1,1,16735,4.100147634744644e-06
nibble_swap,,a,global_rate60,global,u16LE_x10,2,4,1,-1,0.26873779296875
nibble_swap,,a,global_rate60,global,i16LE_x10,2,4,1,-1,0.26873779296875
nibble_swap,,a,global_rate60,global,fx8.24_LE_s32,4,1,1,16735,4.100147634744644e-06
nibble_swap,,a,global_rate60,global,fx8.24_LE_u32,4,1,1,16735,4.100147634744644e-06
nibble_swap,,a,global_rate60,global,bcd_normal,1,63,1,-1,68.80078125
nibble_swap,,a,global_rate60,global,bcd_swapped,1,79,1,-1,68.80078125
bit_reverse,,a,global_rate60,global,u16LE_x1,2,7,1,-1,0.26873779296875
bit_reverse,,a,global_rate60,global,i16LE_x1,2,7,1,-1,0.26873779296875
bit_reverse,,a,global_rate60,global,bcd_normal,1,63,1,-1,68.80078125
bit_reverse,,a,global_rate60,global,bcd_swapped,1,79,1,-1,68.80078125
raw,,b,global_sentinel_a,global,u16BE_x1,2,9,1,-1,0.41162109375
raw,,b,global_sentinel_a,global,i16BE_x1,2,9,1,-1,0.41162109375
raw,,b,global_sentinel_a,global,u16LE_x10,2,1,1,25244,0.41162109375
raw,,b,global_sentinel_a,global,i16LE_x10,2,1,1,25244,0.41162109375
xor,1,b,global_sentinel_a,global,u16BE_x1,2,8,1,-1,0.41162109375
xor,1,b,global_sentinel_a,global,i16BE_x1,2,8,1,-1,0.41162109375
xor,1,b,global_sentinel_a,global,u16LE_x100,2,7,1,-1,0.41162109375
xor,1,b,global_sentinel_a,global,i16LE_x100,2,7,1,-1,0.41162109375
xor,2,b,global_sentinel_a,global,u16LE_x1,2,8,1,-1,0.41162109375
xor,2,b,global_sentinel_a,global,i16LE_x1,2,8,1,-1,0.41162109375
xor,3,b,global_sentinel_a,global,u16LE_x1,2,9,1,-1,0.41162109375
xor,3,b,global_sentinel_a,global,i16LE_x1,2,9,1,-1,0.41162109375
xor,4,b,global_sentinel_a,global,u16LE_x1,2,5,1,-1,0.41162109375
xor,4,b,global_sentinel_a,global,i16LE_x1,2,5,1,-1,0.41162109375
xor,4,b,global_sentinel_a,global,u16LE_x10,2,8,1,-1,0.41162109375
xor,4,b,global_sentinel_a,global,i16LE_x10,2,8,1,-1,0.41162109375
xor,4,b,global_sentinel_a,global,u16BE_x10,2,1,1,5067,0.41162109375
xor,4,b,global_sentinel_a,global,i16BE_x10,2,1,1,5067,0.41162109375
xor,5,b,global_sentinel_a,global,u16BE_x1,2,5,1,-1,0.41162109375
xor,5,b,global_sentinel_a,global,i16BE_x1,2,5,1,-1,0.41162109375
xor,6,b,global_sentinel_a,global,u16LE_x1,2,5,1,-1,0.41162109375
xor,6,b,global_sentinel_a,global,i16LE_x1,2,5,1,-1,0.41162109375
xor,7,b,global_sentinel_a,global,u16BE_x1,2,5,1,-1,0.41162109375
xor,7,b,global_sentinel_a,global,i16BE_x1,2,5,1,-1,0.41162109375
xor,8,b,global_sentinel_a,global,u16LE_x1,2,14,1,-1,0.41162109375
xor,8,b,global_sentinel_a,global,i16LE_x1,2,14,1,-1,0.41162109375
xor,8,b,global_sentinel_a,global,u16BE_x1,2,1,1,22628,0.41162109375
xor,8,b,global_sentinel_a,global,i16BE_x1,2,1,1,22628,0.41162109375
xor,8,b,global_sentinel_a,global,u16LE_x10,2,2,1,-1,0.41162109375
xor,8,b,global_sentinel_a,global,i16LE_x10,2,2,1,-1,0.41162109375
xor,8,b,global_sentinel_a,global,u16BE_x100,2,1,1,18313,0.41162109375
xor,8,b,global_sentinel_a,global,i16BE_x100,2,1,1,18313,0.41162109375
xor,9,b,global_sentinel_a,global,u16LE_x1,2,1,1,22850,0.41162109375
xor,9,b,global_sentinel_a,global,i16LE_x1,2,1,1,22850,0.41162109375
xor,9,b,global_sentinel_a,global,u16BE_x1,2,6,1,-1,0.41162109375
xor,9,b,global_sentinel_a,global,i16BE_x1,2,6,1,-1,0.41162109375
xor,9,b,global_sentinel_a,global,u16LE_x100,2,5,1,-1,0.41162109375
xor,9,b,global_sentinel_a,global,i16LE_x100,2,5,1,-1,0.41162109375
xor,10,b,global_sentinel_a,global,u16LE_x1,2,6,1,-1,0.41162109375
xor,10,b,global_sentinel_a,global,i16LE_x1,2,6,1,-1,0.41162109375
xor,10,b,global_sentinel_a,global,u16BE_x1,2,1,1,22850,0.41162109375
xor,10,b,global_sentinel_a,global,i16BE_x1,2,1,1,22850,0.41162109375
xor,10,b,global_sentinel_a,global,u16LE_x10,2,2,1,-1,0.41162109375
xor,10,b,global_sentinel_a,global,i16LE_x10,2,2,1,-1,0.41162109375
xor,10,b,global_sentinel_a,global,u16LE_x100,2,12,1,-1,0.41162109375
xor,10,b,global_sentinel_a,global,i16LE_x100,2,12,1,-1,0.41162109375
xor,10,b,global_sentinel_a,global,u16BE_x100,2,8,1,-1,0.41162109375
xor,10,b,global_sentinel_a,global,i16BE_x100,2,8,1,-1,0.41162109375
xor,11,b,global_sentinel_a,global,u16LE_x1,2,1,1,22628,0.41162109375
xor,11,b,global_sentinel_a,global,i16LE_x1,2,1,1,22628,0.41162109375
xor,11,b,global_sentinel_a,global,u16BE_x1,2,14,1,-1,0.41162109375
xor,11,b,global_sentinel_a,global,i16BE_x1,2,14,1,-1,0.41162109375
xor,11,b,global_sentinel_a,global,u16LE_x10,2,1,1,3623,0.41162109375
xor,11,b,global_sentinel_a,global,i16LE_x10,2,1,1,3623,0.41162109375
xor,11,b,global_sentinel_a,global,u16LE_x100,2,1,1,7135,0.41162109375
xor,11,b,global_sentinel_a,global,i16LE_x100,2,1,1,7135,0.41162109375
xor,12,b,global_sentinel_a,global,u16LE_x100,2,1,1,5957,0.41162109375
xor,12,b,global_sentinel_a,global,i16LE_x100,2,1,1,5957,0.41162109375
xor,13,b,global_sentinel_a,global,u16LE_x1,2,1,1,2625,0.41162109375
xor,13,b,global_sentinel_a,global,i16LE_x1,2,1,1,2625,0.41162109375
xor,13,b,global_sentinel_a,global,u16LE_x100,2,1,1,17082,0.41162109375
xor,13,b,global_sentinel_a,global,i16LE_x100,2,1,1,17082,0.41162109375
xor,14,b,global_sentinel_a,global,u16BE_x1,2,1,1,2625,0.41162109375
xor,14,b,global_sentinel_a,global,i16BE_x1,2,1,1,2625,0.41162109375
xor,15,b,global_sentinel_a,global,u16LE_x100,2,1,1,4242,0.41162109375
xor,15,b,global_sentinel_a,global,i16LE_x100,2,1,1,4242,0.41162109375
xor,16,b,global_sentinel_a,global,u16LE_x1,2,6,1,-1,0.41162109375
xor,16,b,global_sentinel_a,global,i16LE_x1,2,6,1,-1,0.41162109375
xor,16,b,global_sentinel_a,global,u16BE_x1,2,1,1,18689,0.41162109375
xor,16,b,global_sentinel_a,global,i16BE_x1,2,1,1,18689,0.41162109375
xor,16,b,global_sentinel_a,global,u16BE_x100,2,5,1,-1,0.41162109375
xor,16,b,global_sentinel_a,global,i16BE_x100,2,5,1,-1,0.41162109375
xor,17,b,global_sentinel_a,global,u16LE_x1,2,1,1,4682,0.41162109375
xor,17,b,global_sentinel_a,global,i16LE_x1,2,1,1,4682,0.41162109375
xor,17,b,global_sentinel_a,global,u16BE_x1,2,8,1,-1,0.41162109375
xor,17,b,global_sentinel_a,global,i16BE_x1,2,8,1,-1,0.41162109375
xor,17,b,global_sentinel_a,global,u16LE_x100,2,1,1,18313,0.41162109375
xor,17,b,global_sentinel_a,global,i16LE_x100,2,1,1,18313,0.41162109375
xor,18,b,global_sentinel_a,global,u16LE_x1,2,8,1,-1,0.41162109375
xor,18,b,global_sentinel_a,global,i16LE_x1,2,8,1,-1,0.41162109375
xor,18,b,global_sentinel_a,global,u16BE_x1,2,1,1,4682,0.41162109375
xor,18,b,global_sentinel_a,global,i16BE_x1,2,1,1,4682,0.41162109375
xor,18,b,global_sentinel_a,global,u16BE_x100,2,1,1,7135,0.41162109375
xor,18,b,global_sentinel_a,global,i16BE_x100,2,1,1,7135,0.41162109375
xor,19,b,global_sentinel_a,global,u16LE_x1,2,1,1,18689,0.41162109375
xor,19,b,global_sentinel_a,global,i16LE_x1,2,1,1,18689,0.41162109375
xor,19,b,global_sentinel_a,global,u16BE_x1,2,6,1,-1,0.41162109375
xor,19,b,global_sentinel_a,global,i16BE_x1,2,6,1,-1,0.41162109375
xor,19,b,global_sentinel_a,global,u16LE_x100,2,8,1,-1,0.41162109375
xor,19,b,global_sentinel_a,global,i16LE_x100,2,8,1,-1,0.41162109375
xor,19,b,global_sentinel_a,global,u16BE_x100,2,12,1,-1,0.41162109375
xor,19,b,global_sentinel_a,global,i16BE_x100,2,12,1,-1,0.41162109375
xor,20,b,global_sentinel_a,global,u16LE_x1,2,1,1,7384,0.41162109375
xor,20,b,global_sentinel_a,global,i16LE_x1,2,1,1,7384,0.41162109375
xor,20,b,global_sentinel_a,global,u16BE_x10,2,2,1,-1,0.41162109375
xor,20,b,global_sentinel_a,global,i16BE_x10,2,2,1,-1,0.41162109375
xor,20,b,global_sentinel_a,global,u16BE_x100,2,1,1,17082,0.41162109375
xor,20,b,global_sentinel_a,global,i16BE_x100,2,1,1,17082,0.41162109375
xor,21,b,global_sentinel_a,global,u16BE_x1,2,16,1,-1,0.41162109375
xor,21,b,global_sentinel_a,global,i16BE_x1,2,16,1,-1,0.41162109375
xor,21,b,global_sentinel_a,global,u16BE_x100,2,1,1,5957,0.41162109375
xor,21,b,global_sentinel_a,global,i16BE_x100,2,1,1,5957,0.41162109375
xor,22,b,global_sentinel_a,global,u16LE_x1,2,16,1,-1,0.41162109375
xor,22,b,global_sentinel_a,global,i16LE_x1,2,16,1,-1,0.41162109375
xor,22,b,global_sentinel_a,global,u16BE_x10,2,2,1,-1,0.41162109375
xor,22,b,global_sentinel_a,global,i16BE_x10,2,2,1,-1,0.41162109375
xor,22,b,global_sentinel_a,global,u16BE_x100,2,1,1,4242,0.41162109375
xor,22,b,global_sentinel_a,global,i16BE_x100,2,1,1,4242,0.41162109375
xor,23,b,global_sentinel_a,global,u16BE_x1,2,1,1,7384,0.41162109375
xor,23,b,global_sentinel_a,global,i16BE_x1,2,1,1,7384,0.41162109375
xor,23,b,global_sentinel_a,global,u16BE_x10,2,1,1,3623,0.41162109375
xor,23,b,global_sentinel_a,global,i16BE_x10,2,1,1,3623,0.41162109375
xor,24,b,global_sentinel_a,global,u16LE_x10,2,1,1,5067,0.41162109375
xor,24,b,global_sentinel_a,global,i16LE_x10,2,1,1,5067,0.41162109375
xor,24,b,global_sentinel_a,global,u16BE_x10,2,8,1,-1,0.41162109375
xor,24,b,global_sentinel_a,global,i16BE_x10,2,8,1,-1,0.41162109375
xor,24,b,global_sentinel_a,global,u16BE_x100,2,7,1,-1,0.41162109375
xor,24,b,global_sentinel_a,global,i16BE_x100,2,7,1,-1,0.41162109375
xor,28,b,global_sentinel_a,global,u16BE_x10,2,1,1,25244,0.41162109375
xor,28,b,global_sentinel_a,global,i16BE_x10,2,1,1,25244,0.41162109375
xor,32,b,global_sentinel_a,global,u16LE_x1,2,8,1,-1,0.41162109375
xor,32,b,global_sentinel_a,global,i16LE_x1,2,8,1,-1,0.41162109375
xor,32,b,global_sentinel_a,global,u16LE_x100,2,1,1,18490,0.41162109375
xor,32,b,global_sentinel_a,global,i16LE_x100,2,1,1,18490,0.41162109375
xor,32,b,global_sentinel_a,global,u16BE_x100,2,1,1,2489,0.41162109375
xor,32,b,global_sentinel_a,global,i16BE_x100,2,1,1,2489,0.41162109375
xor,33,b,global_sentinel_a,global,u16LE_x1,2,2,1,-1,0.41162109375
xor,33,b,global_sentinel_a,global,i16LE_x1,2,2,1,-1,0.41162109375
xor,33,b,global_sentinel_a,global,u16BE_x1,2,16,1,-1,0.41162109375
xor,33,b,global_sentinel_a,global,i16BE_x1,2,16,1,-1,0.41162109375
xor,33,b,global_sentinel_a,global,u16LE_x10,2,1,1,5858,0.41162109375
xor,33,b,global_sentinel_a,global,i16LE_x10,2,1,1,5858,0.41162109375
xor,34,b,global_sentinel_a,global,u16LE_x1,2,16,1,-1,0.41162109375
xor,34,b,global_sentinel_a,global,i16LE_x1,2,16,1,-1,0.41162109375
xor,34,b,global_sentinel_a,global,u16BE_x1,2,2,1,-1,0.41162109375
xor,34,b,global_sentinel_a,global,i16BE_x1,2,2,1,-1,0.41162109375
xor,34,b,global_sentinel_a,global,u16LE_x100,2,1,1,16836,0.41162109375
xor,34,b,global_sentinel_a,global,i16LE_x100,2,1,1,16836,0.41162109375
xor,35,b,global_sentinel_a,global,u16BE_x1,2,8,1,-1,0.41162109375
xor,35,b,global_sentinel_a,global,i16BE_x1,2,8,1,-1,0.41162109375
xor,36,b,global_sentinel_a,global,u16LE_x10,2,8,1,-1,0.41162109375
xor,36,b,global_sentinel_a,global,i16LE_x10,2,8,1,-1,0.41162109375
xor,38,b,global_sentinel_a,global,u16LE_x100,2,1,1,17092,0.41162109375
xor,38,b,global_sentinel_a,global,i16LE_x100,2,1,1,17092,0.41162109375
xor,39,b,global_sentinel_a,global,u16BE_x10,2,1,1,4563,0.41162109375
xor,39,b,global_sentinel_a,global,i16BE_x10,2,1,1,4563,0.41162109375
xor,40,b,global_sentinel_a,global,u16LE_x1,2,8,1,-1,0.41162109375
xor,40,b,global_sentinel_a,global,i16LE_x1,2,8,1,-1,0.41162109375
xor,40,b,global_sentinel_a,global,u16BE_x10,2,9,1,-1,0.41162109375
xor,40,b,global_sentinel_a,global,i16BE_x10,2,9,1,-1,0.41162109375
xor,41,b,global_sentinel_a,global,u16LE_x100,2,2,1,-1,0.41162109375
xor,41,b,global_sentinel_a,global,i16LE_x100,2,2,1,-1,0.41162109375
xor,42,b,global_sentinel_a,global,u16LE_x100,2,1,1,25166,0.41162109375
xor,42,b,global_sentinel_a,global,i16LE_x100,2,1,1,25166,0.41162109375
xor,43,b,global_sentinel_a,global,u16BE_x1,2,8,1,-1,0.41162109375
xor,43,b,global_sentinel_a,global,i16BE_x1,2,8,1,-1,0.41162109375
xor,44,b,global_sentinel_a,global,u16LE_x1,2,1,1,18907,0.41162109375
xor,44,b,global_sentinel_a,global,i16LE_x1,2,1,1,18907,0.41162109375
xor,44,b,global_sentinel_a,global,u16BE_x1,2,1,1,4571,0.41162109375
xor,44,b,global_sentinel_a,global,i16BE_x1,2,1,1,4571,0.41162109375
xor,45,b,global_sentinel_a,global,u16BE_x1,2,8,1,-1,0.41162109375
xor,45,b,global_sentinel_a,global,i16BE_x1,2,8,1,-1,0.41162109375
xor,46,b,global_sentinel_a,global,u16LE_x1,2,8,1,-1,0.41162109375
xor,46,b,global_sentinel_a,global,i16LE_x1,2,8,1,-1,0.41162109375
xor,47,b,global_sentinel_a,global,u16LE_x1,2,1,1,4571,0.41162109375
xor,47,b,global_sentinel_a,global,i16LE_x1,2,1,1,4571,0.41162109375
xor,47,b,global_sentinel_a,global,u16BE_x1,2,1,1,18907,0.41162109375
xor,47,b,global_sentinel_a,global,i16BE_x1,2,1,1,18907,0.41162109375
xor,47,b,global_sentinel_a,global,u16BE_x10,2,3,1,-1,0.41162109375
xor,47,b,global_sentinel_a,global,i16BE_x10,2,3,1,-1,0.41162109375
xor,47,b,global_sentinel_a,global,u16BE_x100,2,1,1,16615,0.41162109375
xor,47,b,global_sentinel_a,global,i16BE_x100,2,1,1,16615,0.41162109375
xor,48,b,global_sentinel_a,global,u16LE_x1,2,5,1,-1,0.41162109375
xor,48,b,global_sentinel_a,global,i16LE_x1,2,5,1,-1,0.41162109375
xor,48,b,global_sentinel_a,global,u16BE_x100,2,2,1,-1,0.41162109375
xor,48,b,global_sentinel_a,global,i16BE_x100,2,2,1,-1,0.41162109375
xor,49,b,global_sentinel_a,global,u16BE_x1,2,1,1,17010,0.41162109375
xor,49,b,global_sentinel_a,global,i16BE_x1,2,1,1,17010,0.41162109375
xor,50,b,global_sentinel_a,global,u16LE_x1,2,1,1,17010,0.41162109375
xor,50,b,global_sentinel_a,global,i16LE_x1,2,1,1,17010,0.41162109375
xor,51,b,global_sentinel_a,global,u16BE_x1,2,5,1,-1,0.41162109375
xor,51,b,global_sentinel_a,global,i16BE_x1,2,5,1,-1,0.41162109375
xor,51,b,global_sentinel_a,global,u16LE_x10,2,3,1,-1,0.41162109375
xor,51,b,global_sentinel_a,global,i16LE_x10,2,3,1,-1,0.41162109375
xor,51,b,global_sentinel_a,global,u16BE_x100,2,1,1,25166,0.41162109375
xor,51,b,global_sentinel_a,global,i16BE_x100,2,1,1,25166,0.41162109375
xor,52,b,global_sentinel_a,global,u16LE_x1,2,18,1,-1,0.41162109375
xor,52,b,global_sentinel_a,global,i16LE_x1,2,18,1,-1,0.41162109375
xor,52,b,global_sentinel_a,global,u16LE_x10,2,9,1,-1,0.41162109375
xor,52,b,global_sentinel_a,global,i16LE_x10,2,9,1,-1,0.41162109375
xor,53,b,global_sentinel_a,global,u16BE_x1,2,5,1,-1,0.41162109375
xor,53,b,global_sentinel_a,global,i16BE_x1,2,5,1,-1,0.41162109375
xor,54,b,global_sentinel_a,global,u16LE_x1,2,5,1,-1,0.41162109375
xor,54,b,global_sentinel_a,global,i16LE_x1,2,5,1,-1,0.41162109375
xor,54,b,global_sentinel_a,global,u16LE_x100,2,1,1,16615,0.41162109375
xor,54,b,global_sentinel_a,global,i16LE_x100,2,1,1,16615,0.41162109375
xor,55,b,global_sentinel_a,global,u16BE_x1,2,18,1,-1,0.41162109375
xor,55,b,global_sentinel_a,global,i16BE_x1,2,18,1,-1,0.41162109375
xor,56,b,global_sentinel_a,global,u16BE_x10,2,8,1,-1,0.41162109375
xor,56,b,global_sentinel_a,global,i16BE_x10,2,8,1,-1,0.41162109375
xor,57,b,global_sentinel_a,global,u16LE_x100,2,1,1,2489,0.41162109375
xor,57,b,global_sentinel_a,global,i16LE_x100,2,1,1,2489,0.41162109375
xor,57,b,global_sentinel_a,global,u16BE_x100,2,1,1,18490,0.41162109375
xor,57,b,global_sentinel_a,global,i16BE_x100,2,1,1,18490,0.41162109375
xor,59,b,global_sentinel_a,global,u16LE_x10,2,1,1,4563,0.41162109375
xor,59,b,global_sentinel_a,global,i16LE_x10,2,1,1,4563,0.41162109375
xor,59,b,global_sentinel_a,global,u16BE_x100,2,1,1,16836,0.41162109375
xor,59,b,global_sentinel_a,global,i16BE_x100,2,1,1,16836,0.41162109375
xor,60,b,global_sentinel_a,global,u16LE_x1,2,5,1,-1,0.41162109375
xor,60,b,global_sentinel_a,global,i16LE_x1,2,5,1,-1,0.41162109375
xor,61,b,global_sentinel_a,global,u16BE_x1,2,2,1,-1,0.41162109375
xor,61,b,global_sentinel_a,global,i16BE_x1,2,2,1,-1,0.41162109375
xor,61,b,global_sentinel_a,global,u16BE_x10,2,1,1,5858,0.41162109375
xor,61,b,global_sentinel_a,global,i16BE_x10,2,1,1,5858,0.41162109375
xor,62,b,global_sentinel_a,global,u16LE_x1,2,2,1,-1,0.41162109375
xor,62,b,global_sentinel_a,global,i16LE_x1,2,2,1,-1,0.41162109375
xor,63,b,global_sentinel_a,global,u16BE_x1,2,5,1,-1,0.41162109375
xor,63,b,global_sentinel_a,global,i16BE_x1,2,5,1,-1,0.41162109375
xor,63,b,global_sentinel_a,global,u16BE_x100,2,1,1,17092,0.41162109375
xor,63,b,global_sentinel_a,global,i16BE_x100,2,1,1,17092,0.41162109375
xor,64,b,global_sentinel_a,global,u16LE_x1,2,8,1,-1,0.41162109375
xor,64,b,global_sentinel_a,global,i16LE_x1,2,8,1,-1,0.41162109375
xor,65,b,global_sentinel_a,global,u16BE_x1,2,8,1,-1,0.41162109375
xor,65,b,global_sentinel_a,global,i16BE_x1,2,8,1,-1,0.41162109375
xor,66,b,global_sentinel_a,global,u16LE_x1,2,8,1,-1,0.41162109375
xor,66,b,global_sentinel_a,global,i16LE_x1,2,8,1,-1,0.41162109375
xor,67,b,global_sentinel_a,global,u16BE_x1,2,8,1,-1,0.41162109375
xor,67,b,global_sentinel_a,global,i16BE_x1,2,8,1,-1,0.41162109375
xor,67,b,global_sentinel_a,global,u16LE_x100,2,8,1,-1,0.41162109375
xor,67,b,global_sentinel_a,global,i16LE_x100,2,8,1,-1,0.41162109375
xor,67,b,global_sentinel_a,global,u16BE_x100,2,8,1,-1,0.41162109375
xor,67,b,global_sentinel_a,global,i16BE_x100,2,8,1,-1,0.41162109375
xor,68,b,global_sentinel_a,global,u16LE_x1,2,8,1,-1,0.41162109375
xor,68,b,global_sentinel_a,global,i16LE_x1,2,8,1,-1,0.41162109375
xor,68,b,global_sentinel_a,global,u16BE_x1,2,1,1,20819,0.41162109375
xor,68,b,global_sentinel_a,global,i16BE_x1,2,1,1,20819,0.41162109375
xor,68,b,global_sentinel_a,global,u16LE_x10,2,1,1,25111,0.41162109375
xor,68,b,global_sentinel_a,global,i16LE_x10,2,1,1,25111,0.41162109375
xor,69,b,global_sentinel_a,global,u16BE_x1,2,5,1,-1,0.41162109375
xor,69,b,global_sentinel_a,global,i16BE_x1,2,5,1,-1,0.41162109375
xor,70,b,global_sentinel_a,global,u16LE_x1,2,5,1,-1,0.41162109375
xor,70,b,global_sentinel_a,global,i16LE_x1,2,5,1,-1,0.41162109375
xor,70,b,global_sentinel_a,global,u16LE_x100,2,1,1,17087,0.41162109375
xor,70,b,global_sentinel_a,global,i16LE_x100,2,1,1,17087,0.41162109375
xor,71,b,global_sentinel_a,global,u16LE_x1,2,1,1,20819,0.41162109375
xor,71,b,global_sentinel_a,global,i16LE_x1,2,1,1,20819,0.41162109375
xor,71,b,global_sentinel_a,global,u16BE_x1,2,8,1,-1,0.41162109375
xor,71,b,global_sentinel_a,global,i16BE_x1,2,8,1,-1,0.41162109375
xor,72,b,global_sentinel_a,global,u16LE_x10,2,1,1,22374,0.41162109375
xor,72,b,global_sentinel_a,global,i16LE_x10,2,1,1,22374,0.41162109375
xor,73,b,global_sentinel_a,global,u16LE_x1,2,5,1,-1,0.41162109375
xor,73,b,global_sentinel_a,global,i16LE_x1,2,5,1,-1,0.41162109375
xor,73,b,global_sentinel_a,global,u16BE_x1,2,8,1,-1,0.41162109375
xor,73,b,global_sentinel_a,global,i16BE_x1,2,8,1,-1,0.41162109375
xor,74,b,global_sentinel_a,global,u16LE_x1,2,8,1,-1,0.41162109375
xor,74,b,global_sentinel_a,global,i16LE_x1,2,8,1,-1,0.41162109375
xor,74,b,global_sentinel_a,global,u16BE_x1,2,5,1,-1,0.41162109375
xor,74,b,global_sentinel_a,global,i16BE_x1,2,5,1,-1,0.41162109375
xor,74,b,global_sentinel_a,global,u16LE_x10,2,7,1,-1,0.41162109375
xor,74,b,global_sentinel_a,global,i16LE_x10,2,7,1,-1,0.41162109375
xor,74,b,global_sentinel_a,global,u16BE_x10,2,2,1,-1,0.41162109375
xor,74,b,global_sentinel_a,global,i16BE_x10,2,2,1,-1,0.41162109375
xor,76,b,global_sentinel_a,global,u16LE_x1,2,8,1,-1,0.41162109375
xor,76,b,global_sentinel_a,global,i16LE_x1,2,8,1,-1,0.41162109375
xor,76,b,global_sentinel_a,global,u16BE_x100,2,1,1,5174,0.41162109375
xor,76,b,global_sentinel_a,global,i16BE_x100,2,1,1,5174,0.41162109375
xor,77,b,global_sentinel_a,global,u16LE_x10,2,1,1,18759,0.41162109375
xor,77,b,global_sentinel_a,global,i16LE_x10,2,1,1,18759,0.41162109375
xor,79,b,global_sentinel_a,global,u16BE_x1,2,8,1,-1,0.41162109375
xor,79,b,global_sentinel_a,global,i16BE_x1,2,8,1,-1,0.41162109375
xor,81,b,global_sentinel_a,global,u16BE_x1,2,1,1,17736,0.41162109375
xor,81,b,global_sentinel_a,global,i16BE_x1,2,1,1,17736,0.41162109375
xor,81,b,global_sentinel_a,global,u16BE_x10,2,1,1,18759,0.41162109375
xor,81,b,global_sentinel_a,global,i16BE_x10,2,1,1,18759,0.41162109375
xor,82,b,global_sentinel_a,global,u16LE_x1,2,1,1,17736,0.41162109375
xor,82,b,global_sentinel_a,global,i16LE_x1,2,1,1,17736,0.41162109375
xor,84,b,global_sentinel_a,global,u16LE_x1,2,32,1,-1,0.41162109375
xor,84,b,global_sentinel_a,global,i16LE_x1,2,32,1,-1,0.41162109375
xor,84,b,global_sentinel_a,global,u16BE_x10,2,1,1,22374,0.41162109375
xor,84,b,global_sentinel_a,global,i16BE_x10,2,1,1,22374,0.41162109375
xor,85,b,global_sentinel_a,global,u16BE_x1,2,17,1,-1,0.41162109375
xor,85,b,global_sentinel_a,global,i16BE_x1,2,17,1,-1,0.41162109375
xor,85,b,global_sentinel_a,global,u16LE_x100,2,1,1,5174,0.41162109375
xor,85,b,global_sentinel_a,global,i16LE_x100,2,1,1,5174,0.41162109375
xor,86,b,global_sentinel_a,global,u16LE_x1,2,17,1,-1,0.41162109375
xor,86,b,global_sentinel_a,global,i16LE_x1,2,17,1,-1,0.41162109375
xor,86,b,global_sentinel_a,global,u32LE_x1,4,8,1,-1,6.280373781919479e-06
xor,86,b,global_sentinel_a,global,i32LE_x1,4,8,1,-1,6.280373781919479e-06
xor,86,b,global_sentinel_a,global,u16LE_x10,2,2,1,-1,0.41162109375
xor,86,b,global_sentinel_a,global,i16LE_x10,2,2,1,-1,0.41162109375
xor,86,b,global_sentinel_a,global,u16BE_x10,2,7,1,-1,0.41162109375
xor,86,b,global_sentinel_a,global,i16BE_x10,2,7,1,-1,0.41162109375
xor,87,b,global_sentinel_a,global,u16BE_x1,2,32,1,-1,0.41162109375
xor,87,b,global_sentinel_a,global,i16BE_x1,2,32,1,-1,0.41162109375
xor,88,b,global_sentinel_a,global,u16LE_x1,2,10,1,-1,0.41162109375
xor,88,b,global_sentinel_a,global,i16LE_x1,2,10,1,-1,0.41162109375
xor,88,b,global_sentinel_a,global,u16BE_x10,2,1,1,25111,0.41162109375
xor,88,b,global_sentinel_a,global,i16BE_x10,2,1,1,25111,0.41162109375
xor,89,b,global_sentinel_a,global,u16LE_x1,2,10,1,-1,0.41162109375
xor,89,b,global_sentinel_a,global,i16LE_x1,2,10,1,-1,0.41162109375
xor,89,b,global_sentinel_a,global,u16BE_x1,2,23,1,-1,0.41162109375
xor,89,b,global_sentinel_a,global,i16BE_x1,2,23,1,-1,0.41162109375
xor,90,b,global_sentinel_a,global,u16LE_x1,2,23,1,-1,0.41162109375
xor,90,b,global_sentinel_a,global,i16LE_x1,2,23,1,-1,0.41162109375
xor,90,b,global_sentinel_a,global,u16BE_x1,2,10,1,-1,0.41162109375
xor,90,b,global_sentinel_a,global,i16BE_x1,2,10,1,-1,0.41162109375
xor,90,b,global_sentinel_a,global,u32LE_x1,4,8,1,-1,6.280373781919479e-06
xor,90,b,global_sentinel_a,global,i32LE_x1,4,8,1,-1,6.280373781919479e-06
xor,90,b,global_sentinel_a,global,u16LE_x100,2,8,1,-1,0.41162109375
xor,90,b,global_sentinel_a,global,i16LE_x100,2,8,1,-1,0.41162109375
xor,90,b,global_sentinel_a,global,u16BE_x100,2,8,1,-1,0.41162109375
xor,90,b,global_sentinel_a,global,i16BE_x100,2,8,1,-1,0.41162109375
xor,91,b,global_sentinel_a,global,u16BE_x1,2,10,1,-1,0.41162109375
xor,91,b,global_sentinel_a,global,i16BE_x1,2,10,1,-1,0.41162109375
xor,93,b,global_sentinel_a,global,u16BE_x1,2,36,1,-1,0.41162109375
xor,93,b,global_sentinel_a,global,i16BE_x1,2,36,1,-1,0.41162109375
xor,94,b,global_sentinel_a,global,u16LE_x1,2,36,1,-1,0.41162109375
xor,94,b,global_sentinel_a,global,i16LE_x1,2,36,1,-1,0.41162109375
xor,95,b,global_sentinel_a,global,u16BE_x100,2,1,1,17087,0.41162109375
xor,95,b,global_sentinel_a,global,i16BE_x100,2,1,1,17087,0.41162109375
xor,96,b,global_sentinel_a,global,u16LE_x1,2,17,1,-1,0.41162109375
xor,96,b,global_sentinel_a,global,i16LE_x1,2,17,1,-1,0.41162109375
xor,96,b,global_sentinel_a,global,u16BE_x1,2,1,1,14182,0.41162109375
xor,96,b,global_sentinel_a,global,i16BE_x1,2,1,1,14182,0.41162109375
xor,96,b,global_sentinel_a,global,u16LE_x100,2,1,1,4608,0.41162109375
xor,96,b,global_sentinel_a,global,i16LE_x100,2,1,1,4608,0.41162109375
xor,97,b,global_sentinel_a,global,u16BE_x1,2,21,1,-1,0.41162109375
xor,97,b,global_sentinel_a,global,i16BE_x1,2,21,1,-1,0.41162109375
xor,98,b,global_sentinel_a,global,u16LE_x1,2,21,1,-1,0.41162109375
xor,98,b,global_sentinel_a,global,i16LE_x1,2,21,1,-1,0.41162109375
xor,99,b,global_sentinel_a,global,u16LE_x1,2,1,1,14182,0.41162109375
xor,99,b,global_sentinel_a,global,i16LE_x1,2,1,1,14182,0.41162109375
xor,99,b,global_sentinel_a,global,u16BE_x1,2,17,1,-1,0.41162109375
xor,99,b,global_sentinel_a,global,i16BE_x1,2,17,1,-1,0.41162109375
xor,100,b,global_sentinel_a,global,u16LE_x1,2,8,1,-1,0.41162109375
xor,100,b,global_sentinel_a,global,i16LE_x1,2,8,1,-1,0.41162109375
xor,103,b,global_sentinel_a,global,u16BE_x1,2,8,1,-1,0.41162109375
xor,103,b,global_sentinel_a,global,i16BE_x1,2,8,1,-1,0.41162109375
xor,105,b,global_sentinel_a,global,u16BE_x1,2,16,1,-1,0.41162109375
xor,105,b,global_sentinel_a,global,i16BE_x1,2,16,1,-1,0.41162109375
xor,106,b,global_sentinel_a,global,u16LE_x1,2,16,1,-1,0.41162109375
xor,106,b,global_sentinel_a,global,i16LE_x1,2,16,1,-1,0.41162109375
xor,109,b,global_sentinel_a,global,u16BE_x1,2,13,1,-1,0.41162109375
xor,109,b,global_sentinel_a,global,i16BE_x1,2,13,1,-1,0.41162109375
xor,110,b,global_sentinel_a,global,u16LE_x1,2,13,1,-1,0.41162109375
xor,110,b,global_sentinel_a,global,i16LE_x1,2,13,1,-1,0.41162109375
xor,111,b,global_sentinel_a,global,u16BE_x100,2,2,1,-1,0.41162109375
xor,111,b,global_sentinel_a,global,i16BE_x100,2,2,1,-1,0.41162109375
xor,118,b,global_sentinel_a,global,u16LE_x100,2,2,1,-1,0.41162109375
xor,118,b,global_sentinel_a,global,i16LE_x100,2,2,1,-1,0.41162109375
xor,121,b,global_sentinel_a,global,u16BE_x100,2,1,1,4608,0.41162109375
xor,121,b,global_sentinel_a,global,i16BE_x100,2,1,1,4608,0.41162109375
xor,125,b,global_sentinel_a,global,u16LE_x1,2,1,1,6003,0.41162109375
xor,125,b,global_sentinel_a,global,i16LE_x1,2,1,1,6003,0.41162109375
xor,126,b,global_sentinel_a,global,u16BE_x1,2,1,1,6003,0.41162109375
xor,126,b,global_sentinel_a,global,i16BE_x1,2,1,1,6003,0.41162109375
xor,128,b,global_sentinel_a,global,u16BE_x1,2,7,1,-1,0.41162109375
xor,128,b,global_sentinel_a,global,i16BE_x1,2,7,1,-1,0.41162109375
xor,131,b,global_sentinel_a,global,u16LE_x1,2,7,1,-1,0.41162109375
xor,131,b,global_sentinel_a,global,i16LE_x1,2,7,1,-1,0.41162109375
xor,136,b,global_sentinel_a,global,u16BE_x1,2,1,1,25071,0.41162109375
xor,136,b,global_sentinel_a,global,i16BE_x1,2,1,1,25071,0.41162109375
xor,136,b,global_sentinel_a,global,u16LE_x100,2,1,1,20812,0.41162109375
xor,136,b,global_sentinel_a,global,i16LE_x100,2,1,1,20812,0.41162109375
xor,139,b,global_sentinel_a,global,u16LE_x1,2,1,1,25071,0.41162109375
xor,139,b,global_sentinel_a,global,i16LE_x1,2,1,1,25071,0.41162109375
xor,140,b,global_sentinel_a,global,u16LE_x10,2,1,1,25022,0.41162109375
xor,140,b,global_sentinel_a,global,i16LE_x10,2,1,1,25022,0.41162109375
xor,142,b,global_sentinel_a,global,u16BE_x100,2,1,1,5010,0.41162109375
xor,142,b,global_sentinel_a,global,i16BE_x100,2,1,1,5010,0.41162109375
xor,144,b,global_sentinel_a,global,u16BE_x10,2,1,1,25022,0.41162109375
xor,144,b,global_sentinel_a,global,i16BE_x10,2,1,1,25022,0.41162109375
xor,145,b,global_sentinel_a,global,u16BE_x100,2,1,1,20812,0.41162109375
xor,145,b,global_sentinel_a,global,i16BE_x100,2,1,1,20812,0.41162109375
xor,149,b,global_sentinel_a,global,u16LE_x1,2,1,1,17173,0.41162109375
xor,149,b,global_sentinel_a,global,i16LE_x1,2,1,1,17173,0.41162109375
xor,150,b,global_sentinel_a,global,u16BE_x1,2,1,1,17173,0.41162109375
xor,150,b,global_sentinel_a,global,i16BE_x1,2,1,1,17173,0.41162109375
xor,151,b,global_sentinel_a,global,u16LE_x100,2,1,1,5010,0.41162109375
xor,151,b,global_sentinel_a,global,i16LE_x100,2,1,1,5010,0.41162109375
xor,153,b,global_sentinel_a,global,u16BE_x1,2,1,1,2522,0.41162109375
xor,153,b,global_sentinel_a,global,i16BE_x1,2,1,1,2522,0.41162109375
xor,154,b,global_sentinel_a,global,u16LE_x1,2,1,1,2522,0.41162109375
xor,154,b,global_sentinel_a,global,i16LE_x1,2,1,1,2522,0.41162109375
xor,160,b,global_sentinel_a,global,u16LE_x100,2,5,1,-1,0.41162109375
xor,160,b,global_sentinel_a,global,i16LE_x100,2,5,1,-1,0.41162109375
xor,164,b,global_sentinel_a,global,u16BE_x10,2,1,1,4976,0.41162109375
xor,164,b,global_sentinel_a,global,i16BE_x10,2,1,1,4976,0.41162109375
xor,168,b,global_sentinel_a,global,u16BE_x10,2,1,1,15025,0.41162109375
xor,168,b,global_sentinel_a,global,i16BE_x10,2,1,1,15025,0.41162109375
xor,169,b,global_sentinel_a,global,u16LE_x1,2,1,1,17659,0.41162109375
xor,169,b,global_sentinel_a,global,i16LE_x1,2,1,1,17659,0.41162109375
xor,170,b,global_sentinel_a,global,u16BE_x1,2,1,1,17659,0.41162109375
xor,170,b,global_sentinel_a,global,i16BE_x1,2,1,1,17659,0.41162109375
xor,170,b,global_sentinel_a,global,u16BE_x100,2,1,1,20772,0.41162109375
xor,170,b,global_sentinel_a,global,i16BE_x100,2,1,1,20772,0.41162109375
xor,172,b,global_sentinel_a,global,u16BE_x1,2,1,1,18383,0.41162109375
xor,172,b,global_sentinel_a,global,i16BE_x1,2,1,1,18383,0.41162109375
xor,172,b,global_sentinel_a,global,u16LE_x10,2,1,1,17792,0.41162109375
xor,172,b,global_sentinel_a,global,i16LE_x10,2,1,1,17792,0.41162109375
xor,173,b,global_sentinel_a,global,u16LE_x100,2,1,1,5929,0.41162109375
xor,173,b,global_sentinel_a,global,i16LE_x100,2,1,1,5929,0.41162109375
xor,174,b,global_sentinel_a,global,u16LE_x10,2,5,1,-1,0.41162109375
xor,174,b,global_sentinel_a,global,i16LE_x10,2,5,1,-1,0.41162109375
xor,175,b,global_sentinel_a,global,u16LE_x1,2,1,1,18383,0.41162109375
xor,175,b,global_sentinel_a,global,i16LE_x1,2,1,1,18383,0.41162109375
xor,176,b,global_sentinel_a,global,u16BE_x10,2,1,1,17792,0.41162109375
xor,176,b,global_sentinel_a,global,i16BE_x10,2,1,1,17792,0.41162109375
xor,178,b,global_sentinel_a,global,u16BE_x10,2,5,1,-1,0.41162109375
xor,178,b,global_sentinel_a,global,i16BE_x10,2,5,1,-1,0.41162109375
xor,179,b,global_sentinel_a,global,u16LE_x100,2,1,1,20772,0.41162109375
xor,179,b,global_sentinel_a,global,i16LE_x100,2,1,1,20772,0.41162109375
xor,180,b,global_sentinel_a,global,u16LE_x10,2,1,1,15025,0.41162109375
xor,180,b,global_sentinel_a,global,i16LE_x10,2,1,1,15025,0.41162109375
xor,180,b,global_sentinel_a,global,u16BE_x100,2,1,1,5929,0.41162109375
xor,180,b,global_sentinel_a,global,i16BE_x100,2,1,1,5929,0.41162109375
xor,181,b,global_sentinel_a,global,u16BE_x1,2,1,1,20600,0.41162109375
xor,181,b,global_sentinel_a,global,i16BE_x1,2,1,1,20600,0.41162109375
xor,182,b,global_sentinel_a,global,u16LE_x1,2,1,1,20600,0.41162109375
xor,182,b,global_sentinel_a,global,i16LE_x1,2,1,1,20600,0.41162109375
xor,184,b,global_sentinel_a,global,u16LE_x10,2,1,1,4976,0.41162109375
xor,184,b,global_sentinel_a,global,i16LE_x10,2,1,1,4976,0.41162109375
xor,185,b,global_sentinel_a,global,u16BE_x100,2,5,1,-1,0.41162109375
xor,185,b,global_sentinel_a,global,i16BE_x100,2,5,1,-1,0.41162109375
xor,193,b,global_sentinel_a,global,u16BE_x1,2,1,1,5350,0.41162109375
xor,193,b,global_sentinel_a,global,i16BE_x1,2,1,1,5350,0.41162109375
xor,193,b,global_sentinel_a,global,u16LE_x100,2,16,1,-1,0.41162109375
xor,193,b,global_sentinel_a,global,i16LE_x100,2,16,1,-1,0.41162109375
xor,194,b,global_sentinel_a,global,u16LE_x1,2,1,1,5350,0.41162109375
xor,194,b,global_sentinel_a,global,i16LE_x1,2,1,1,5350,0.41162109375
xor,196,b,global_sentinel_a,global,u16LE_x1,2,1,1,16448,0.41162109375
xor,196,b,global_sentinel_a,global,i16LE_x1,2,1,1,16448,0.41162109375
xor,196,b,global_sentinel_a,global,u16BE_x1,2,1,1,16447,0.41162109375
xor,196,b,global_sentinel_a,global,i16BE_x1,2,1,1,16447,0.41162109375
xor,197,b,global_sentinel_a,global,u16BE_x100,2,1,1,18250,0.41162109375
xor,197,b,global_sentinel_a,global,i16BE_x100,2,1,1,18250,0.41162109375
xor,199,b,global_sentinel_a,global,u16LE_x1,2,1,1,16447,0.41162109375
xor,199,b,global_sentinel_a,global,i16LE_x1,2,1,1,16447,0.41162109375
xor,199,b,global_sentinel_a,global,u16BE_x1,2,1,1,16448,0.41162109375
xor,199,b,global_sentinel_a,global,i16BE_x1,2,1,1,16448,0.41162109375
xor,200,b,global_sentinel_a,global,u16BE_x10,2,8,1,-1,0.41162109375
xor,200,b,global_sentinel_a,global,i16BE_x10,2,8,1,-1,0.41162109375
xor,200,b,global_sentinel_a,global,u16BE_x100,2,8,1,-1,0.41162109375
xor,200,b,global_sentinel_a,global,i16BE_x100,2,8,1,-1,0.41162109375
xor,203,b,global_sentinel_a,global,u16BE_x10,2,1,1,5580,0.41162109375
xor,203,b,global_sentinel_a,global,i16BE_x10,2,1,1,5580,0.41162109375
xor,205,b,global_sentinel_a,global,u16LE_x1,2,1,1,24781,0.41162109375
xor,205,b,global_sentinel_a,global,i16LE_x1,2,1,1,24781,0.41162109375
xor,206,b,global_sentinel_a,global,u16BE_x1,2,1,1,24781,0.41162109375
xor,206,b,global_sentinel_a,global,i16BE_x1,2,1,1,24781,0.41162109375
xor,209,b,global_sentinel_a,global,u16LE_x100,2,8,1,-1,0.41162109375
xor,209,b,global_sentinel_a,global,i16LE_x100,2,8,1,-1,0.41162109375
xor,212,b,global_sentinel_a,global,u16LE_x10,2,8,1,-1,0.41162109375
xor,212,b,global_sentinel_a,global,i16LE_x10,2,8,1,-1,0.41162109375
xor,215,b,global_sentinel_a,global,u16LE_x10,2,1,1,5580,0.41162109375
xor,215,b,global_sentinel_a,global,i16LE_x10,2,1,1,5580,0.41162109375
xor,216,b,global_sentinel_a,global,u16BE_x1,2,10,1,-1,0.41162109375
xor,216,b,global_sentinel_a,global,i16BE_x1,2,10,1,-1,0.41162109375
xor,216,b,global_sentinel_a,global,u16BE_x100,2,16,1,-1,0.41162109375
xor,216,b,global_sentinel_a,global,i16BE_x100,2,16,1,-1,0.41162109375
xor,217,b,global_sentinel_a,global,u16LE_x1,2,1,1,2110,0.41162109375
xor,217,b,global_sentinel_a,global,i16LE_x1,2,1,1,2110,0.41162109375
xor,218,b,global_sentinel_a,global,u16BE_x1,2,1,1,2110,0.41162109375
xor,218,b,global_sentinel_a,global,i16BE_x1,2,1,1,2110,0.41162109375
xor,219,b,global_sentinel_a,global,u16LE_x1,2,10,1,-1,0.41162109375
xor,219,b,global_sentinel_a,global,i16LE_x1,2,10,1,-1,0.41162109375
xor,220,b,global_sentinel_a,global,u16BE_x1,2,1,1,18509,0.41162109375
xor,220,b,global_sentinel_a,global,i16BE_x1,2,1,1,18509,0.41162109375
xor,220,b,global_sentinel_a,global,u16LE_x100,2,1,1,18250,0.41162109375
xor,220,b,global_sentinel_a,global,i16LE_x100,2,1,1,18250,0.41162109375
xor,221,b,global_sentinel_a,global,u16BE_x1,2,1,1,17801,0.41162109375
xor,221,b,global_sentinel_a,global,i16BE_x1,2,1,1,17801,0.41162109375
xor,222,b,global_sentinel_a,global,u16LE_x1,2,1,1,17801,0.41162109375
xor,222,b,global_sentinel_a,global,i16LE_x1,2,1,1,17801,0.41162109375
xor,223,b,global_sentinel_a,global,u16LE_x1,2,1,1,18509,0.41162109375
xor,223,b,global_sentinel_a,global,i16LE_x1,2,1,1,18509,0.41162109375
xor,224,b,global_sentinel_a,global,u16BE_x100,2,1,1,5414,0.41162109375
xor,224,b,global_sentinel_a,global,i16BE_x100,2,1,1,5414,0.41162109375
xor,226,b,global_sentinel_a,global,u16LE_x10,2,7,1,-1,0.41162109375
xor,226,b,global_sentinel_a,global,i16LE_x10,2,7,1,-1,0.41162109375
xor,226,b,global_sentinel_a,global,u16BE_x10,2,9,1,-1,0.41162109375
xor,226,b,global_sentinel_a,global,i16BE_x10,2,9,1,-1,0.41162109375
xor,229,b,global_sentinel_a,global,u16LE_x1,2,1,1,5325,0.41162109375
xor,229,b,global_sentinel_a,global,i16LE_x1,2,1,1,5325,0.41162109375
xor,229,b,global_sentinel_a,global,u16LE_x10,2,1,1,5694,0.41162109375
xor,229,b,global_sentinel_a,global,i16LE_x10,2,1,1,5694,0.41162109375
xor,230,b,global_sentinel_a,global,u16BE_x1,2,1,1,5325,0.41162109375
xor,230,b,global_sentinel_a,global,i16BE_x1,2,1,1,5325,0.41162109375
xor,235,b,global_sentinel_a,global,u16LE_x10,2,1,1,25404,0.41162109375
xor,235,b,global_sentinel_a,global,i16LE_x10,2,1,1,25404,0.41162109375
xor,237,b,global_sentinel_a,global,u16LE_x1,2,1,1,22726,0.41162109375
xor,237,b,global_sentinel_a,global,i16LE_x1,2,1,1,22726,0.41162109375
xor,238,b,global_sentinel_a,global,u16BE_x1,2,1,1,22726,0.41162109375
xor,238,b,global_sentinel_a,global,i16BE_x1,2,1,1,22726,0.41162109375
xor,240,b,global_sentinel_a,global,u16LE_x1,2,1,1,18154,0.41162109375
xor,240,b,global_sentinel_a,global,i16LE_x1,2,1,1,18154,0.41162109375
xor,241,b,global_sentinel_a,global,u16LE_x1,2,1,1,22329,0.41162109375
xor,241,b,global_sentinel_a,global,i16LE_x1,2,1,1,22329,0.41162109375
xor,242,b,global_sentinel_a,global,u16BE_x1,2,1,1,22329,0.41162109375
xor,242,b,global_sentinel_a,global,i16BE_x1,2,1,1,22329,0.41162109375
xor,243,b,global_sentinel_a,global,u16BE_x1,2,1,1,18154,0.41162109375
xor,243,b,global_sentinel_a,global,i16BE_x1,2,1,1,18154,0.41162109375
xor,247,b,global_sentinel_a,global,u16BE_x10,2,1,1,25404,0.41162109375
xor,247,b,global_sentinel_a,global,i16BE_x10,2,1,1,25404,0.41162109375
xor,248,b,global_sentinel_a,global,u16LE_x1,2,5,1,-1,0.41162109375
xor,248,b,global_sentinel_a,global,i16LE_x1,2,5,1,-1,0.41162109375
xor,249,b,global_sentinel_a,global,u16BE_x10,2,1,1,5694,0.41162109375
xor,249,b,global_sentinel_a,global,i16BE_x10,2,1,1,5694,0.41162109375
xor,249,b,global_sentinel_a,global,u16LE_x100,2,1,1,5414,0.41162109375
xor,249,b,global_sentinel_a,global,i16LE_x100,2,1,1,5414,0.41162109375
xor,251,b,global_sentinel_a,global,u16BE_x1,2,5,1,-1,0.41162109375
xor,251,b,global_sentinel_a,global,i16BE_x1,2,5,1,-1,0.41162109375
xor,254,b,global_sentinel_a,global,u16LE_x10,2,9,1,-1,0.41162109375
xor,254,b,global_sentinel_a,global,i16LE_x10,2,9,1,-1,0.41162109375
xor,254,b,global_sentinel_a,global,u16BE_x10,2,7,1,-1,0.41162109375
xor,254,b,global_sentinel_a,global,i16BE_x10,2,7,1,-1,0.41162109375
nibble_swap,,b,global_sentinel_a,global,u16LE_x1,2,1,1,2194,0.41162109375
nibble_swap,,b,global_sentinel_a,global,i16LE_x1,2,1,1,2194,0.41162109375
bit_reverse,,b,global_sentinel_a,global,u16LE_x1,2,38,1,-1,0.41162109375
bit_reverse,,b,global_sentinel_a,global,i16LE_x1,2,38,1,-1,0.41162109375
bit_reverse,,b,global_sentinel_a,global,u16LE_x10,2,2,1,-1,0.41162109375
bit_reverse,,b,global_sentinel_a,global,i16LE_x10,2,2,1,-1,0.41162109375
bit_reverse,,b,global_sentinel_a,global,u16LE_x100,2,1,1,18241,0.41162109375
bit_reverse,,b,global_sentinel_a,global,i16LE_x100,2,1,1,18241,0.41162109375
raw,,b,global_sentinel_b,global,u16BE_x1,2,9,1,-1,0.41162109375
raw,,b,global_sentinel_b,global,i16BE_x1,2,9,1,-1,0.41162109375
raw,,b,global_sentinel_b,global,u16LE_x10,2,1,1,25244,0.41162109375
raw,,b,global_sentinel_b,global,i16LE_x10,2,1,1,25244,0.41162109375
xor,1,b,global_sentinel_b,global,u16BE_x1,2,8,1,-1,0.41162109375
xor,1,b,global_sentinel_b,global,i16BE_x1,2,8,1,-1,0.41162109375
xor,1,b,global_sentinel_b,global,u16LE_x100,2,7,1,-1,0.41162109375
xor,1,b,global_sentinel_b,global,i16LE_x100,2,7,1,-1,0.41162109375
xor,2,b,global_sentinel_b,global,u16LE_x1,2,8,1,-1,0.41162109375
xor,2,b,global_sentinel_b,global,i16LE_x1,2,8,1,-1,0.41162109375
xor,3,b,global_sentinel_b,global,u16LE_x1,2,9,1,-1,0.41162109375
xor,3,b,global_sentinel_b,global,i16LE_x1,2,9,1,-1,0.41162109375
xor,4,b,global_sentinel_b,global,u16LE_x1,2,5,1,-1,0.41162109375
xor,4,b,global_sentinel_b,global,i16LE_x1,2,5,1,-1,0.41162109375
xor,4,b,global_sentinel_b,global,u16LE_x10,2,8,1,-1,0.41162109375
xor,4,b,global_sentinel_b,global,i16LE_x10,2,8,1,-1,0.41162109375
xor,4,b,global_sentinel_b,global,u16BE_x10,2,1,1,5067,0.41162109375
xor,4,b,global_sentinel_b,global,i16BE_x10,2,1,1,5067,0.41162109375
xor,5,b,global_sentinel_b,global,u16BE_x1,2,5,1,-1,0.41162109375
xor,5,b,global_sentinel_b,global,i16BE_x1,2,5,1,-1,0.41162109375
xor,6,b,global_sentinel_b,global,u16LE_x1,2,5,1,-1,0.41162109375
xor,6,b,global_sentinel_b,global,i16LE_x1,2,5,1,-1,0.41162109375
xor,7,b,global_sentinel_b,global,u16BE_x1,2,5,1,-1,0.41162109375
xor,7,b,global_sentinel_b,global,i16BE_x1,2,5,1,-1,0.41162109375
xor,8,b,global_sentinel_b,global,u16LE_x1,2,14,1,-1,0.41162109375
xor,8,b,global_sentinel_b,global,i16LE_x1,2,14,1,-1,0.41162109375
xor,8,b,global_sentinel_b,global,u16BE_x1,2,1,1,22628,0.41162109375
xor,8,b,global_sentinel_b,global,i16BE_x1,2,1,1,22628,0.41162109375
xor,8,b,global_sentinel_b,global,u16LE_x10,2,2,1,-1,0.41162109375
xor,8,b,global_sentinel_b,global,i16LE_x10,2,2,1,-1,0.41162109375
xor,8,b,global_sentinel_b,global,u16BE_x100,2,1,1,18313,0.41162109375
xor,8,b,global_sentinel_b,global,i16BE_x100,2,1,1,18313,0.41162109375
xor,9,b,global_sentinel_b,global,u16LE_x1,2,1,1,22850,0.41162109375
xor,9,b,global_sentinel_b,global,i16LE_x1,2,1,1,22850,0.41162109375
xor,9,b,global_sentinel_b,global,u16BE_x1,2,6,1,-1,0.41162109375
xor,9,b,global_sentinel_b,global,i16BE_x1,2,6,1,-1,0.41162109375
xor,9,b,global_sentinel_b,global,u16LE_x100,2,5,1,-1,0.41162109375
xor,9,b,global_sentinel_b,global,i16LE_x100,2,5,1,-1,0.41162109375
xor,10,b,global_sentinel_b,global,u16LE_x1,2,6,1,-1,0.41162109375
xor,10,b,global_sentinel_b,global,i16LE_x1,2,6,1,-1,0.41162109375
xor,10,b,global_sentinel_b,global,u16BE_x1,2,1,1,22850,0.41162109375
xor,10,b,global_sentinel_b,global,i16BE_x1,2,1,1,22850,0.41162109375
xor,10,b,global_sentinel_b,global,u16LE_x10,2,2,1,-1,0.41162109375
xor,10,b,global_sentinel_b,global,i16LE_x10,2,2,1,-1,0.41162109375
xor,10,b,global_sentinel_b,global,u16LE_x100,2,12,1,-1,0.41162109375
xor,10,b,global_sentinel_b,global,i16LE_x100,2,12,1,-1,0.41162109375
xor,10,b,global_sentinel_b,global,u16BE_x100,2,8,1,-1,0.41162109375
xor,10,b,global_sentinel_b,global,i16BE_x100,2,8,1,-1,0.41162109375
xor,11,b,global_sentinel_b,global,u16LE_x1,2,1,1,22628,0.41162109375
xor,11,b,global_sentinel_b,global,i16LE_x1,2,1,1,22628,0.41162109375
xor,11,b,global_sentinel_b,global,u16BE_x1,2,14,1,-1,0.41162109375
xor,11,b,global_sentinel_b,global,i16BE_x1,2,14,1,-1,0.41162109375
xor,11,b,global_sentinel_b,global,u16LE_x10,2,1,1,3623,0.41162109375
xor,11,b,global_sentinel_b,global,i16LE_x10,2,1,1,3623,0.41162109375
xor,11,b,global_sentinel_b,global,u16LE_x100,2,1,1,7135,0.41162109375
xor,11,b,global_sentinel_b,global,i16LE_x100,2,1,1,7135,0.41162109375
xor,12,b,global_sentinel_b,global,u16LE_x100,2,1,1,5957,0.41162109375
xor,12,b,global_sentinel_b,global,i16LE_x100,2,1,1,5957,0.41162109375
xor,13,b,global_sentinel_b,global,u16LE_x1,2,1,1,2625,0.41162109375
xor,13,b,global_sentinel_b,global,i16LE_x1,2,1,1,2625,0.41162109375
xor,13,b,global_sentinel_b,global,u16LE_x100,2,1,1,17082,0.41162109375
xor,13,b,global_sentinel_b,global,i16LE_x100,2,1,1,17082,0.41162109375
xor,14,b,global_sentinel_b,global,u16BE_x1,2,1,1,2625,0.41162109375
xor,14,b,global_sentinel_b,global,i16BE_x1,2,1,1,2625,0.41162109375
xor,15,b,global_sentinel_b,global,u16LE_x100,2,1,1,4242,0.41162109375
xor,15,b,global_sentinel_b,global,i16LE_x100,2,1,1,4242,0.41162109375
xor,16,b,global_sentinel_b,global,u16LE_x1,2,6,1,-1,0.41162109375
xor,16,b,global_sentinel_b,global,i16LE_x1,2,6,1,-1,0.41162109375
xor,16,b,global_sentinel_b,global,u16BE_x1,2,1,1,18689,0.41162109375
xor,16,b,global_sentinel_b,global,i16BE_x1,2,1,1,18689,0.41162109375
xor,16,b,global_sentinel_b,global,u16BE_x100,2,5,1,-1,0.41162109375
xor,16,b,global_sentinel_b,global,i16BE_x100,2,5,1,-1,0.41162109375
xor,17,b,global_sentinel_b,global,u16LE_x1,2,1,1,4682,0.41162109375
xor,17,b,global_sentinel_b,global,i16LE_x1,2,1,1,4682,0.41162109375
xor,17,b,global_sentinel_b,global,u16BE_x1,2,8,1,-1,0.41162109375
xor,17,b,global_sentinel_b,global,i16BE_x1,2,8,1,-1,0.41162109375
xor,17,b,global_sentinel_b,global,u16LE_x100,2,1,1,18313,0.41162109375
xor,17,b,global_sentinel_b,global,i16LE_x100,2,1,1,18313,0.41162109375
xor,18,b,global_sentinel_b,global,u16LE_x1,2,8,1,-1,0.41162109375
xor,18,b,global_sentinel_b,global,i16LE_x1,2,8,1,-1,0.41162109375
xor,18,b,global_sentinel_b,global,u16BE_x1,2,1,1,4682,0.41162109375
xor,18,b,global_sentinel_b,global,i16BE_x1,2,1,1,4682,0.41162109375
xor,18,b,global_sentinel_b,global,u16BE_x100,2,1,1,7135,0.41162109375
xor,18,b,global_sentinel_b,global,i16BE_x100,2,1,1,7135,0.41162109375
xor,19,b,global_sentinel_b,global,u16LE_x1,2,1,1,18689,0.41162109375
xor,19,b,global_sentinel_b,global,i16LE_x1,2,1,1,18689,0.41162109375
xor,19,b,global_sentinel_b,global,u16BE_x1,2,6,1,-1,0.41162109375
xor,19,b,global_sentinel_b,global,i16BE_x1,2,6,1,-1,0.41162109375
xor,19,b,global_sentinel_b,global,u16LE_x100,2,8,1,-1,0.41162109375
xor,19,b,global_sentinel_b,global,i16LE_x100,2,8,1,-1,0.41162109375
xor,19,b,global_sentinel_b,global,u16BE_x100,2,12,1,-1,0.41162109375
xor,19,b,global_sentinel_b,global,i16BE_x100,2,12,1,-1,0.41162109375
xor,20,b,global_sentinel_b,global,u16LE_x1,2,1,1,7384,0.41162109375
xor,20,b,global_sentinel_b,global,i16LE_x1,2,1,1,7384,0.41162109375
xor,20,b,global_sentinel_b,global,u16BE_x10,2,2,1,-1,0.41162109375
xor,20,b,global_sentinel_b,global,i16BE_x10,2,2,1,-1,0.41162109375
xor,20,b,global_sentinel_b,global,u16BE_x100,2,1,1,17082,0.41162109375
xor,20,b,global_sentinel_b,global,i16BE_x100,2,1,1,17082,0.41162109375
xor,21,b,global_sentinel_b,global,u16BE_x1,2,16,1,-1,0.41162109375
xor,21,b,global_sentinel_b,global,i16BE_x1,2,16,1,-1,0.41162109375
xor,21,b,global_sentinel_b,global,u16BE_x100,2,1,1,5957,0.41162109375
xor,21,b,global_sentinel_b,global,i16BE_x100,2,1,1,5957,0.41162109375
xor,22,b,global_sentinel_b,global,u16LE_x1,2,16,1,-1,0.41162109375
xor,22,b,global_sentinel_b,global,i16LE_x1,2,16,1,-1,0.41162109375
xor,22,b,global_sentinel_b,global,u16BE_x10,2,2,1,-1,0.41162109375
xor,22,b,global_sentinel_b,global,i16BE_x10,2,2,1,-1,0.41162109375
xor,22,b,global_sentinel_b,global,u16BE_x100,2,1,1,4242,0.41162109375
xor,22,b,global_sentinel_b,global,i16BE_x100,2,1,1,4242,0.41162109375
xor,23,b,global_sentinel_b,global,u16BE_x1,2,1,1,7384,0.41162109375
xor,23,b,global_sentinel_b,global,i16BE_x1,2,1,1,7384,0.41162109375
xor,23,b,global_sentinel_b,global,u16BE_x10,2,1,1,3623,0.41162109375
xor,23,b,global_sentinel_b,global,i16BE_x10,2,1,1,3623,0.41162109375
xor,24,b,global_sentinel_b,global,u16LE_x10,2,1,1,5067,0.41162109375
xor,24,b,global_sentinel_b,global,i16LE_x10,2,1,1,5067,0.41162109375
xor,24,b,global_sentinel_b,global,u16BE_x10,2,8,1,-1,0.41162109375
xor,24,b,global_sentinel_b,global,i16BE_x10,2,8,1,-1,0.41162109375
xor,24,b,global_sentinel_b,global,u16BE_x100,2,7,1,-1,0.41162109375
xor,24,b,global_sentinel_b,global,i16BE_x100,2,7,1,-1,0.41162109375
xor,28,b,global_sentinel_b,global,u16BE_x10,2,1,1,25244,0.41162109375
xor,28,b,global_sentinel_b,global,i16BE_x10,2,1,1,25244,0.41162109375
xor,32,b,global_sentinel_b,global,u16LE_x1,2,8,1,-1,0.41162109375
xor,32,b,global_sentinel_b,global,i16LE_x1,2,8,1,-1,0.41162109375
xor,32,b,global_sentinel_b,global,u16LE_x100,2,1,1,18490,0.41162109375
xor,32,b,global_sentinel_b,global,i16LE_x100,2,1,1,18490,0.41162109375
xor,32,b,global_sentinel_b,global,u16BE_x100,2,1,1,2489,0.41162109375
xor,32,b,global_sentinel_b,global,i16BE_x100,2,1,1,2489,0.41162109375
xor,33,b,global_sentinel_b,global,u16LE_x1,2,2,1,-1,0.41162109375
xor,33,b,global_sentinel_b,global,i16LE_x1,2,2,1,-1,0.41162109375
xor,33,b,global_sentinel_b,global,u16BE_x1,2,16,1,-1,0.41162109375
xor,33,b,global_sentinel_b,global,i16BE_x1,2,16,1,-1,0.41162109375
xor,33,b,global_sentinel_b,global,u16LE_x10,2,1,1,5858,0.41162109375
xor,33,b,global_sentinel_b,global,i16LE_x10,2,1,1,5858,0.41162109375
xor,34,b,global_sentinel_b,global,u16LE_x1,2,16,1,-1,0.41162109375
xor,34,b,global_sentinel_b,global,i16LE_x1,2,16,1,-1,0.41162109375
xor,34,b,global_sentinel_b,global,u16BE_x1,2,2,1,-1,0.41162109375
xor,34,b,global_sentinel_b,global,i16BE_x1,2,2,1,-1,0.41162109375
xor,34,b,global_sentinel_b,global,u16LE_x100,2,1,1,16836,0.41162109375
xor,34,b,global_sentinel_b,global,i16LE_x100,2,1,1,16836,0.41162109375
xor,35,b,global_sentinel_b,global,u16BE_x1,2,8,1,-1,0.41162109375
xor,35,b,global_sentinel_b,global,i16BE_x1,2,8,1,-1,0.41162109375
xor,36,b,global_sentinel_b,global,u16LE_x10,2,8,1,-1,0.41162109375
xor,36,b,global_sentinel_b,global,i16LE_x10,2,8,1,-1,0.41162109375
xor,38,b,global_sentinel_b,global,u16LE_x100,2,1,1,17092,0.41162109375
xor,38,b,global_sentinel_b,global,i16LE_x100,2,1,1,17092,0.41162109375
xor,39,b,global_sentinel_b,global,u16BE_x10,2,1,1,4563,0.41162109375
xor,39,b,global_sentinel_b,global,i16BE_x10,2,1,1,4563,0.41162109375
xor,40,b,global_sentinel_b,global,u16LE_x1,2,8,1,-1,0.41162109375
xor,40,b,global_sentinel_b,global,i16LE_x1,2,8,1,-1,0.41162109375
xor,40,b,global_sentinel_b,global,u16BE_x10,2,9,1,-1,0.41162109375
xor,40,b,global_sentinel_b,global,i16BE_x10,2,9,1,-1,0.41162109375
xor,41,b,global_sentinel_b,global,u16LE_x100,2,2,1,-1,0.41162109375
xor,41,b,global_sentinel_b,global,i16LE_x100,2,2,1,-1,0.41162109375
xor,42,b,global_sentinel_b,global,u16LE_x100,2,1,1,25166,0.41162109375
xor,42,b,global_sentinel_b,global,i16LE_x100,2,1,1,25166,0.41162109375
xor,43,b,global_sentinel_b,global,u16BE_x1,2,8,1,-1,0.41162109375
xor,43,b,global_sentinel_b,global,i16BE_x1,2,8,1,-1,0.41162109375
xor,44,b,global_sentinel_b,global,u16LE_x1,2,1,1,18907,0.41162109375
xor,44,b,global_sentinel_b,global,i16LE_x1,2,1,1,18907,0.41162109375
xor,44,b,global_sentinel_b,global,u16BE_x1,2,1,1,4571,0.41162109375
xor,44,b,global_sentinel_b,global,i16BE_x1,2,1,1,4571,0.41162109375
xor,45,b,global_sentinel_b,global,u16BE_x1,2,8,1,-1,0.41162109375
xor,45,b,global_sentinel_b,global,i16BE_x1,2,8,1,-1,0.41162109375
xor,46,b,global_sentinel_b,global,u16LE_x1,2,8,1,-1,0.41162109375
xor,46,b,global_sentinel_b,global,i16LE_x1,2,8,1,-1,0.41162109375
xor,47,b,global_sentinel_b,global,u16LE_x1,2,1,1,4571,0.41162109375
xor,47,b,global_sentinel_b,global,i16LE_x1,2,1,1,4571,0.41162109375
xor,47,b,global_sentinel_b,global,u16BE_x1,2,1,1,18907,0.41162109375
xor,47,b,global_sentinel_b,global,i16BE_x1,2,1,1,18907,0.41162109375
xor,47,b,global_sentinel_b,global,u16BE_x10,2,3,1,-1,0.41162109375
xor,47,b,global_sentinel_b,global,i16BE_x10,2,3,1,-1,0.41162109375
xor,47,b,global_sentinel_b,global,u16BE_x100,2,1,1,16615,0.41162109375
xor,47,b,global_sentinel_b,global,i16BE_x100,2,1,1,16615,0.41162109375
xor,48,b,global_sentinel_b,global,u16LE_x1,2,5,1,-1,0.41162109375
xor,48,b,global_sentinel_b,global,i16LE_x1,2,5,1,-1,0.41162109375
xor,48,b,global_sentinel_b,global,u16BE_x100,2,2,1,-1,0.41162109375
xor,48,b,global_sentinel_b,global,i16BE_x100,2,2,1,-1,0.41162109375
xor,49,b,global_sentinel_b,global,u16BE_x1,2,1,1,17010,0.41162109375
xor,49,b,global_sentinel_b,global,i16BE_x1,2,1,1,17010,0.41162109375
xor,50,b,global_sentinel_b,global,u16LE_x1,2,1,1,17010,0.41162109375
xor,50,b,global_sentinel_b,global,i16LE_x1,2,1,1,17010,0.41162109375
xor,51,b,global_sentinel_b,global,u16BE_x1,2,5,1,-1,0.41162109375
xor,51,b,global_sentinel_b,global,i16BE_x1,2,5,1,-1,0.41162109375
xor,51,b,global_sentinel_b,global,u16LE_x10,2,3,1,-1,0.41162109375
xor,51,b,global_sentinel_b,global,i16LE_x10,2,3,1,-1,0.41162109375
xor,51,b,global_sentinel_b,global,u16BE_x100,2,1,1,25166,0.41162109375
xor,51,b,global_sentinel_b,global,i16BE_x100,2,1,1,25166,0.41162109375
xor,52,b,global_sentinel_b,global,u16LE_x1,2,18,1,-1,0.41162109375
xor,52,b,global_sentinel_b,global,i16LE_x1,2,18,1,-1,0.41162109375
xor,52,b,global_sentinel_b,global,u16LE_x10,2,9,1,-1,0.41162109375
xor,52,b,global_sentinel_b,global,i16LE_x10,2,9,1,-1,0.41162109375
xor,53,b,global_sentinel_b,global,u16BE_x1,2,5,1,-1,0.41162109375
xor,53,b,global_sentinel_b,global,i16BE_x1,2,5,1,-1,0.41162109375
xor,54,b,global_sentinel_b,global,u16LE_x1,2,5,1,-1,0.41162109375
xor,54,b,global_sentinel_b,global,i16LE_x1,2,5,1,-1,0.41162109375
xor,54,b,global_sentinel_b,global,u16LE_x100,2,1,1,16615,0.41162109375
xor,54,b,global_sentinel_b,global,i16LE_x100,2,1,1,16615,0.41162109375
xor,55,b,global_sentinel_b,global,u16BE_x1,2,18,1,-1,0.41162109375
xor,55,b,global_sentinel_b,global,i16BE_x1,2,18,1,-1,0.41162109375
xor,56,b,global_sentinel_b,global,u16BE_x10,2,8,1,-1,0.41162109375
xor,56,b,global_sentinel_b,global,i16BE_x10,2,8,1,-1,0.41162109375
xor,57,b,global_sentinel_b,global,u16LE_x100,2,1,1,2489,0.41162109375
xor,57,b,global_sentinel_b,global,i16LE_x100,2,1,1,2489,0.41162109375
xor,57,b,global_sentinel_b,global,u16BE_x100,2,1,1,18490,0.41162109375
xor,57,b,global_sentinel_b,global,i16BE_x100,2,1,1,18490,0.41162109375
xor,59,b,global_sentinel_b,global,u16LE_x10,2,1,1,4563,0.41162109375
xor,59,b,global_sentinel_b,global,i16LE_x10,2,1,1,4563,0.41162109375
xor,59,b,global_sentinel_b,global,u16BE_x100,2,1,1,16836,0.41162109375
xor,59,b,global_sentinel_b,global,i16BE_x100,2,1,1,16836,0.41162109375
xor,60,b,global_sentinel_b,global,u16LE_x1,2,5,1,-1,0.41162109375
xor,60,b,global_sentinel_b,global,i16LE_x1,2,5,1,-1,0.41162109375
xor,61,b,global_sentinel_b,global,u16BE_x1,2,2,1,-1,0.41162109375
xor,61,b,global_sentinel_b,global,i16BE_x1,2,2,1,-1,0.41162109375
xor,61,b,global_sentinel_b,global,u16BE_x10,2,1,1,5858,0.41162109375
xor,61,b,global_sentinel_b,global,i16BE_x10,2,1,1,5858,0.41162109375
xor,62,b,global_sentinel_b,global,u16LE_x1,2,2,1,-1,0.41162109375
xor,62,b,global_sentinel_b,global,i16LE_x1,2,2,1,-1,0.41162109375
xor,63,b,global_sentinel_b,global,u16BE_x1,2,5,1,-1,0.41162109375
xor,63,b,global_sentinel_b,global,i16BE_x1,2,5,1,-1,0.41162109375
xor,63,b,global_sentinel_b,global,u16BE_x100,2,1,1,17092,0.41162109375
xor,63,b,global_sentinel_b,global,i16BE_x100,2,1,1,17092,0.41162109375
xor,64,b,global_sentinel_b,global,u16LE_x1,2,8,1,-1,0.41162109375
xor,64,b,global_sentinel_b,global,i16LE_x1,2,8,1,-1,0.41162109375
xor,65,b,global_sentinel_b,global,u16BE_x1,2,8,1,-1,0.41162109375
xor,65,b,global_sentinel_b,global,i16BE_x1,2,8,1,-1,0.41162109375
xor,66,b,global_sentinel_b,global,u16LE_x1,2,8,1,-1,0.41162109375
xor,66,b,global_sentinel_b,global,i16LE_x1,2,8,1,-1,0.41162109375
xor,67,b,global_sentinel_b,global,u16BE_x1,2,8,1,-1,0.41162109375
xor,67,b,global_sentinel_b,global,i16BE_x1,2,8,1,-1,0.41162109375
xor,67,b,global_sentinel_b,global,u16LE_x100,2,8,1,-1,0.41162109375
xor,67,b,global_sentinel_b,global,i16LE_x100,2,8,1,-1,0.41162109375
xor,67,b,global_sentinel_b,global,u16BE_x100,2,8,1,-1,0.41162109375
xor,67,b,global_sentinel_b,global,i16BE_x100,2,8,1,-1,0.41162109375
xor,68,b,global_sentinel_b,global,u16LE_x1,2,8,1,-1,0.41162109375
xor,68,b,global_sentinel_b,global,i16LE_x1,2,8,1,-1,0.41162109375
xor,68,b,global_sentinel_b,global,u16BE_x1,2,1,1,20819,0.41162109375
xor,68,b,global_sentinel_b,global,i16BE_x1,2,1,1,20819,0.41162109375
xor,68,b,global_sentinel_b,global,u16LE_x10,2,1,1,25111,0.41162109375
xor,68,b,global_sentinel_b,global,i16LE_x10,2,1,1,25111,0.41162109375
xor,69,b,global_sentinel_b,global,u16BE_x1,2,5,1,-1,0.41162109375
xor,69,b,global_sentinel_b,global,i16BE_x1,2,5,1,-1,0.41162109375
xor,70,b,global_sentinel_b,global,u16LE_x1,2,5,1,-1,0.41162109375
xor,70,b,global_sentinel_b,global,i16LE_x1,2,5,1,-1,0.41162109375
xor,70,b,global_sentinel_b,global,u16LE_x100,2,1,1,17087,0.41162109375
xor,70,b,global_sentinel_b,global,i16LE_x100,2,1,1,17087,0.41162109375
xor,71,b,global_sentinel_b,global,u16LE_x1,2,1,1,20819,0.41162109375
xor,71,b,global_sentinel_b,global,i16LE_x1,2,1,1,20819,0.41162109375
xor,71,b,global_sentinel_b,global,u16BE_x1,2,8,1,-1,0.41162109375
xor,71,b,global_sentinel_b,global,i16BE_x1,2,8,1,-1,0.41162109375
xor,72,b,global_sentinel_b,global,u16LE_x10,2,1,1,22374,0.41162109375
xor,72,b,global_sentinel_b,global,i16LE_x10,2,1,1,22374,0.41162109375
xor,73,b,global_sentinel_b,global,u16LE_x1,2,5,1,-1,0.41162109375
xor,73,b,global_sentinel_b,global,i16LE_x1,2,5,1,-1,0.41162109375
xor,73,b,global_sentinel_b,global,u16BE_x1,2,8,1,-1,0.41162109375
xor,73,b,global_sentinel_b,global,i16BE_x1,2,8,1,-1,0.41162109375
xor,74,b,global_sentinel_b,global,u16LE_x1,2,8,1,-1,0.41162109375
xor,74,b,global_sentinel_b,global,i16LE_x1,2,8,1,-1,0.41162109375
xor,74,b,global_sentinel_b,global,u16BE_x1,2,5,1,-1,0.41162109375
xor,74,b,global_sentinel_b,global,i16BE_x1,2,5,1,-1,0.41162109375
xor,74,b,global_sentinel_b,global,u16LE_x10,2,7,1,-1,0.41162109375
xor,74,b,global_sentinel_b,global,i16LE_x10,2,7,1,-1,0.41162109375
xor,74,b,global_sentinel_b,global,u16BE_x10,2,2,1,-1,0.41162109375
xor,74,b,global_sentinel_b,global,i16BE_x10,2,2,1,-1,0.41162109375
xor,76,b,global_sentinel_b,global,u16LE_x1,2,8,1,-1,0.41162109375
xor,76,b,global_sentinel_b,global,i16LE_x1,2,8,1,-1,0.41162109375
xor,76,b,global_sentinel_b,global,u16BE_x100,2,1,1,5174,0.41162109375
xor,76,b,global_sentinel_b,global,i16BE_x100,2,1,1,5174,0.41162109375
xor,77,b,global_sentinel_b,global,u16LE_x10,2,1,1,18759,0.41162109375
xor,77,b,global_sentinel_b,global,i16LE_x10,2,1,1,18759,0.41162109375
xor,79,b,global_sentinel_b,global,u16BE_x1,2,8,1,-1,0.41162109375
xor,79,b,global_sentinel_b,global,i16BE_x1,2,8,1,-1,0.41162109375
xor,81,b,global_sentinel_b,global,u16BE_x1,2,1,1,17736,0.41162109375
xor,81,b,global_sentinel_b,global,i16BE_x1,2,1,1,17736,0.41162109375
xor,81,b,global_sentinel_b,global,u16BE_x10,2,1,1,18759,0.41162109375
xor,81,b,global_sentinel_b,global,i16BE_x10,2,1,1,18759,0.41162109375
xor,82,b,global_sentinel_b,global,u16LE_x1,2,1,1,17736,0.41162109375
xor,82,b,global_sentinel_b,global,i16LE_x1,2,1,1,17736,0.41162109375
xor,84,b,global_sentinel_b,global,u16LE_x1,2,32,1,-1,0.41162109375
xor,84,b,global_sentinel_b,global,i16LE_x1,2,32,1,-1,0.41162109375
xor,84,b,global_sentinel_b,global,u16BE_x10,2,1,1,22374,0.41162109375
xor,84,b,global_sentinel_b,global,i16BE_x10,2,1,1,22374,0.41162109375
xor,85,b,global_sentinel_b,global,u16BE_x1,2,17,1,-1,0.41162109375
xor,85,b,global_sentinel_b,global,i16BE_x1,2,17,1,-1,0.41162109375
xor,85,b,global_sentinel_b,global,u16LE_x100,2,1,1,5174,0.41162109375
xor,85,b,global_sentinel_b,global,i16LE_x100,2,1,1,5174,0.41162109375
xor,86,b,global_sentinel_b,global,u16LE_x1,2,17,1,-1,0.41162109375
xor,86,b,global_sentinel_b,global,i16LE_x1,2,17,1,-1,0.41162109375
xor,86,b,global_sentinel_b,global,u32LE_x1,4,8,1,-1,6.280373781919479e-06
xor,86,b,global_sentinel_b,global,i32LE_x1,4,8,1,-1,6.280373781919479e-06
xor,86,b,global_sentinel_b,global,u16LE_x10,2,2,1,-1,0.41162109375
xor,86,b,global_sentinel_b,global,i16LE_x10,2,2,1,-1,0.41162109375
xor,86,b,global_sentinel_b,global,u16BE_x10,2,7,1,-1,0.41162109375
xor,86,b,global_sentinel_b,global,i16BE_x10,2,7,1,-1,0.41162109375
xor,87,b,global_sentinel_b,global,u16BE_x1,2,32,1,-1,0.41162109375
xor,87,b,global_sentinel_b,global,i16BE_x1,2,32,1,-1,0.41162109375
xor,88,b,global_sentinel_b,global,u16LE_x1,2,10,1,-1,0.41162109375
xor,88,b,global_sentinel_b,global,i16LE_x1,2,10,1,-1,0.41162109375
xor,88,b,global_sentinel_b,global,u16BE_x10,2,1,1,25111,0.41162109375
xor,88,b,global_sentinel_b,global,i16BE_x10,2,1,1,25111,0.41162109375
xor,89,b,global_sentinel_b,global,u16LE_x1,2,10,1,-1,0.41162109375
xor,89,b,global_sentinel_b,global,i16LE_x1,2,10,1,-1,0.41162109375
xor,89,b,global_sentinel_b,global,u16BE_x1,2,23,1,-1,0.41162109375
xor,89,b,global_sentinel_b,global,i16BE_x1,2,23,1,-1,0.41162109375
xor,90,b,global_sentinel_b,global,u16LE_x1,2,23,1,-1,0.41162109375
xor,90,b,global_sentinel_b,global,i16LE_x1,2,23,1,-1,0.41162109375
xor,90,b,global_sentinel_b,global,u16BE_x1,2,10,1,-1,0.41162109375
xor,90,b,global_sentinel_b,global,i16BE_x1,2,10,1,-1,0.41162109375
xor,90,b,global_sentinel_b,global,u32LE_x1,4,8,1,-1,6.280373781919479e-06
xor,90,b,global_sentinel_b,global,i32LE_x1,4,8,1,-1,6.280373781919479e-06
xor,90,b,global_sentinel_b,global,u16LE_x100,2,8,1,-1,0.41162109375
xor,90,b,global_sentinel_b,global,i16LE_x100,2,8,1,-1,0.41162109375
xor,90,b,global_sentinel_b,global,u16BE_x100,2,8,1,-1,0.41162109375
xor,90,b,global_sentinel_b,global,i16BE_x100,2,8,1,-1,0.41162109375
xor,91,b,global_sentinel_b,global,u16BE_x1,2,10,1,-1,0.41162109375
xor,91,b,global_sentinel_b,global,i16BE_x1,2,10,1,-1,0.41162109375
xor,93,b,global_sentinel_b,global,u16BE_x1,2,36,1,-1,0.41162109375
xor,93,b,global_sentinel_b,global,i16BE_x1,2,36,1,-1,0.41162109375
xor,94,b,global_sentinel_b,global,u16LE_x1,2,36,1,-1,0.41162109375
xor,94,b,global_sentinel_b,global,i16LE_x1,2,36,1,-1,0.41162109375
xor,95,b,global_sentinel_b,global,u16BE_x100,2,1,1,17087,0.41162109375
xor,95,b,global_sentinel_b,global,i16BE_x100,2,1,1,17087,0.41162109375
xor,96,b,global_sentinel_b,global,u16LE_x1,2,17,1,-1,0.41162109375
xor,96,b,global_sentinel_b,global,i16LE_x1,2,17,1,-1,0.41162109375
xor,96,b,global_sentinel_b,global,u16BE_x1,2,1,1,14182,0.41162109375
xor,96,b,global_sentinel_b,global,i16BE_x1,2,1,1,14182,0.41162109375
xor,96,b,global_sentinel_b,global,u16LE_x100,2,1,1,4608,0.41162109375
xor,96,b,global_sentinel_b,global,i16LE_x100,2,1,1,4608,0.41162109375
xor,97,b,global_sentinel_b,global,u16BE_x1,2,21,1,-1,0.41162109375
xor,97,b,global_sentinel_b,global,i16BE_x1,2,21,1,-1,0.41162109375
xor,98,b,global_sentinel_b,global,u16LE_x1,2,21,1,-1,0.41162109375
xor,98,b,global_sentinel_b,global,i16LE_x1,2,21,1,-1,0.41162109375
xor,99,b,global_sentinel_b,global,u16LE_x1,2,1,1,14182,0.41162109375
xor,99,b,global_sentinel_b,global,i16LE_x1,2,1,1,14182,0.41162109375
xor,99,b,global_sentinel_b,global,u16BE_x1,2,17,1,-1,0.41162109375
xor,99,b,global_sentinel_b,global,i16BE_x1,2,17,1,-1,0.41162109375
xor,100,b,global_sentinel_b,global,u16LE_x1,2,8,1,-1,0.41162109375
xor,100,b,global_sentinel_b,global,i16LE_x1,2,8,1,-1,0.41162109375
xor,103,b,global_sentinel_b,global,u16BE_x1,2,8,1,-1,0.41162109375
xor,103,b,global_sentinel_b,global,i16BE_x1,2,8,1,-1,0.41162109375
xor,105,b,global_sentinel_b,global,u16BE_x1,2,16,1,-1,0.41162109375
xor,105,b,global_sentinel_b,global,i16BE_x1,2,16,1,-1,0.41162109375
xor,106,b,global_sentinel_b,global,u16LE_x1,2,16,1,-1,0.41162109375
xor,106,b,global_sentinel_b,global,i16LE_x1,2,16,1,-1,0.41162109375
xor,109,b,global_sentinel_b,global,u16BE_x1,2,13,1,-1,0.41162109375
xor,109,b,global_sentinel_b,global,i16BE_x1,2,13,1,-1,0.41162109375
xor,110,b,global_sentinel_b,global,u16LE_x1,2,13,1,-1,0.41162109375
xor,110,b,global_sentinel_b,global,i16LE_x1,2,13,1,-1,0.41162109375
xor,111,b,global_sentinel_b,global,u16BE_x100,2,2,1,-1,0.41162109375
xor,111,b,global_sentinel_b,global,i16BE_x100,2,2,1,-1,0.41162109375
xor,118,b,global_sentinel_b,global,u16LE_x100,2,2,1,-1,0.41162109375
xor,118,b,global_sentinel_b,global,i16LE_x100,2,2,1,-1,0.41162109375
xor,121,b,global_sentinel_b,global,u16BE_x100,2,1,1,4608,0.41162109375
xor,121,b,global_sentinel_b,global,i16BE_x100,2,1,1,4608,0.41162109375
xor,125,b,global_sentinel_b,global,u16LE_x1,2,1,1,6003,0.41162109375
xor,125,b,global_sentinel_b,global,i16LE_x1,2,1,1,6003,0.41162109375
xor,126,b,global_sentinel_b,global,u16BE_x1,2,1,1,6003,0.41162109375
xor,126,b,global_sentinel_b,global,i16BE_x1,2,1,1,6003,0.41162109375
xor,128,b,global_sentinel_b,global,u16BE_x1,2,7,1,-1,0.41162109375
xor,128,b,global_sentinel_b,global,i16BE_x1,2,7,1,-1,0.41162109375
xor,131,b,global_sentinel_b,global,u16LE_x1,2,7,1,-1,0.41162109375
xor,131,b,global_sentinel_b,global,i16LE_x1,2,7,1,-1,0.41162109375
xor,136,b,global_sentinel_b,global,u16BE_x1,2,1,1,25071,0.41162109375
xor,136,b,global_sentinel_b,global,i16BE_x1,2,1,1,25071,0.41162109375
xor,136,b,global_sentinel_b,global,u16LE_x100,2,1,1,20812,0.41162109375
xor,136,b,global_sentinel_b,global,i16LE_x100,2,1,1,20812,0.41162109375
xor,139,b,global_sentinel_b,global,u16LE_x1,2,1,1,25071,0.41162109375
xor,139,b,global_sentinel_b,global,i16LE_x1,2,1,1,25071,0.41162109375
xor,140,b,global_sentinel_b,global,u16LE_x10,2,1,1,25022,0.41162109375
xor,140,b,global_sentinel_b,global,i16LE_x10,2,1,1,25022,0.41162109375
xor,142,b,global_sentinel_b,global,u16BE_x100,2,1,1,5010,0.41162109375
xor,142,b,global_sentinel_b,global,i16BE_x100,2,1,1,5010,0.41162109375
xor,144,b,global_sentinel_b,global,u16BE_x10,2,1,1,25022,0.41162109375
xor,144,b,global_sentinel_b,global,i16BE_x10,2,1,1,25022,0.41162109375
xor,145,b,global_sentinel_b,global,u16BE_x100,2,1,1,20812,0.41162109375
xor,145,b,global_sentinel_b,global,i16BE_x100,2,1,1,20812,0.41162109375
xor,149,b,global_sentinel_b,global,u16LE_x1,2,1,1,17173,0.41162109375
xor,149,b,global_sentinel_b,global,i16LE_x1,2,1,1,17173,0.41162109375
xor,150,b,global_sentinel_b,global,u16BE_x1,2,1,1,17173,0.41162109375
xor,150,b,global_sentinel_b,global,i16BE_x1,2,1,1,17173,0.41162109375
xor,151,b,global_sentinel_b,global,u16LE_x100,2,1,1,5010,0.41162109375
xor,151,b,global_sentinel_b,global,i16LE_x100,2,1,1,5010,0.41162109375
xor,153,b,global_sentinel_b,global,u16BE_x1,2,1,1,2522,0.41162109375
xor,153,b,global_sentinel_b,global,i16BE_x1,2,1,1,2522,0.41162109375
xor,154,b,global_sentinel_b,global,u16LE_x1,2,1,1,2522,0.41162109375
xor,154,b,global_sentinel_b,global,i16LE_x1,2,1,1,2522,0.41162109375
xor,160,b,global_sentinel_b,global,u16LE_x100,2,5,1,-1,0.41162109375
xor,160,b,global_sentinel_b,global,i16LE_x100,2,5,1,-1,0.41162109375
xor,164,b,global_sentinel_b,global,u16BE_x10,2,1,1,4976,0.41162109375
xor,164,b,global_sentinel_b,global,i16BE_x10,2,1,1,4976,0.41162109375
xor,168,b,global_sentinel_b,global,u16BE_x10,2,1,1,15025,0.41162109375
xor,168,b,global_sentinel_b,global,i16BE_x10,2,1,1,15025,0.41162109375
xor,169,b,global_sentinel_b,global,u16LE_x1,2,1,1,17659,0.41162109375
xor,169,b,global_sentinel_b,global,i16LE_x1,2,1,1,17659,0.41162109375
xor,170,b,global_sentinel_b,global,u16BE_x1,2,1,1,17659,0.41162109375
xor,170,b,global_sentinel_b,global,i16BE_x1,2,1,1,17659,0.41162109375
xor,170,b,global_sentinel_b,global,u16BE_x100,2,1,1,20772,0.41162109375
xor,170,b,global_sentinel_b,global,i16BE_x100,2,1,1,20772,0.41162109375
xor,172,b,global_sentinel_b,global,u16BE_x1,2,1,1,18383,0.41162109375
xor,172,b,global_sentinel_b,global,i16BE_x1,2,1,1,18383,0.41162109375
xor,172,b,global_sentinel_b,global,u16LE_x10,2,1,1,17792,0.41162109375
xor,172,b,global_sentinel_b,global,i16LE_x10,2,1,1,17792,0.41162109375
xor,173,b,global_sentinel_b,global,u16LE_x100,2,1,1,5929,0.41162109375
xor,173,b,global_sentinel_b,global,i16LE_x100,2,1,1,5929,0.41162109375
xor,174,b,global_sentinel_b,global,u16LE_x10,2,5,1,-1,0.41162109375
xor,174,b,global_sentinel_b,global,i16LE_x10,2,5,1,-1,0.41162109375
xor,175,b,global_sentinel_b,global,u16LE_x1,2,1,1,18383,0.41162109375
xor,175,b,global_sentinel_b,global,i16LE_x1,2,1,1,18383,0.41162109375
xor,176,b,global_sentinel_b,global,u16BE_x10,2,1,1,17792,0.41162109375
xor,176,b,global_sentinel_b,global,i16BE_x10,2,1,1,17792,0.41162109375
xor,178,b,global_sentinel_b,global,u16BE_x10,2,5,1,-1,0.41162109375
xor,178,b,global_sentinel_b,global,i16BE_x10,2,5,1,-1,0.41162109375
xor,179,b,global_sentinel_b,global,u16LE_x100,2,1,1,20772,0.41162109375
xor,179,b,global_sentinel_b,global,i16LE_x100,2,1,1,20772,0.41162109375
xor,180,b,global_sentinel_b,global,u16LE_x10,2,1,1,15025,0.41162109375
xor,180,b,global_sentinel_b,global,i16LE_x10,2,1,1,15025,0.41162109375
xor,180,b,global_sentinel_b,global,u16BE_x100,2,1,1,5929,0.41162109375
xor,180,b,global_sentinel_b,global,i16BE_x100,2,1,1,5929,0.41162109375
xor,181,b,global_sentinel_b,global,u16BE_x1,2,1,1,20600,0.41162109375
xor,181,b,global_sentinel_b,global,i16BE_x1,2,1,1,20600,0.41162109375
xor,182,b,global_sentinel_b,global,u16LE_x1,2,1,1,20600,0.41162109375
xor,182,b,global_sentinel_b,global,i16LE_x1,2,1,1,20600,0.41162109375
xor,184,b,global_sentinel_b,global,u16LE_x10,2,1,1,4976,0.41162109375
xor,184,b,global_sentinel_b,global,i16LE_x10,2,1,1,4976,0.41162109375
xor,185,b,global_sentinel_b,global,u16BE_x100,2,5,1,-1,0.41162109375
xor,185,b,global_sentinel_b,global,i16BE_x100,2,5,1,-1,0.41162109375
xor,193,b,global_sentinel_b,global,u16BE_x1,2,1,1,5350,0.41162109375
xor,193,b,global_sentinel_b,global,i16BE_x1,2,1,1,5350,0.41162109375
xor,193,b,global_sentinel_b,global,u16LE_x100,2,16,1,-1,0.41162109375
xor,193,b,global_sentinel_b,global,i16LE_x100,2,16,1,-1,0.41162109375
xor,194,b,global_sentinel_b,global,u16LE_x1,2,1,1,5350,0.41162109375
xor,194,b,global_sentinel_b,global,i16LE_x1,2,1,1,5350,0.41162109375
xor,196,b,global_sentinel_b,global,u16LE_x1,2,1,1,16448,0.41162109375
xor,196,b,global_sentinel_b,global,i16LE_x1,2,1,1,16448,0.41162109375
xor,196,b,global_sentinel_b,global,u16BE_x1,2,1,1,16447,0.41162109375
xor,196,b,global_sentinel_b,global,i16BE_x1,2,1,1,16447,0.41162109375
xor,197,b,global_sentinel_b,global,u16BE_x100,2,1,1,18250,0.41162109375
xor,197,b,global_sentinel_b,global,i16BE_x100,2,1,1,18250,0.41162109375
xor,199,b,global_sentinel_b,global,u16LE_x1,2,1,1,16447,0.41162109375
xor,199,b,global_sentinel_b,global,i16LE_x1,2,1,1,16447,0.41162109375
xor,199,b,global_sentinel_b,global,u16BE_x1,2,1,1,16448,0.41162109375
xor,199,b,global_sentinel_b,global,i16BE_x1,2,1,1,16448,0.41162109375
xor,200,b,global_sentinel_b,global,u16BE_x10,2,8,1,-1,0.41162109375
xor,200,b,global_sentinel_b,global,i16BE_x10,2,8,1,-1,0.41162109375
xor,200,b,global_sentinel_b,global,u16BE_x100,2,8,1,-1,0.41162109375
xor,200,b,global_sentinel_b,global,i16BE_x100,2,8,1,-1,0.41162109375
xor,203,b,global_sentinel_b,global,u16BE_x10,2,1,1,5580,0.41162109375
xor,203,b,global_sentinel_b,global,i16BE_x10,2,1,1,5580,0.41162109375
xor,205,b,global_sentinel_b,global,u16LE_x1,2,1,1,24781,0.41162109375
xor,205,b,global_sentinel_b,global,i16LE_x1,2,1,1,24781,0.41162109375
xor,206,b,global_sentinel_b,global,u16BE_x1,2,1,1,24781,0.41162109375
xor,206,b,global_sentinel_b,global,i16BE_x1,2,1,1,24781,0.41162109375
xor,209,b,global_sentinel_b,global,u16LE_x100,2,8,1,-1,0.41162109375
xor,209,b,global_sentinel_b,global,i16LE_x100,2,8,1,-1,0.41162109375
xor,212,b,global_sentinel_b,global,u16LE_x10,2,8,1,-1,0.41162109375
xor,212,b,global_sentinel_b,global,i16LE_x10,2,8,1,-1,0.41162109375
xor,215,b,global_sentinel_b,global,u16LE_x10,2,1,1,5580,0.41162109375
xor,215,b,global_sentinel_b,global,i16LE_x10,2,1,1,5580,0.41162109375
xor,216,b,global_sentinel_b,global,u16BE_x1,2,10,1,-1,0.41162109375
xor,216,b,global_sentinel_b,global,i16BE_x1,2,10,1,-1,0.41162109375
xor,216,b,global_sentinel_b,global,u16BE_x100,2,16,1,-1,0.41162109375
xor,216,b,global_sentinel_b,global,i16BE_x100,2,16,1,-1,0.41162109375
xor,217,b,global_sentinel_b,global,u16LE_x1,2,1,1,2110,0.41162109375
xor,217,b,global_sentinel_b,global,i16LE_x1,2,1,1,2110,0.41162109375
xor,218,b,global_sentinel_b,global,u16BE_x1,2,1,1,2110,0.41162109375
xor,218,b,global_sentinel_b,global,i16BE_x1,2,1,1,2110,0.41162109375
xor,219,b,global_sentinel_b,global,u16LE_x1,2,10,1,-1,0.41162109375
xor,219,b,global_sentinel_b,global,i16LE_x1,2,10,1,-1,0.41162109375
xor,220,b,global_sentinel_b,global,u16BE_x1,2,1,1,18509,0.41162109375
xor,220,b,global_sentinel_b,global,i16BE_x1,2,1,1,18509,0.41162109375
xor,220,b,global_sentinel_b,global,u16LE_x100,2,1,1,18250,0.41162109375
xor,220,b,global_sentinel_b,global,i16LE_x100,2,1,1,18250,0.41162109375
xor,221,b,global_sentinel_b,global,u16BE_x1,2,1,1,17801,0.41162109375
xor,221,b,global_sentinel_b,global,i16BE_x1,2,1,1,17801,0.41162109375
xor,222,b,global_sentinel_b,global,u16LE_x1,2,1,1,17801,0.41162109375
xor,222,b,global_sentinel_b,global,i16LE_x1,2,1,1,17801,0.41162109375
xor,223,b,global_sentinel_b,global,u16LE_x1,2,1,1,18509,0.41162109375
xor,223,b,global_sentinel_b,global,i16LE_x1,2,1,1,18509,0.41162109375
xor,224,b,global_sentinel_b,global,u16BE_x100,2,1,1,5414,0.41162109375
xor,224,b,global_sentinel_b,global,i16BE_x100,2,1,1,5414,0.41162109375
xor,226,b,global_sentinel_b,global,u16LE_x10,2,7,1,-1,0.41162109375
xor,226,b,global_sentinel_b,global,i16LE_x10,2,7,1,-1,0.41162109375
xor,226,b,global_sentinel_b,global,u16BE_x10,2,9,1,-1,0.41162109375
xor,226,b,global_sentinel_b,global,i16BE_x10,2,9,1,-1,0.41162109375
xor,229,b,global_sentinel_b,global,u16LE_x1,2,1,1,5325,0.41162109375
xor,229,b,global_sentinel_b,global,i16LE_x1,2,1,1,5325,0.41162109375
xor,229,b,global_sentinel_b,global,u16LE_x10,2,1,1,5694,0.41162109375
xor,229,b,global_sentinel_b,global,i16LE_x10,2,1,1,5694,0.41162109375
xor,230,b,global_sentinel_b,global,u16BE_x1,2,1,1,5325,0.41162109375
xor,230,b,global_sentinel_b,global,i16BE_x1,2,1,1,5325,0.41162109375
xor,235,b,global_sentinel_b,global,u16LE_x10,2,1,1,25404,0.41162109375
xor,235,b,global_sentinel_b,global,i16LE_x10,2,1,1,25404,0.41162109375
xor,237,b,global_sentinel_b,global,u16LE_x1,2,1,1,22726,0.41162109375
xor,237,b,global_sentinel_b,global,i16LE_x1,2,1,1,22726,0.41162109375
xor,238,b,global_sentinel_b,global,u16BE_x1,2,1,1,22726,0.41162109375
xor,238,b,global_sentinel_b,global,i16BE_x1,2,1,1,22726,0.41162109375
xor,240,b,global_sentinel_b,global,u16LE_x1,2,1,1,18154,0.41162109375
xor,240,b,global_sentinel_b,global,i16LE_x1,2,1,1,18154,0.41162109375
xor,241,b,global_sentinel_b,global,u16LE_x1,2,1,1,22329,0.41162109375
xor,241,b,global_sentinel_b,global,i16LE_x1,2,1,1,22329,0.41162109375
xor,242,b,global_sentinel_b,global,u16BE_x1,2,1,1,22329,0.41162109375
xor,242,b,global_sentinel_b,global,i16BE_x1,2,1,1,22329,0.41162109375
xor,243,b,global_sentinel_b,global,u16BE_x1,2,1,1,18154,0.41162109375
xor,243,b,global_sentinel_b,global,i16BE_x1,2,1,1,18154,0.41162109375
xor,247,b,global_sentinel_b,global,u16BE_x10,2,1,1,25404,0.41162109375
xor,247,b,global_sentinel_b,global,i16BE_x10,2,1,1,25404,0.41162109375
xor,248,b,global_sentinel_b,global,u16LE_x1,2,5,1,-1,0.41162109375
xor,248,b,global_sentinel_b,global,i16LE_x1,2,5,1,-1,0.41162109375
xor,249,b,global_sentinel_b,global,u16BE_x10,2,1,1,5694,0.41162109375
xor,249,b,global_sentinel_b,global,i16BE_x10,2,1,1,5694,0.41162109375
xor,249,b,global_sentinel_b,global,u16LE_x100,2,1,1,5414,0.41162109375
xor,249,b,global_sentinel_b,global,i16LE_x100,2,1,1,5414,0.41162109375
xor,251,b,global_sentinel_b,global,u16BE_x1,2,5,1,-1,0.41162109375
xor,251,b,global_sentinel_b,global,i16BE_x1,2,5,1,-1,0.41162109375
xor,254,b,global_sentinel_b,global,u16LE_x10,2,9,1,-1,0.41162109375
xor,254,b,global_sentinel_b,global,i16LE_x10,2,9,1,-1,0.41162109375
xor,254,b,global_sentinel_b,global,u16BE_x10,2,7,1,-1,0.41162109375
xor,254,b,global_sentinel_b,global,i16BE_x10,2,7,1,-1,0.41162109375
nibble_swap,,b,global_sentinel_b,global,u16LE_x1,2,1,1,2194,0.41162109375
nibble_swap,,b,global_sentinel_b,global,i16LE_x1,2,1,1,2194,0.41162109375
bit_reverse,,b,global_sentinel_b,global,u16LE_x1,2,38,1,-1,0.41162109375
bit_reverse,,b,global_sentinel_b,global,i16LE_x1,2,38,1,-1,0.41162109375
bit_reverse,,b,global_sentinel_b,global,u16LE_x10,2,2,1,-1,0.41162109375
bit_reverse,,b,global_sentinel_b,global,i16LE_x10,2,2,1,-1,0.41162109375
bit_reverse,,b,global_sentinel_b,global,u16LE_x100,2,1,1,18241,0.41162109375
bit_reverse,,b,global_sentinel_b,global,i16LE_x100,2,1,1,18241,0.41162109375
raw,,b,global_week9,global,u16LE_x1,2,7,1,-1,0.41162109375
raw,,b,global_week9,global,i16LE_x1,2,7,1,-1,0.41162109375
raw,,b,global_week9,global,u16BE_x1,2,23,1,-1,0.41162109375
raw,,b,global_week9,global,i16BE_x1,2,23,1,-1,0.41162109375
raw,,b,global_week9,global,u32BE_x1,4,7,1,-1,6.280373781919479e-06
raw,,b,global_week9,global,i32BE_x1,4,7,1,-1,6.280373781919479e-06
raw,,b,global_week9,global,u16LE_x100,2,8,1,-1,0.41162109375
raw,,b,global_week9,global,i16LE_x100,2,8,1,-1,0.41162109375
raw,,b,global_week9,global,fx16.16_LE_s32,4,1,1,8030,6.280373781919479e-06
raw,,b,global_week9,global,fx16.16_LE_u32,4,1,1,8030,6.280373781919479e-06
raw,,b,global_week9,global,fx8.24_LE_s32,4,7,1,-1,6.280373781919479e-06
raw,,b,global_week9,global,fx8.24_LE_u32,4,7,1,-1,6.280373781919479e-06
raw,,b,global_week9,global,bcd_normal,1,206,1,-1,105.37890625
raw,,b,global_week9,global,bcd_swapped,1,124,1,-1,105.37890625
xor,1,b,global_week9,global,u16LE_x1,2,5,1,-1,0.41162109375
xor,1,b,global_week9,global,i16LE_x1,2,5,1,-1,0.41162109375
xor,1,b,global_week9,global,u16BE_x1,2,1,1,5590,0.41162109375
xor,1,b,global_week9,global,i16BE_x1,2,1,1,5590,0.41162109375
xor,1,b,global_week9,global,u16BE_x10,2,10,1,-1,0.41162109375
xor,1,b,global_week9,global,i16BE_x10,2,10,1,-1,0.41162109375
xor,1,b,global_week9,global,bcd_normal,1,177,1,-1,105.37890625
xor,1,b,global_week9,global,bcd_swapped,1,104,1,-1,105.37890625
xor,2,b,global_week9,global,u16LE_x10,2,1,1,17267,0.41162109375
xor,2,b,global_week9,global,i16LE_x10,2,1,1,17267,0.41162109375
xor,2,b,global_week9,global,u16BE_x10,2,1,1,17299,0.41162109375
xor,2,b,global_week9,global,i16BE_x10,2,1,1,17299,0.41162109375
xor,2,b,global_week9,global,u16BE_x100,2,15,1,-1,0.41162109375
xor,2,b,global_week9,global,i16BE_x100,2,15,1,-1,0.41162109375
xor,2,b,global_week9,global,bcd_normal,1,87,1,-1,105.37890625
xor,2,b,global_week9,global,bcd_swapped,1,138,1,-1,105.37890625
xor,3,b,global_week9,global,u16BE_x1,2,2,1,-1,0.41162109375
xor,3,b,global_week9,global,i16BE_x1,2,2,1,-1,0.41162109375
xor,3,b,global_week9,global,u16LE_x100,2,5,1,-1,0.41162109375
xor,3,b,global_week9,global,i16LE_x100,2,5,1,-1,0.41162109375
xor,3,b,global_week9,global,u16BE_x100,2,53,1,-1,0.41162109375
xor,3,b,global_week9,global,i16BE_x100,2,53,1,-1,0.41162109375
xor,3,b,global_week9,global,bcd_normal,1,250,1,-1,105.37890625
xor,3,b,global_week9,global,bcd_swapped,1,109,1,-1,105.37890625
xor,4,b,global_week9,global,u16BE_x1,2,2,1,-1,0.41162109375
xor,4,b,global_week9,global,i16BE_x1,2,2,1,-1,0.41162109375
xor,4,b,global_week9,global,bcd_normal,1,66,1,-1,105.37890625
xor,4,b,global_week9,global,bcd_swapped,1,169,1,-1,105.37890625
xor,5,b,global_week9,global,bcd_normal,1,73,1,-1,105.37890625
xor,5,b,global_week9,global,bcd_swapped,1,162,1,-1,105.37890625
xor,6,b,global_week9,global,u16LE_x1,2,5,1,-1,0.41162109375
xor,6,b,global_week9,global,i16LE_x1,2,5,1,-1,0.41162109375
xor,6,b,global_week9,global,u16BE_x100,2,8,1,-1,0.41162109375
xor,6,b,global_week9,global,i16BE_x100,2,8,1,-1,0.41162109375
xor,6,b,global_week9,global,bcd_normal,1,40,1,-1,105.37890625
xor,6,b,global_week9,global,bcd_swapped,1,135,1,-1,105.37890625
xor,7,b,global_week9,global,bcd_normal,1,78,1,-1,105.37890625
xor,7,b,global_week9,global,bcd_swapped,1,149,1,-1,105.37890625
xor,8,b,global_week9,global,u16LE_x1,2,1,1,5590,0.41162109375
xor,8,b,global_week9,global,i16LE_x1,2,1,1,5590,0.41162109375
xor,8,b,global_week9,global,u16BE_x1,2,5,1,-1,0.41162109375
xor,8,b,global_week9,global,i16BE_x1,2,5,1,-1,0.41162109375
xor,8,b,global_week9,global,u16BE_x100,2,1,1,24993,0.41162109375
xor,8,b,global_week9,global,i16BE_x100,2,1,1,24993,0.41162109375
xor,8,b,global_week9,global,bcd_normal,1,274,1,-1,105.37890625
xor,8,b,global_week9,global,bcd_swapped,1,106,1,-1,105.37890625
xor,9,b,global_week9,global,u16LE_x1,2,23,1,-1,0.41162109375
xor,9,b,global_week9,global,i16LE_x1,2,23,1,-1,0.41162109375
xor,9,b,global_week9,global,u16BE_x1,2,7,1,-1,0.41162109375
xor,9,b,global_week9,global,i16BE_x1,2,7,1,-1,0.41162109375
xor,9,b,global_week9,global,u16LE_x10,2,1,1,15037,0.41162109375
xor,9,b,global_week9,global,i16LE_x10,2,1,1,15037,0.41162109375
xor,9,b,global_week9,global,bcd_normal,1,1039,1,-1,105.37890625
xor,9,b,global_week9,global,bcd_swapped,1,158,1,-1,105.37890625
xor,10,b,global_week9,global,u16LE_x1,2,2,1,-1,0.41162109375
xor,10,b,global_week9,global,i16LE_x1,2,2,1,-1,0.41162109375
xor,10,b,global_week9,global,u16LE_x10,2,1,1,5148,0.41162109375
xor,10,b,global_week9,global,i16LE_x10,2,1,1,5148,0.41162109375
xor,10,b,global_week9,global,u16BE_x10,2,3,1,-1,0.41162109375
xor,10,b,global_week9,global,i16BE_x10,2,3,1,-1,0.41162109375
xor,10,b,global_week9,global,bcd_normal,1,53,1,-1,105.37890625
xor,10,b,global_week9,global,bcd_swapped,1,200,1,-1,105.37890625
xor,11,b,global_week9,global,bcd_normal,1,261,1,-1,105.37890625
xor,11,b,global_week9,global,bcd_swapped,1,64,1,-1,105.37890625
xor,12,b,global_week9,global,bcd_normal,1,99,1,-1,105.37890625
xor,12,b,global_week9,global,bcd_swapped,1,135,1,-1,105.37890625
xor,13,b,global_week9,global,u16LE_x1,2,2,1,-1,0.41162109375
xor,13,b,global_week9,global,i16LE_x1,2,2,1,-1,0.41162109375
xor,13,b,global_week9,global,bcd_normal,1,195,1,-1,105.37890625
xor,13,b,global_week9,global,bcd_swapped,1,61,1,-1,105.37890625
xor,14,b,global_week9,global,bcd_normal,1,44,1,-1,105.37890625
xor,14,b,global_week9,global,bcd_swapped,1,32,1,-1,105.37890625
xor,15,b,global_week9,global,u16BE_x1,2,5,1,-1,0.41162109375
xor,15,b,global_week9,global,i16BE_x1,2,5,1,-1,0.41162109375
xor,15,b,global_week9,global,bcd_normal,1,89,1,-1,105.37890625
xor,15,b,global_week9,global,bcd_swapped,1,39,1,-1,105.37890625
xor,16,b,global_week9,global,u16LE_x10,2,2,1,-1,0.41162109375
xor,16,b,global_week9,global,i16LE_x10,2,2,1,-1,0.41162109375
xor,16,b,global_week9,global,u16BE_x100,2,4,1,-1,0.41162109375
xor,16,b,global_week9,global,i16BE_x100,2,4,1,-1,0.41162109375
xor,16,b,global_week9,global,bcd_normal,1,80,1,-1,105.37890625
xor,16,b,global_week9,global,bcd_swapped,1,279,1,-1,105.37890625
xor,17,b,global_week9,global,u16LE_x1,2,2,1,-1,0.41162109375
xor,17,b,global_week9,global,i16LE_x1,2,2,1,-1,0.41162109375
xor,17,b,global_week9,global,u16BE_x1,2,1,1,15177,0.41162109375
xor,17,b,global_week9,global,i16BE_x1,2,1,1,15177,0.41162109375
xor,17,b,global_week9,global,bcd_normal,1,98,1,-1,105.37890625
xor,17,b,global_week9,global,bcd_swapped,1,113,1,-1,105.37890625
xor,18,b,global_week9,global,u16LE_x1,2,1,1,15053,0.41162109375
xor,18,b,global_week9,global,i16LE_x1,2,1,1,15053,0.41162109375
xor,18,b,global_week9,global,bcd_normal,1,66,1,-1,105.37890625
xor,18,b,global_week9,global,bcd_swapped,1,254,1,-1,105.37890625
xor,19,b,global_week9,global,u16LE_x10,2,1,1,16497,0.41162109375
xor,19,b,global_week9,global,i16LE_x10,2,1,1,16497,0.41162109375
xor,19,b,global_week9,global,u16BE_x10,2,15,1,-1,0.41162109375
xor,19,b,global_week9,global,i16BE_x10,2,15,1,-1,0.41162109375
xor,19,b,global_week9,global,bcd_normal,1,58,1,-1,105.37890625
xor,19,b,global_week9,global,bcd_swapped,1,171,1,-1,105.37890625
xor,20,b,global_week9,global,bcd_normal,1,44,1,-1,105.37890625
xor,20,b,global_week9,global,bcd_swapped,1,258,1,-1,105.37890625
xor,21,b,global_week9,global,u16LE_x1,2,1,1,18340,0.41162109375
xor,21,b,global_week9,global,i16LE_x1,2,1,1,18340,0.41162109375
xor,21,b,global_week9,global,bcd_normal,1,85,1,-1,105.37890625
xor,21,b,global_week9,global,bcd_swapped,1,186,1,-1,105.37890625
xor,22,b,global_week9,global,bcd_normal,1,30,1,-1,105.37890625
xor,22,b,global_week9,global,bcd_swapped,1,135,1,-1,105.37890625
xor,23,b,global_week9,global,u16BE_x1,2,1,1,9990,0.41162109375
xor,23,b,global_week9,global,i16BE_x1,2,1,1,9990,0.41162109375
xor,23,b,global_week9,global,bcd_normal,1,64,1,-1,105.37890625
xor,23,b,global_week9,global,bcd_swapped,1,159,1,-1,105.37890625
xor,24,b,global_week9,global,u16LE_x1,2,1,1,15177,0.41162109375
xor,24,b,global_week9,global,i16LE_x1,2,1,1,15177,0.41162109375
xor,24,b,global_week9,global,u16BE_x1,2,2,1,-1,0.41162109375
xor,24,b,global_week9,global,i16BE_x1,2,2,1,-1,0.41162109375
xor,24,b,global_week9,global,u16LE_x10,2,1,1,17055,0.41162109375
xor,24,b,global_week9,global,i16LE_x10,2,1,1,17055,0.41162109375
xor,24,b,global_week9,global,bcd_normal,1,178,1,-1,105.37890625
xor,24,b,global_week9,global,bcd_swapped,1,155,1,-1,105.37890625
xor,25,b,global_week9,global,bcd_normal,1,181,1,-1,105.37890625
xor,25,b,global_week9,global,bcd_swapped,1,126,1,-1,105.37890625
xor,26,b,global_week9,global,u16LE_x100,2,1,1,17525,0.41162109375
xor,26,b,global_week9,global,i16LE_x100,2,1,1,17525,0.41162109375
xor,26,b,global_week9,global,bcd_normal,1,206,1,-1,105.37890625
xor,26,b,global_week9,global,bcd_swapped,1,168,1,-1,105.37890625
xor,27,b,global_week9,global,u16BE_x1,2,1,1,15053,0.41162109375
xor,27,b,global_week9,global,i16BE_x1,2,1,1,15053,0.41162109375
xor,27,b,global_week9,global,bcd_normal,1,209,1,-1,105.37890625
xor,27,b,global_week9,global,bcd_swapped,1,92,1,-1,105.37890625
xor,28,b,global_week9,global,u16BE_x1,2,1,1,18340,0.41162109375
xor,28,b,global_week9,global,i16BE_x1,2,1,1,18340,0.41162109375
xor,28,b,global_week9,global,bcd_normal,1,149,1,-1,105.37890625
xor,28,b,global_week9,global,bcd_swapped,1,99,1,-1,105.37890625
xor,29,b,global_week9,global,u16LE_x10,2,1,1,4605,0.41162109375
xor,29,b,global_week9,global,i16LE_x10,2,1,1,4605,0.41162109375
xor,29,b,global_week9,global,bcd_normal,1,132,1,-1,105.37890625
xor,29,b,global_week9,global,bcd_swapped,1,76,1,-1,105.37890625
xor,30,b,global_week9,global,u16LE_x1,2,1,1,9990,0.41162109375
xor,30,b,global_week9,global,i16LE_x1,2,1,1,9990,0.41162109375
xor,30,b,global_week9,global,bcd_normal,1,133,1,-1,105.37890625
xor,30,b,global_week9,global,bcd_swapped,1,44,1,-1,105.37890625
xor,31,b,global_week9,global,bcd_normal,1,114,1,-1,105.37890625
xor,31,b,global_week9,global,bcd_swapped,1,81,1,-1,105.37890625
xor,32,b,global_week9,global,bcd_normal,1,149,1,-1,105.37890625
xor,32,b,global_week9,global,bcd_swapped,1,146,1,-1,105.37890625
xor,33,b,global_week9,global,u16LE_x1,2,1,1,17203,0.41162109375
xor,33,b,global_week9,global,i16LE_x1,2,1,1,17203,0.41162109375
xor,33,b,global_week9,global,u16BE_x1,2,1,1,17144,0.41162109375
xor,33,b,global_week9,global,i16BE_x1,2,1,1,17144,0.41162109375
xor,33,b,global_week9,global,bcd_normal,1,136,1,-1,105.37890625
xor,33,b,global_week9,global,bcd_swapped,1,80,1,-1,105.37890625
xor,34,b,global_week9,global,u16BE_x1,2,2,1,-1,0.41162109375
xor,34,b,global_week9,global,i16BE_x1,2,2,1,-1,0.41162109375
xor,34,b,global_week9,global,bcd_normal,1,142,1,-1,105.37890625
xor,34,b,global_week9,global,bcd_swapped,1,189,1,-1,105.37890625
xor,35,b,global_week9,global,bcd_normal,1,137,1,-1,105.37890625
xor,35,b,global_week9,global,bcd_swapped,1,44,1,-1,105.37890625
xor,36,b,global_week9,global,u16BE_x1,2,1,1,2464,0.41162109375
xor,36,b,global_week9,global,i16BE_x1,2,1,1,2464,0.41162109375
xor,36,b,global_week9,global,bcd_normal,1,108,1,-1,105.37890625
xor,36,b,global_week9,global,bcd_swapped,1,95,1,-1,105.37890625
xor,37,b,global_week9,global,u16LE_x1,2,8,1,-1,0.41162109375
xor,37,b,global_week9,global,i16LE_x1,2,8,1,-1,0.41162109375
xor,37,b,global_week9,global,u16BE_x1,2,1,1,17278,0.41162109375
xor,37,b,global_week9,global,i16BE_x1,2,1,1,17278,0.41162109375
xor,37,b,global_week9,global,bcd_normal,1,218,1,-1,105.37890625
xor,37,b,global_week9,global,bcd_swapped,1,104,1,-1,105.37890625
xor,38,b,global_week9,global,u16LE_x1,2,1,1,5043,0.41162109375
xor,38,b,global_week9,global,i16LE_x1,2,1,1,5043,0.41162109375
xor,38,b,global_week9,global,u16LE_x10,2,1,1,14082,0.41162109375
xor,38,b,global_week9,global,i16LE_x10,2,1,1,14082,0.41162109375
xor,38,b,global_week9,global,bcd_normal,1,74,1,-1,105.37890625
xor,38,b,global_week9,global,bcd_swapped,1,84,1,-1,105.37890625
xor,39,b,global_week9,global,u16LE_x1,2,1,1,16569,0.41162109375
xor,39,b,global_week9,global,i16LE_x1,2,1,1,16569,0.41162109375
xor,39,b,global_week9,global,u16BE_x1,2,1,1,22658,0.41162109375
xor,39,b,global_week9,global,i16BE_x1,2,1,1,22658,0.41162109375
xor,39,b,global_week9,global,bcd_normal,1,160,1,-1,105.37890625
xor,39,b,global_week9,global,bcd_swapped,1,22,1,-1,105.37890625
xor,40,b,global_week9,global,u16LE_x1,2,1,1,17144,0.41162109375
xor,40,b,global_week9,global,i16LE_x1,2,1,1,17144,0.41162109375
xor,40,b,global_week9,global,u16BE_x1,2,1,1,17203,0.41162109375
xor,40,b,global_week9,global,i16BE_x1,2,1,1,17203,0.41162109375
xor,40,b,global_week9,global,bcd_normal,1,112,1,-1,105.37890625
xor,40,b,global_week9,global,bcd_swapped,1,66,1,-1,105.37890625
xor,41,b,global_week9,global,u16LE_x10,2,4,1,-1,0.41162109375
xor,41,b,global_week9,global,i16LE_x10,2,4,1,-1,0.41162109375
xor,41,b,global_week9,global,u16BE_x10,2,1,1,1979,0.41162109375
xor,41,b,global_week9,global,i16BE_x10,2,1,1,1979,0.41162109375
xor,41,b,global_week9,global,bcd_normal,1,218,1,-1,105.37890625
xor,41,b,global_week9,global,bcd_swapped,1,128,1,-1,105.37890625
xor,42,b,global_week9,global,bcd_normal,1,98,1,-1,105.37890625
xor,42,b,global_week9,global,bcd_swapped,1,45,1,-1,105.37890625
xor,43,b,global_week9,global,u16LE_x1,2,2,1,-1,0.41162109375
xor,43,b,global_week9,global,i16LE_x1,2,2,1,-1,0.41162109375
xor,43,b,global_week9,global,u16LE_x10,2,1,1,20683,0.41162109375
xor,43,b,global_week9,global,i16LE_x10,2,1,1,20683,0.41162109375
xor,43,b,global_week9,global,bcd_normal,1,136,1,-1,105.37890625
xor,43,b,global_week9,global,bcd_swapped,1,59,1,-1,105.37890625
xor,44,b,global_week9,global,u16LE_x1,2,1,1,17278,0.41162109375
xor,44,b,global_week9,global,i16LE_x1,2,1,1,17278,0.41162109375
xor,44,b,global_week9,global,u16BE_x1,2,8,1,-1,0.41162109375
xor,44,b,global_week9,global,i16BE_x1,2,8,1,-1,0.41162109375
xor,44,b,global_week9,global,bcd_normal,1,173,1,-1,105.37890625
xor,44,b,global_week9,global,bcd_swapped,1,121,1,-1,105.37890625
xor,45,b,global_week9,global,u16LE_x1,2,1,1,2464,0.41162109375
xor,45,b,global_week9,global,i16LE_x1,2,1,1,2464,0.41162109375
xor,45,b,global_week9,global,u16LE_x100,2,9,1,-1,0.41162109375
xor,45,b,global_week9,global,i16LE_x100,2,9,1,-1,0.41162109375
xor,45,b,global_week9,global,bcd_normal,1,105,1,-1,105.37890625
xor,45,b,global_week9,global,bcd_swapped,1,42,1,-1,105.37890625
xor,46,b,global_week9,global,u16LE_x1,2,1,1,22658,0.41162109375
xor,46,b,global_week9,global,i16LE_x1,2,1,1,22658,0.41162109375
xor,46,b,global_week9,global,u16BE_x1,2,1,1,16569,0.41162109375
xor,46,b,global_week9,global,i16BE_x1,2,1,1,16569,0.41162109375
xor,46,b,global_week9,global,bcd_normal,1,93,1,-1,105.37890625
xor,46,b,global_week9,global,bcd_swapped,1,43,1,-1,105.37890625
xor,47,b,global_week9,global,u16BE_x1,2,1,1,5043,0.41162109375
xor,47,b,global_week9,global,i16BE_x1,2,1,1,5043,0.41162109375
xor,47,b,global_week9,global,bcd_normal,1,219,1,-1,105.37890625
xor,47,b,global_week9,global,bcd_swapped,1,9,1,-1,105.37890625
xor,48,b,global_week9,global,bcd_normal,1,95,1,-1,105.37890625
xor,48,b,global_week9,global,bcd_swapped,1,121,1,-1,105.37890625
xor,49,b,global_week9,global,bcd_normal,1,144,1,-1,105.37890625
xor,49,b,global_week9,global,bcd_swapped,1,94,1,-1,105.37890625
xor,50,b,global_week9,global,bcd_normal,1,57,1,-1,105.37890625
xor,50,b,global_week9,global,bcd_swapped,1,83,1,-1,105.37890625
xor,51,b,global_week9,global,u16BE_x100,2,1,1,20692,0.41162109375
xor,51,b,global_week9,global,i16BE_x100,2,1,1,20692,0.41162109375
xor,51,b,global_week9,global,bcd_normal,1,44,1,-1,105.37890625
xor,51,b,global_week9,global,bcd_swapped,1,60,1,-1,105.37890625
xor,52,b,global_week9,global,bcd_normal,1,41,1,-1,105.37890625
xor,52,b,global_week9,global,bcd_swapped,1,83,1,-1,105.37890625
xor,53,b,global_week9,global,u16BE_x100,2,1,1,13990,0.41162109375
xor,53,b,global_week9,global,i16BE_x100,2,1,1,13990,0.41162109375
xor,53,b,global_week9,global,bcd_normal,1,54,1,-1,105.37890625
xor,53,b,global_week9,global,bcd_swapped,1,169,1,-1,105.37890625
xor,54,b,global_week9,global,bcd_normal,1,16,1,-1,105.37890625
xor,54,b,global_week9,global,bcd_swapped,1,114,1,-1,105.37890625
xor,55,b,global_week9,global,u16LE_x10,2,8,1,-1,0.41162109375
xor,55,b,global_week9,global,i16LE_x10,2,8,1,-1,0.41162109375
xor,55,b,global_week9,global,bcd_normal,1,47,1,-1,105.37890625
xor,55,b,global_week9,global,bcd_swapped,1,77,1,-1,105.37890625
xor,56,b,global_week9,global,bcd_normal,1,82,1,-1,105.37890625
xor,56,b,global_week9,global,bcd_swapped,1,95,1,-1,105.37890625
xor,57,b,global_week9,global,u16LE_x10,2,1,1,20792,0.41162109375
xor,57,b,global_week9,global,i16LE_x10,2,1,1,20792,0.41162109375
xor,57,b,global_week9,global,bcd_normal,1,121,1,-1,105.37890625
xor,57,b,global_week9,global,bcd_swapped,1,108,1,-1,105.37890625
xor,58,b,global_week9,global,bcd_normal,1,119,1,-1,105.37890625
xor,58,b,global_week9,global,bcd_swapped,1,167,1,-1,105.37890625
xor,59,b,global_week9,global,bcd_normal,1,83,1,-1,105.37890625
xor,59,b,global_week9,global,bcd_swapped,1,92,1,-1,105.37890625
xor,60,b,global_week9,global,u16BE_x10,2,1,1,17389,0.41162109375
xor,60,b,global_week9,global,i16BE_x10,2,1,1,17389,0.41162109375
xor,60,b,global_week9,global,bcd_normal,1,106,1,-1,105.37890625
xor,60,b,global_week9,global,bcd_swapped,1,157,1,-1,105.37890625
xor,61,b,global_week9,global,bcd_normal,1,172,1,-1,105.37890625
xor,61,b,global_week9,global,bcd_swapped,1,93,1,-1,105.37890625
xor,62,b,global_week9,global,bcd_normal,1,68,1,-1,105.37890625
xor,62,b,global_week9,global,bcd_swapped,1,87,1,-1,105.37890625
xor,63,b,global_week9,global,u16BE_x100,2,1,1,14063,0.41162109375
xor,63,b,global_week9,global,i16BE_x100,2,1,1,14063,0.41162109375
xor,63,b,global_week9,global,bcd_normal,1,92,1,-1,105.37890625
xor,63,b,global_week9,global,bcd_swapped,1,71,1,-1,105.37890625
xor,64,b,global_week9,global,u16LE_x1,2,2,1,-1,0.41162109375
xor,64,b,global_week9,global,i16LE_x1,2,2,1,-1,0.41162109375
xor,64,b,global_week9,global,bcd_normal,1,154,1,-1,105.37890625
xor,64,b,global_week9,global,bcd_swapped,1,102,1,-1,105.37890625
xor,65,b,global_week9,global,bcd_normal,1,109,1,-1,105.37890625
xor,65,b,global_week9,global,bcd_swapped,1,93,1,-1,105.37890625
xor,66,b,global_week9,global,u16BE_x10,2,1,1,17055,0.41162109375
xor,66,b,global_week9,global,i16BE_x10,2,1,1,17055,0.41162109375
xor,66,b,global_week9,global,bcd_normal,1,176,1,-1,105.37890625
xor,66,b,global_week9,global,bcd_swapped,1,56,1,-1,105.37890625
xor,67,b,global_week9,global,bcd_normal,1,176,1,-1,105.37890625
xor,67,b,global_week9,global,bcd_swapped,1,89,1,-1,105.37890625
xor,68,b,global_week9,global,u16BE_x100,2,1,1,15058,0.41162109375
xor,68,b,global_week9,global,i16BE_x100,2,1,1,15058,0.41162109375
xor,68,b,global_week9,global,bcd_normal,1,127,1,-1,105.37890625
xor,68,b,global_week9,global,bcd_swapped,1,69,1,-1,105.37890625
xor,69,b,global_week9,global,u16LE_x1,2,2,1,-1,0.41162109375
xor,69,b,global_week9,global,i16LE_x1,2,2,1,-1,0.41162109375
xor,69,b,global_week9,global,u16BE_x1,2,1,1,16657,0.41162109375
xor,69,b,global_week9,global,i16BE_x1,2,1,1,16657,0.41162109375
xor,69,b,global_week9,global,bcd_normal,1,160,1,-1,105.37890625
xor,69,b,global_week9,global,bcd_swapped,1,58,1,-1,105.37890625
xor,70,b,global_week9,global,bcd_normal,1,64,1,-1,105.37890625
xor,70,b,global_week9,global,bcd_swapped,1,80,1,-1,105.37890625
xor,71,b,global_week9,global,u16BE_x10,2,1,1,4605,0.41162109375
xor,71,b,global_week9,global,i16BE_x10,2,1,1,4605,0.41162109375
xor,71,b,global_week9,global,bcd_normal,1,102,1,-1,105.37890625
xor,71,b,global_week9,global,bcd_swapped,1,48,1,-1,105.37890625
xor,72,b,global_week9,global,bcd_normal,1,97,1,-1,105.37890625
xor,72,b,global_week9,global,bcd_swapped,1,39,1,-1,105.37890625
xor,73,b,global_week9,global,u16BE_x1,2,2,1,-1,0.41162109375
xor,73,b,global_week9,global,i16BE_x1,2,2,1,-1,0.41162109375
xor,73,b,global_week9,global,u16LE_x10,2,15,1,-1,0.41162109375
xor,73,b,global_week9,global,i16LE_x10,2,15,1,-1,0.41162109375
xor,73,b,global_week9,global,u16BE_x10,2,1,1,16497,0.41162109375
xor,73,b,global_week9,global,i16BE_x10,2,1,1,16497,0.41162109375
xor,73,b,global_week9,global,bcd_normal,1,209,1,-1,105.37890625
xor,73,b,global_week9,global,bcd_swapped,1,65,1,-1,105.37890625
xor,74,b,global_week9,global,u16BE_x10,2,2,1,-1,0.41162109375
xor,74,b,global_week9,global,i16BE_x10,2,2,1,-1,0.41162109375
xor,74,b,global_week9,global,u16LE_x100,2,1,1,20579,0.41162109375
xor,74,b,global_week9,global,i16LE_x100,2,1,1,20579,0.41162109375
xor,74,b,global_week9,global,bcd_normal,1,114,1,-1,105.37890625
xor,74,b,global_week9,global,bcd_swapped,1,76,1,-1,105.37890625
xor,75,b,global_week9,global,bcd_normal,1,131,1,-1,105.37890625
xor,75,b,global_week9,global,bcd_swapped,1,63,1,-1,105.37890625
xor,76,b,global_week9,global,u16LE_x1,2,1,1,16657,0.41162109375
xor,76,b,global_week9,global,i16LE_x1,2,1,1,16657,0.41162109375
xor,76,b,global_week9,global,u16BE_x1,2,2,1,-1,0.41162109375
xor,76,b,global_week9,global,i16BE_x1,2,2,1,-1,0.41162109375
xor,76,b,global_week9,global,bcd_normal,1,121,1,-1,105.37890625
xor,76,b,global_week9,global,bcd_swapped,1,61,1,-1,105.37890625
xor,77,b,global_week9,global,bcd_normal,1,165,1,-1,105.37890625
xor,77,b,global_week9,global,bcd_swapped,1,61,1,-1,105.37890625
xor,78,b,global_week9,global,bcd_normal,1,65,1,-1,105.37890625
xor,78,b,global_week9,global,bcd_swapped,1,69,1,-1,105.37890625
xor,79,b,global_week9,global,u16BE_x100,2,1,1,17568,0.41162109375
xor,79,b,global_week9,global,i16BE_x100,2,1,1,17568,0.41162109375
xor,79,b,global_week9,global,bcd_normal,1,71,1,-1,105.37890625
xor,79,b,global_week9,global,bcd_swapped,1,41,1,-1,105.37890625
xor,80,b,global_week9,global,u16LE_x10,2,3,1,-1,0.41162109375
xor,80,b,global_week9,global,i16LE_x10,2,3,1,-1,0.41162109375
xor,80,b,global_week9,global,u16BE_x10,2,1,1,5148,0.41162109375
xor,80,b,global_week9,global,i16BE_x10,2,1,1,5148,0.41162109375
xor,80,b,global_week9,global,u16LE_x100,2,1,1,18081,0.41162109375
xor,80,b,global_week9,global,i16LE_x100,2,1,1,18081,0.41162109375
xor,80,b,global_week9,global,bcd_normal,1,182,1,-1,105.37890625
xor,80,b,global_week9,global,bcd_swapped,1,199,1,-1,105.37890625
xor,81,b,global_week9,global,u16BE_x1,2,1,1,2211,0.41162109375
xor,81,b,global_week9,global,i16BE_x1,2,1,1,2211,0.41162109375
xor,81,b,global_week9,global,u16LE_x100,2,1,1,2544,0.41162109375
xor,81,b,global_week9,global,i16LE_x100,2,1,1,2544,0.41162109375
xor,81,b,global_week9,global,bcd_normal,1,168,1,-1,105.37890625
xor,81,b,global_week9,global,bcd_swapped,1,64,1,-1,105.37890625
xor,82,b,global_week9,global,bcd_normal,1,110,1,-1,105.37890625
xor,82,b,global_week9,global,bcd_swapped,1,122,1,-1,105.37890625
xor,83,b,global_week9,global,u16BE_x10,2,1,1,15037,0.41162109375
xor,83,b,global_week9,global,i16BE_x10,2,1,1,15037,0.41162109375
xor,83,b,global_week9,global,u16BE_x100,2,1,1,24921,0.41162109375
xor,83,b,global_week9,global,i16BE_x100,2,1,1,24921,0.41162109375
xor,83,b,global_week9,global,bcd_normal,1,122,1,-1,105.37890625
xor,83,b,global_week9,global,bcd_swapped,1,49,1,-1,105.37890625
xor,84,b,global_week9,global,bcd_normal,1,90,1,-1,105.37890625
xor,84,b,global_week9,global,bcd_swapped,1,189,1,-1,105.37890625
xor,85,b,global_week9,global,bcd_normal,1,89,1,-1,105.37890625
xor,85,b,global_week9,global,bcd_swapped,1,83,1,-1,105.37890625
xor,86,b,global_week9,global,bcd_normal,1,93,1,-1,105.37890625
xor,86,b,global_week9,global,bcd_swapped,1,52,1,-1,105.37890625
xor,87,b,global_week9,global,u16BE_x100,2,1,1,18131,0.41162109375
xor,87,b,global_week9,global,i16BE_x100,2,1,1,18131,0.41162109375
xor,87,b,global_week9,global,bcd_normal,1,65,1,-1,105.37890625
xor,87,b,global_week9,global,bcd_swapped,1,37,1,-1,105.37890625
xor,88,b,global_week9,global,u16LE_x1,2,1,1,2211,0.41162109375
xor,88,b,global_week9,global,i16LE_x1,2,1,1,2211,0.41162109375
xor,88,b,global_week9,global,u16LE_x10,2,1,1,17299,0.41162109375
xor,88,b,global_week9,global,i16LE_x10,2,1,1,17299,0.41162109375
xor,88,b,global_week9,global,u16BE_x10,2,1,1,17267,0.41162109375
xor,88,b,global_week9,global,i16BE_x10,2,1,1,17267,0.41162109375
xor,88,b,global_week9,global,bcd_normal,1,76,1,-1,105.37890625
xor,88,b,global_week9,global,bcd_swapped,1,58,1,-1,105.37890625
xor,89,b,global_week9,global,bcd_normal,1,124,1,-1,105.37890625
xor,89,b,global_week9,global,bcd_swapped,1,111,1,-1,105.37890625
xor,90,b,global_week9,global,u16LE_x100,2,1,1,5133,0.41162109375
xor,90,b,global_week9,global,i16LE_x100,2,1,1,5133,0.41162109375
xor,90,b,global_week9,global,bcd_normal,1,90,1,-1,105.37890625
xor,90,b,global_week9,global,bcd_swapped,1,104,1,-1,105.37890625
xor,91,b,global_week9,global,u16LE_x10,2,10,1,-1,0.41162109375
xor,91,b,global_week9,global,i16LE_x10,2,10,1,-1,0.41162109375
xor,91,b,global_week9,global,bcd_normal,1,71,1,-1,105.37890625
xor,91,b,global_week9,global,bcd_swapped,1,129,1,-1,105.37890625
xor,92,b,global_week9,global,bcd_normal,1,116,1,-1,105.37890625
xor,92,b,global_week9,global,bcd_swapped,1,107,1,-1,105.37890625
xor,93,b,global_week9,global,u16LE_x100,2,1,1,2178,0.41162109375
xor,93,b,global_week9,global,i16LE_x100,2,1,1,2178,0.41162109375
xor,93,b,global_week9,global,bcd_normal,1,153,1,-1,105.37890625
xor,93,b,global_week9,global,bcd_swapped,1,94,1,-1,105.37890625
xor,94,b,global_week9,global,bcd_normal,1,116,1,-1,105.37890625
xor,94,b,global_week9,global,bcd_swapped,1,81,1,-1,105.37890625
xor,95,b,global_week9,global,bcd_normal,1,183,1,-1,105.37890625
xor,95,b,global_week9,global,bcd_swapped,1,34,1,-1,105.37890625
xor,96,b,global_week9,global,bcd_normal,1,131,1,-1,105.37890625
xor,96,b,global_week9,global,bcd_swapped,1,80,1,-1,105.37890625
xor,97,b,global_week9,global,u16BE_x100,2,1,1,2007,0.41162109375
xor,97,b,global_week9,global,i16BE_x100,2,1,1,2007,0.41162109375
xor,97,b,global_week9,global,bcd_normal,1,80,1,-1,105.37890625
xor,97,b,global_week9,global,bcd_swapped,1,61,1,-1,105.37890625
xor,98,b,global_week9,global,u16BE_x1,2,1,1,16697,0.41162109375
xor,98,b,global_week9,global,i16BE_x1,2,1,1,16697,0.41162109375
xor,98,b,global_week9,global,bcd_normal,1,60,1,-1,105.37890625
xor,98,b,global_week9,global,bcd_swapped,1,71,1,-1,105.37890625
xor,99,b,global_week9,global,u16BE_x10,2,1,1,20792,0.41162109375
xor,99,b,global_week9,global,i16BE_x10,2,1,1,20792,0.41162109375
xor,99,b,global_week9,global,u16LE_x100,2,1,1,2392,0.41162109375
xor,99,b,global_week9,global,i16LE_x100,2,1,1,2392,0.41162109375
xor,99,b,global_week9,global,bcd_normal,1,88,1,-1,105.37890625
xor,99,b,global_week9,global,bcd_swapped,1,68,1,-1,105.37890625
xor,100,b,global_week9,global,bcd_normal,1,56,1,-1,105.37890625
xor,100,b,global_week9,global,bcd_swapped,1,40,1,-1,105.37890625
xor,101,b,global_week9,global,u16BE_x1,2,1,1,5099,0.41162109375
xor,101,b,global_week9,global,i16BE_x1,2,1,1,5099,0.41162109375
xor,101,b,global_week9,global,bcd_normal,1,94,1,-1,105.37890625
xor,101,b,global_week9,global,bcd_swapped,1,49,1,-1,105.37890625
xor,102,b,global_week9,global,u16LE_x10,2,1,1,17389,0.41162109375
xor,102,b,global_week9,global,i16LE_x10,2,1,1,17389,0.41162109375
xor,102,b,global_week9,global,bcd_normal,1,72,1,-1,105.37890625
xor,102,b,global_week9,global,bcd_swapped,1,23,1,-1,105.37890625
xor,103,b,global_week9,global,bcd_normal,1,76,1,-1,105.37890625
xor,103,b,global_week9,global,bcd_swapped,1,32,1,-1,105.37890625
xor,104,b,global_week9,global,bcd_normal,1,88,1,-1,105.37890625
xor,104,b,global_week9,global,bcd_swapped,1,132,1,-1,105.37890625
xor,105,b,global_week9,global,bcd_normal,1,138,1,-1,105.37890625
xor,105,b,global_week9,global,bcd_swapped,1,71,1,-1,105.37890625
xor,106,b,global_week9,global,bcd_normal,1,81,1,-1,105.37890625
xor,106,b,global_week9,global,bcd_swapped,1,61,1,-1,105.37890625
xor,107,b,global_week9,global,u16LE_x1,2,1,1,16697,0.41162109375
xor,107,b,global_week9,global,i16LE_x1,2,1,1,16697,0.41162109375
xor,107,b,global_week9,global,bcd_normal,1,123,1,-1,105.37890625
xor,107,b,global_week9,global,bcd_swapped,1,31,1,-1,105.37890625
xor,108,b,global_week9,global,u16LE_x1,2,1,1,5099,0.41162109375
xor,108,b,global_week9,global,i16LE_x1,2,1,1,5099,0.41162109375
xor,108,b,global_week9,global,bcd_normal,1,101,1,-1,105.37890625
xor,108,b,global_week9,global,bcd_swapped,1,44,1,-1,105.37890625
xor,109,b,global_week9,global,u16BE_x10,2,8,1,-1,0.41162109375
xor,109,b,global_week9,global,i16BE_x10,2,8,1,-1,0.41162109375
xor,109,b,global_week9,global,u16LE_x100,2,1,1,4798,0.41162109375
xor,109,b,global_week9,global,i16LE_x100,2,1,1,4798,0.41162109375
xor,109,b,global_week9,global,bcd_normal,1,110,1,-1,105.37890625
xor,109,b,global_week9,global,bcd_swapped,1,24,1,-1,105.37890625
xor,110,b,global_week9,global,u16LE_x100,2,7,1,-1,0.41162109375
xor,110,b,global_week9,global,i16LE_x100,2,7,1,-1,0.41162109375
xor,110,b,global_week9,global,bcd_normal,1,58,1,-1,105.37890625
xor,110,b,global_week9,global,bcd_swapped,1,221,1,-1,105.37890625
xor,111,b,global_week9,global,bcd_normal,1,90,1,-1,105.37890625
xor,111,b,global_week9,global,bcd_swapped,1,15,1,-1,105.37890625
xor,112,b,global_week9,global,bcd_normal,1,117,1,-1,105.37890625
xor,112,b,global_week9,global,bcd_swapped,1,226,1,-1,105.37890625
xor,113,b,global_week9,global,u16BE_x10,2,1,1,20683,0.41162109375
xor,113,b,global_week9,global,i16BE_x10,2,1,1,20683,0.41162109375
xor,113,b,global_week9,global,bcd_normal,1,68,1,-1,105.37890625
xor,113,b,global_week9,global,bcd_swapped,1,124,1,-1,105.37890625
xor,114,b,global_week9,global,bcd_normal,1,42,1,-1,105.37890625
xor,114,b,global_week9,global,bcd_swapped,1,156,1,-1,105.37890625
xor,115,b,global_week9,global,u16LE_x10,2,1,1,1979,0.41162109375
xor,115,b,global_week9,global,i16LE_x10,2,1,1,1979,0.41162109375
xor,115,b,global_week9,global,u16BE_x10,2,4,1,-1,0.41162109375
xor,115,b,global_week9,global,i16BE_x10,2,4,1,-1,0.41162109375
xor,115,b,global_week9,global,bcd_normal,1,20,1,-1,105.37890625
xor,115,b,global_week9,global,bcd_swapped,1,67,1,-1,105.37890625
xor,116,b,global_week9,global,bcd_normal,1,16,1,-1,105.37890625
xor,116,b,global_week9,global,bcd_swapped,1,79,1,-1,105.37890625
xor,117,b,global_week9,global,bcd_normal,1,93,1,-1,105.37890625
xor,117,b,global_week9,global,bcd_swapped,1,94,1,-1,105.37890625
xor,118,b,global_week9,global,u16LE_x100,2,1,1,5545,0.41162109375
xor,118,b,global_week9,global,i16LE_x100,2,1,1,5545,0.41162109375
xor,118,b,global_week9,global,bcd_normal,1,11,1,-1,105.37890625
xor,118,b,global_week9,global,bcd_swapped,1,86,1,-1,105.37890625
xor,119,b,global_week9,global,bcd_normal,1,22,1,-1,105.37890625
xor,119,b,global_week9,global,bcd_swapped,1,63,1,-1,105.37890625
xor,120,b,global_week9,global,u16LE_x100,2,1,1,16540,0.41162109375
xor,120,b,global_week9,global,i16LE_x100,2,1,1,16540,0.41162109375
xor,120,b,global_week9,global,bcd_normal,1,64,1,-1,105.37890625
xor,120,b,global_week9,global,bcd_swapped,1,59,1,-1,105.37890625
xor,121,b,global_week9,global,bcd_normal,1,89,1,-1,105.37890625
xor,121,b,global_week9,global,bcd_swapped,1,98,1,-1,105.37890625
xor,122,b,global_week9,global,u16LE_x100,2,2,1,-1,0.41162109375
xor,122,b,global_week9,global,i16LE_x100,2,2,1,-1,0.41162109375
xor,122,b,global_week9,global,bcd_normal,1,107,1,-1,105.37890625
xor,122,b,global_week9,global,bcd_swapped,1,88,1,-1,105.37890625
xor,123,b,global_week9,global,bcd_normal,1,59,1,-1,105.37890625
xor,123,b,global_week9,global,bcd_swapped,1,67,1,-1,105.37890625
xor,124,b,global_week9,global,u16BE_x10,2,1,1,14082,0.41162109375
xor,124,b,global_week9,global,i16BE_x10,2,1,1,14082,0.41162109375
xor,124,b,global_week9,global,bcd_normal,1,81,1,-1,105.37890625
xor,124,b,global_week9,global,bcd_swapped,1,39,1,-1,105.37890625
xor,125,b,global_week9,global,bcd_normal,1,95,1,-1,105.37890625
xor,125,b,global_week9,global,bcd_swapped,1,40,1,-1,105.37890625
xor,126,b,global_week9,global,bcd_normal,1,60,1,-1,105.37890625
xor,126,b,global_week9,global,bcd_swapped,1,30,1,-1,105.37890625
xor,127,b,global_week9,global,bcd_normal,1,32,1,-1,105.37890625
xor,127,b,global_week9,global,bcd_swapped,1,38,1,-1,105.37890625
xor,128,b,global_week9,global,bcd_normal,1,126,1,-1,105.37890625
xor,128,b,global_week9,global,bcd_swapped,1,181,1,-1,105.37890625
xor,129,b,global_week9,global,u16LE_x100,2,8,1,-1,0.41162109375
xor,129,b,global_week9,global,i16LE_x100,2,8,1,-1,0.41162109375
xor,129,b,global_week9,global,bcd_normal,1,155,1,-1,105.37890625
xor,129,b,global_week9,global,bcd_swapped,1,178,1,-1,105.37890625
xor,130,b,global_week9,global,u16LE_x1,2,1,1,16748,0.41162109375
xor,130,b,global_week9,global,i16LE_x1,2,1,1,16748,0.41162109375
xor,130,b,global_week9,global,u16LE_x10,2,2,1,-1,0.41162109375
xor,130,b,global_week9,global,i16LE_x10,2,2,1,-1,0.41162109375
xor,130,b,global_week9,global,bcd_normal,1,92,1,-1,105.37890625
xor,130,b,global_week9,global,bcd_swapped,1,209,1,-1,105.37890625
xor,131,b,global_week9,global,bcd_normal,1,168,1,-1,105.37890625
xor,131,b,global_week9,global,bcd_swapped,1,206,1,-1,105.37890625
xor,132,b,global_week9,global,u16LE_x100,2,53,1,-1,0.41162109375
xor,132,b,global_week9,global,i16LE_x100,2,53,1,-1,0.41162109375
xor,132,b,global_week9,global,u16BE_x100,2,5,1,-1,0.41162109375
xor,132,b,global_week9,global,i16BE_x100,2,5,1,-1,0.41162109375
xor,132,b,global_week9,global,bcd_normal,1,76,1,-1,105.37890625
xor,132,b,global_week9,global,bcd_swapped,1,132,1,-1,105.37890625
xor,133,b,global_week9,global,u16LE_x10,2,1,1,17584,0.41162109375
xor,133,b,global_week9,global,i16LE_x10,2,1,1,17584,0.41162109375
xor,133,b,global_week9,global,u16BE_x10,2,1,1,5626,0.41162109375
xor,133,b,global_week9,global,i16BE_x10,2,1,1,5626,0.41162109375
xor,133,b,global_week9,global,u16LE_x100,2,15,1,-1,0.41162109375
xor,133,b,global_week9,global,i16LE_x100,2,15,1,-1,0.41162109375
xor,133,b,global_week9,global,bcd_normal,1,99,1,-1,105.37890625
xor,133,b,global_week9,global,bcd_swapped,1,149,1,-1,105.37890625
xor,134,b,global_week9,global,bcd_normal,1,81,1,-1,105.37890625
xor,134,b,global_week9,global,bcd_swapped,1,114,1,-1,105.37890625
xor,135,b,global_week9,global,u16BE_x100,2,8,1,-1,0.41162109375
xor,135,b,global_week9,global,i16BE_x100,2,8,1,-1,0.41162109375
xor,135,b,global_week9,global,bcd_normal,1,44,1,-1,105.37890625
xor,135,b,global_week9,global,bcd_swapped,1,133,1,-1,105.37890625
xor,136,b,global_week9,global,bcd_normal,1,113,1,-1,105.37890625
xor,136,b,global_week9,global,bcd_swapped,1,98,1,-1,105.37890625
xor,137,b,global_week9,global,u16LE_x10,2,4,1,-1,0.41162109375
xor,137,b,global_week9,global,i16LE_x10,2,4,1,-1,0.41162109375
xor,137,b,global_week9,global,bcd_normal,1,279,1,-1,105.37890625
xor,137,b,global_week9,global,bcd_swapped,1,80,1,-1,105.37890625
xor,138,b,global_week9,global,bcd_normal,1,171,1,-1,105.37890625
xor,138,b,global_week9,global,bcd_swapped,1,58,1,-1,105.37890625
xor,139,b,global_week9,global,u16BE_x1,2,1,1,16748,0.41162109375
xor,139,b,global_week9,global,i16BE_x1,2,1,1,16748,0.41162109375
xor,139,b,global_week9,global,bcd_normal,1,254,1,-1,105.37890625
xor,139,b,global_week9,global,bcd_swapped,1,66,1,-1,105.37890625
xor,140,b,global_week9,global,bcd_normal,1,186,1,-1,105.37890625
xor,140,b,global_week9,global,bcd_swapped,1,85,1,-1,105.37890625
xor,141,b,global_week9,global,bcd_normal,1,258,1,-1,105.37890625
xor,141,b,global_week9,global,bcd_swapped,1,44,1,-1,105.37890625
xor,142,b,global_week9,global,bcd_normal,1,159,1,-1,105.37890625
xor,142,b,global_week9,global,bcd_swapped,1,64,1,-1,105.37890625
xor,143,b,global_week9,global,u16LE_x100,2,1,1,24993,0.41162109375
xor,143,b,global_week9,global,i16LE_x100,2,1,1,24993,0.41162109375
xor,143,b,global_week9,global,bcd_normal,1,135,1,-1,105.37890625
xor,143,b,global_week9,global,bcd_swapped,1,30,1,-1,105.37890625
xor,144,b,global_week9,global,bcd_normal,1,158,1,-1,105.37890625
xor,144,b,global_week9,global,bcd_swapped,1,1039,1,-1,105.37890625
xor,145,b,global_week9,global,u16LE_x1,2,1,1,18054,0.41162109375
xor,145,b,global_week9,global,i16LE_x1,2,1,1,18054,0.41162109375
xor,145,b,global_week9,global,bcd_normal,1,106,1,-1,105.37890625
xor,145,b,global_week9,global,bcd_swapped,1,274,1,-1,105.37890625
xor,146,b,global_week9,global,bcd_normal,1,64,1,-1,105.37890625
xor,146,b,global_week9,global,bcd_swapped,1,261,1,-1,105.37890625
xor,147,b,global_week9,global,u16LE_x1,2,1,1,2009,0.41162109375
xor,147,b,global_week9,global,i16LE_x1,2,1,1,2009,0.41162109375
xor,147,b,global_week9,global,u16BE_x10,2,4,1,-1,0.41162109375
xor,147,b,global_week9,global,i16BE_x10,2,4,1,-1,0.41162109375
xor,147,b,global_week9,global,bcd_normal,1,200,1,-1,105.37890625
xor,147,b,global_week9,global,bcd_swapped,1,53,1,-1,105.37890625
xor,148,b,global_week9,global,u16BE_x10,2,2,1,-1,0.41162109375
xor,148,b,global_week9,global,i16BE_x10,2,2,1,-1,0.41162109375
xor,148,b,global_week9,global,bcd_normal,1,61,1,-1,105.37890625
xor,148,b,global_week9,global,bcd_swapped,1,195,1,-1,105.37890625
xor,149,b,global_week9,global,bcd_normal,1,135,1,-1,105.37890625
xor,149,b,global_week9,global,bcd_swapped,1,99,1,-1,105.37890625
xor,150,b,global_week9,global,bcd_normal,1,39,1,-1,105.37890625
xor,150,b,global_week9,global,bcd_swapped,1,89,1,-1,105.37890625
xor,151,b,global_week9,global,u16LE_x10,2,1,1,20574,0.41162109375
xor,151,b,global_week9,global,i16LE_x10,2,1,1,20574,0.41162109375
xor,151,b,global_week9,global,u16LE_x100,2,4,1,-1,0.41162109375
xor,151,b,global_week9,global,i16LE_x100,2,4,1,-1,0.41162109375
xor,151,b,global_week9,global,bcd_normal,1,32,1,-1,105.37890625
xor,151,b,global_week9,global,bcd_swapped,1,44,1,-1,105.37890625
xor,152,b,global_week9,global,u16BE_x1,2,1,1,18054,0.41162109375
xor,152,b,global_week9,global,i16BE_x1,2,1,1,18054,0.41162109375
xor,152,b,global_week9,global,u16LE_x10,2,1,1,17098,0.41162109375
xor,152,b,global_week9,global,i16LE_x10,2,1,1,17098,0.41162109375
xor,152,b,global_week9,global,u16BE_x10,2,1,1,13967,0.41162109375
xor,152,b,global_week9,global,i16BE_x10,2,1,1,13967,0.41162109375
xor,152,b,global_week9,global,bcd_normal,1,104,1,-1,105.37890625
xor,152,b,global_week9,global,bcd_swapped,1,177,1,-1,105.37890625
xor,153,b,global_week9,global,bcd_normal,1,124,1,-1,105.37890625
xor,153,b,global_week9,global,bcd_swapped,1,206,1,-1,105.37890625
xor,154,b,global_week9,global,u16BE_x1,2,1,1,2009,0.41162109375
xor,154,b,global_week9,global,i16BE_x1,2,1,1,2009,0.41162109375
xor,154,b,global_week9,global,bcd_normal,1,109,1,-1,105.37890625
xor,154,b,global_week9,global,bcd_swapped,1,250,1,-1,105.37890625
xor,155,b,global_week9,global,bcd_normal,1,138,1,-1,105.37890625
xor,155,b,global_week9,global,bcd_swapped,1,87,1,-1,105.37890625
xor,156,b,global_week9,global,bcd_normal,1,162,1,-1,105.37890625
xor,156,b,global_week9,global,bcd_swapped,1,73,1,-1,105.37890625
xor,157,b,global_week9,global,u16BE_x100,2,1,1,17525,0.41162109375
xor,157,b,global_week9,global,i16BE_x100,2,1,1,17525,0.41162109375
xor,157,b,global_week9,global,bcd_normal,1,169,1,-1,105.37890625
xor,157,b,global_week9,global,bcd_swapped,1,66,1,-1,105.37890625
xor,158,b,global_week9,global,bcd_normal,1,149,1,-1,105.37890625
xor,158,b,global_week9,global,bcd_swapped,1,78,1,-1,105.37890625
xor,159,b,global_week9,global,bcd_normal,1,135,1,-1,105.37890625
xor,159,b,global_week9,global,bcd_swapped,1,40,1,-1,105.37890625
xor,160,b,global_week9,global,bcd_normal,1,108,1,-1,105.37890625
xor,160,b,global_week9,global,bcd_swapped,1,121,1,-1,105.37890625
xor,161,b,global_week9,global,u16BE_x1,2,1,1,18848,0.41162109375
xor,161,b,global_week9,global,i16BE_x1,2,1,1,18848,0.41162109375
xor,161,b,global_week9,global,bcd_normal,1,95,1,-1,105.37890625
xor,161,b,global_week9,global,bcd_swapped,1,82,1,-1,105.37890625
xor,162,b,global_week9,global,bcd_normal,1,92,1,-1,105.37890625
xor,162,b,global_week9,global,bcd_swapped,1,83,1,-1,105.37890625
xor,163,b,global_week9,global,u16BE_x10,2,2,1,-1,0.41162109375
xor,163,b,global_week9,global,i16BE_x10,2,2,1,-1,0.41162109375
xor,163,b,global_week9,global,bcd_normal,1,167,1,-1,105.37890625
xor,163,b,global_week9,global,bcd_swapped,1,119,1,-1,105.37890625
xor,164,b,global_week9,global,bcd_normal,1,93,1,-1,105.37890625
xor,164,b,global_week9,global,bcd_swapped,1,172,1,-1,105.37890625
xor,165,b,global_week9,global,bcd_normal,1,157,1,-1,105.37890625
xor,165,b,global_week9,global,bcd_swapped,1,106,1,-1,105.37890625
xor,166,b,global_week9,global,bcd_normal,1,71,1,-1,105.37890625
xor,166,b,global_week9,global,bcd_swapped,1,92,1,-1,105.37890625
xor,167,b,global_week9,global,bcd_normal,1,87,1,-1,105.37890625
xor,167,b,global_week9,global,bcd_swapped,1,68,1,-1,105.37890625
xor,168,b,global_week9,global,u16LE_x1,2,1,1,18848,0.41162109375
xor,168,b,global_week9,global,i16LE_x1,2,1,1,18848,0.41162109375
xor,168,b,global_week9,global,bcd_normal,1,94,1,-1,105.37890625
xor,168,b,global_week9,global,bcd_swapped,1,144,1,-1,105.37890625
xor,169,b,global_week9,global,bcd_normal,1,121,1,-1,105.37890625
xor,169,b,global_week9,global,bcd_swapped,1,95,1,-1,105.37890625
xor,170,b,global_week9,global,u16BE_x100,2,9,1,-1,0.41162109375
xor,170,b,global_week9,global,i16BE_x100,2,9,1,-1,0.41162109375
xor,170,b,global_week9,global,bcd_normal,1,60,1,-1,105.37890625
xor,170,b,global_week9,global,bcd_swapped,1,44,1,-1,105.37890625
xor,171,b,global_week9,global,bcd_normal,1,83,1,-1,105.37890625
xor,171,b,global_week9,global,bcd_swapped,1,57,1,-1,105.37890625
xor,172,b,global_week9,global,bcd_normal,1,169,1,-1,105.37890625
xor,172,b,global_week9,global,bcd_swapped,1,54,1,-1,105.37890625
xor,173,b,global_week9,global,bcd_normal,1,83,1,-1,105.37890625
xor,173,b,global_week9,global,bcd_swapped,1,41,1,-1,105.37890625
xor,174,b,global_week9,global,bcd_normal,1,77,1,-1,105.37890625
xor,174,b,global_week9,global,bcd_swapped,1,47,1,-1,105.37890625
xor,175,b,global_week9,global,bcd_normal,1,114,1,-1,105.37890625
xor,175,b,global_week9,global,bcd_swapped,1,16,1,-1,105.37890625
xor,176,b,global_week9,global,bcd_normal,1,128,1,-1,105.37890625
xor,176,b,global_week9,global,bcd_swapped,1,218,1,-1,105.37890625
xor,177,b,global_week9,global,bcd_normal,1,66,1,-1,105.37890625
xor,177,b,global_week9,global,bcd_swapped,1,112,1,-1,105.37890625
xor,178,b,global_week9,global,u16LE_x100,2,1,1,13990,0.41162109375
xor,178,b,global_week9,global,i16LE_x100,2,1,1,13990,0.41162109375
xor,178,b,global_week9,global,bcd_normal,1,59,1,-1,105.37890625
xor,178,b,global_week9,global,bcd_swapped,1,136,1,-1,105.37890625
xor,179,b,global_week9,global,bcd_normal,1,45,1,-1,105.37890625
xor,179,b,global_week9,global,bcd_swapped,1,98,1,-1,105.37890625
xor,180,b,global_week9,global,u16BE_x10,2,1,1,4914,0.41162109375
xor,180,b,global_week9,global,i16BE_x10,2,1,1,4914,0.41162109375
xor,180,b,global_week9,global,u16LE_x100,2,1,1,20692,0.41162109375
xor,180,b,global_week9,global,i16LE_x100,2,1,1,20692,0.41162109375
xor,180,b,global_week9,global,bcd_normal,1,42,1,-1,105.37890625
xor,180,b,global_week9,global,bcd_swapped,1,105,1,-1,105.37890625
xor,181,b,global_week9,global,u16LE_x1,2,1,1,22210,0.41162109375
xor,181,b,global_week9,global,i16LE_x1,2,1,1,22210,0.41162109375
xor,181,b,global_week9,global,u16BE_x1,2,1,1,16756,0.41162109375
xor,181,b,global_week9,global,i16BE_x1,2,1,1,16756,0.41162109375
xor,181,b,global_week9,global,bcd_normal,1,121,1,-1,105.37890625
xor,181,b,global_week9,global,bcd_swapped,1,173,1,-1,105.37890625
xor,182,b,global_week9,global,u16BE_x10,2,2,1,-1,0.41162109375
xor,182,b,global_week9,global,i16BE_x10,2,2,1,-1,0.41162109375
xor,182,b,global_week9,global,bcd_normal,1,9,1,-1,105.37890625
xor,182,b,global_week9,global,bcd_swapped,1,219,1,-1,105.37890625
xor,183,b,global_week9,global,bcd_normal,1,43,1,-1,105.37890625
xor,183,b,global_week9,global,bcd_swapped,1,93,1,-1,105.37890625
xor,184,b,global_week9,global,u16LE_x10,2,4,1,-1,0.41162109375
xor,184,b,global_week9,global,i16LE_x10,2,4,1,-1,0.41162109375
xor,184,b,global_week9,global,u16BE_x10,2,4,1,-1,0.41162109375
xor,184,b,global_week9,global,i16BE_x10,2,4,1,-1,0.41162109375
xor,184,b,global_week9,global,u16LE_x100,2,1,1,14063,0.41162109375
xor,184,b,global_week9,global,i16LE_x100,2,1,1,14063,0.41162109375
xor,184,b,global_week9,global,bcd_normal,1,80,1,-1,105.37890625
xor,184,b,global_week9,global,bcd_swapped,1,136,1,-1,105.37890625
xor,185,b,global_week9,global,bcd_normal,1,146,1,-1,105.37890625
xor,185,b,global_week9,global,bcd_swapped,1,149,1,-1,105.37890625
xor,186,b,global_week9,global,bcd_normal,1,44,1,-1,105.37890625
xor,186,b,global_week9,global,bcd_swapped,1,137,1,-1,105.37890625
xor,187,b,global_week9,global,bcd_normal,1,189,1,-1,105.37890625
xor,187,b,global_week9,global,bcd_swapped,1,142,1,-1,105.37890625
xor,188,b,global_week9,global,u16LE_x1,2,1,1,16756,0.41162109375
xor,188,b,global_week9,global,i16LE_x1,2,1,1,16756,0.41162109375
xor,188,b,global_week9,global,u16BE_x1,2,1,1,22210,0.41162109375
xor,188,b,global_week9,global,i16BE_x1,2,1,1,22210,0.41162109375
xor,188,b,global_week9,global,bcd_normal,1,104,1,-1,105.37890625
xor,188,b,global_week9,global,bcd_swapped,1,218,1,-1,105.37890625
xor,189,b,global_week9,global,u16LE_x10,2,1,1,24971,0.41162109375
xor,189,b,global_week9,global,i16LE_x10,2,1,1,24971,0.41162109375
xor,189,b,global_week9,global,u16BE_x10,2,1,1,17651,0.41162109375
xor,189,b,global_week9,global,i16BE_x10,2,1,1,17651,0.41162109375
xor,189,b,global_week9,global,bcd_normal,1,95,1,-1,105.37890625
xor,189,b,global_week9,global,bcd_swapped,1,108,1,-1,105.37890625
xor,190,b,global_week9,global,bcd_normal,1,22,1,-1,105.37890625
xor,190,b,global_week9,global,bcd_swapped,1,160,1,-1,105.37890625
xor,191,b,global_week9,global,bcd_normal,1,84,1,-1,105.37890625
xor,191,b,global_week9,global,bcd_swapped,1,74,1,-1,105.37890625
xor,192,b,global_week9,global,bcd_normal,1,111,1,-1,105.37890625
xor,192,b,global_week9,global,bcd_swapped,1,124,1,-1,105.37890625
xor,193,b,global_week9,global,bcd_normal,1,58,1,-1,105.37890625
xor,193,b,global_week9,global,bcd_swapped,1,76,1,-1,105.37890625
xor,194,b,global_week9,global,u16LE_x10,2,1,1,13967,0.41162109375
xor,194,b,global_week9,global,i16LE_x10,2,1,1,13967,0.41162109375
xor,194,b,global_week9,global,u16BE_x10,2,1,1,17098,0.41162109375
xor,194,b,global_week9,global,i16BE_x10,2,1,1,17098,0.41162109375
xor,194,b,global_week9,global,bcd_normal,1,129,1,-1,105.37890625
xor,194,b,global_week9,global,bcd_swapped,1,71,1,-1,105.37890625
xor,195,b,global_week9,global,u16LE_x100,2,1,1,15058,0.41162109375
xor,195,b,global_week9,global,i16LE_x100,2,1,1,15058,0.41162109375
xor,195,b,global_week9,global,bcd_normal,1,104,1,-1,105.37890625
xor,195,b,global_week9,global,bcd_swapped,1,90,1,-1,105.37890625
xor,196,b,global_week9,global,bcd_normal,1,94,1,-1,105.37890625
xor,196,b,global_week9,global,bcd_swapped,1,153,1,-1,105.37890625
xor,197,b,global_week9,global,u16LE_x1,2,1,1,5551,0.41162109375
xor,197,b,global_week9,global,i16LE_x1,2,1,1,5551,0.41162109375
xor,197,b,global_week9,global,u16BE_x1,2,1,1,25058,0.41162109375
xor,197,b,global_week9,global,i16BE_x1,2,1,1,25058,0.41162109375
xor,197,b,global_week9,global,bcd_normal,1,107,1,-1,105.37890625
xor,197,b,global_week9,global,bcd_swapped,1,116,1,-1,105.37890625
xor,198,b,global_week9,global,bcd_normal,1,34,1,-1,105.37890625
xor,198,b,global_week9,global,bcd_swapped,1,183,1,-1,105.37890625
xor,199,b,global_week9,global,bcd_normal,1,81,1,-1,105.37890625
xor,199,b,global_week9,global,bcd_swapped,1,116,1,-1,105.37890625
xor,200,b,global_week9,global,u16LE_x100,2,1,1,17568,0.41162109375
xor,200,b,global_week9,global,i16LE_x100,2,1,1,17568,0.41162109375
xor,200,b,global_week9,global,bcd_normal,1,64,1,-1,105.37890625
xor,200,b,global_week9,global,bcd_swapped,1,168,1,-1,105.37890625
xor,201,b,global_week9,global,u16LE_x10,2,4,1,-1,0.41162109375
xor,201,b,global_week9,global,i16LE_x10,2,4,1,-1,0.41162109375
xor,201,b,global_week9,global,bcd_normal,1,199,1,-1,105.37890625
xor,201,b,global_week9,global,bcd_swapped,1,182,1,-1,105.37890625
xor,202,b,global_week9,global,bcd_normal,1,49,1,-1,105.37890625
xor,202,b,global_week9,global,bcd_swapped,1,122,1,-1,105.37890625
xor,203,b,global_week9,global,bcd_normal,1,122,1,-1,105.37890625
xor,203,b,global_week9,global,bcd_swapped,1,110,1,-1,105.37890625
xor,204,b,global_week9,global,u16LE_x1,2,1,1,25058,0.41162109375
xor,204,b,global_week9,global,i16LE_x1,2,1,1,25058,0.41162109375
xor,204,b,global_week9,global,u16BE_x1,2,1,1,5551,0.41162109375
xor,204,b,global_week9,global,i16BE_x1,2,1,1,5551,0.41162109375
xor,204,b,global_week9,global,bcd_normal,1,83,1,-1,105.37890625
xor,204,b,global_week9,global,bcd_swapped,1,89,1,-1,105.37890625
xor,205,b,global_week9,global,u16BE_x10,2,1,1,20574,0.41162109375
xor,205,b,global_week9,global,i16BE_x10,2,1,1,20574,0.41162109375
xor,205,b,global_week9,global,u16BE_x100,2,1,1,20579,0.41162109375
xor,205,b,global_week9,global,i16BE_x100,2,1,1,20579,0.41162109375
xor,205,b,global_week9,global,bcd_normal,1,189,1,-1,105.37890625
xor,205,b,global_week9,global,bcd_swapped,1,90,1,-1,105.37890625
xor,206,b,global_week9,global,u16LE_x10,2,2,1,-1,0.41162109375
xor,206,b,global_week9,global,i16LE_x10,2,2,1,-1,0.41162109375
xor,206,b,global_week9,global,bcd_normal,1,37,1,-1,105.37890625
xor,206,b,global_week9,global,bcd_swapped,1,65,1,-1,105.37890625
xor,207,b,global_week9,global,bcd_normal,1,52,1,-1,105.37890625
xor,207,b,global_week9,global,bcd_swapped,1,93,1,-1,105.37890625
xor,208,b,global_week9,global,u16LE_x100,2,1,1,18131,0.41162109375
xor,208,b,global_week9,global,i16LE_x100,2,1,1,18131,0.41162109375
xor,208,b,global_week9,global,bcd_normal,1,65,1,-1,105.37890625
xor,208,b,global_week9,global,bcd_swapped,1,209,1,-1,105.37890625
xor,209,b,global_week9,global,bcd_normal,1,39,1,-1,105.37890625
xor,209,b,global_week9,global,bcd_swapped,1,97,1,-1,105.37890625
xor,210,b,global_week9,global,bcd_normal,1,63,1,-1,105.37890625
xor,210,b,global_week9,global,bcd_swapped,1,131,1,-1,105.37890625
xor,211,b,global_week9,global,u16BE_x10,2,4,1,-1,0.41162109375
xor,211,b,global_week9,global,i16BE_x10,2,4,1,-1,0.41162109375
xor,211,b,global_week9,global,bcd_normal,1,76,1,-1,105.37890625
xor,211,b,global_week9,global,bcd_swapped,1,114,1,-1,105.37890625
xor,212,b,global_week9,global,u16LE_x100,2,1,1,24921,0.41162109375
xor,212,b,global_week9,global,i16LE_x100,2,1,1,24921,0.41162109375
xor,212,b,global_week9,global,bcd_normal,1,61,1,-1,105.37890625
xor,212,b,global_week9,global,bcd_swapped,1,165,1,-1,105.37890625
xor,213,b,global_week9,global,bcd_normal,1,61,1,-1,105.37890625
xor,213,b,global_week9,global,bcd_swapped,1,121,1,-1,105.37890625
xor,214,b,global_week9,global,u16BE_x100,2,1,1,2544,0.41162109375
xor,214,b,global_week9,global,i16BE_x100,2,1,1,2544,0.41162109375
xor,214,b,global_week9,global,bcd_normal,1,41,1,-1,105.37890625
xor,214,b,global_week9,global,bcd_swapped,1,71,1,-1,105.37890625
xor,215,b,global_week9,global,u16BE_x100,2,1,1,18081,0.41162109375
xor,215,b,global_week9,global,i16BE_x100,2,1,1,18081,0.41162109375
xor,215,b,global_week9,global,bcd_normal,1,69,1,-1,105.37890625
xor,215,b,global_week9,global,bcd_swapped,1,65,1,-1,105.37890625
xor,216,b,global_week9,global,u16BE_x10,2,2,1,-1,0.41162109375
xor,216,b,global_week9,global,i16BE_x10,2,2,1,-1,0.41162109375
xor,216,b,global_week9,global,bcd_normal,1,93,1,-1,105.37890625
xor,216,b,global_week9,global,bcd_swapped,1,109,1,-1,105.37890625
xor,217,b,global_week9,global,bcd_normal,1,102,1,-1,105.37890625
xor,217,b,global_week9,global,bcd_swapped,1,154,1,-1,105.37890625
xor,218,b,global_week9,global,u16BE_x100,2,1,1,2178,0.41162109375
xor,218,b,global_week9,global,i16BE_x100,2,1,1,2178,0.41162109375
xor,218,b,global_week9,global,bcd_normal,1,89,1,-1,105.37890625
xor,218,b,global_week9,global,bcd_swapped,1,176,1,-1,105.37890625
xor,219,b,global_week9,global,bcd_normal,1,56,1,-1,105.37890625
xor,219,b,global_week9,global,bcd_swapped,1,176,1,-1,105.37890625
xor,220,b,global_week9,global,bcd_normal,1,58,1,-1,105.37890625
xor,220,b,global_week9,global,bcd_swapped,1,160,1,-1,105.37890625
xor,221,b,global_week9,global,u16BE_x100,2,1,1,5133,0.41162109375
xor,221,b,global_week9,global,i16BE_x100,2,1,1,5133,0.41162109375
xor,221,b,global_week9,global,bcd_normal,1,69,1,-1,105.37890625
xor,221,b,global_week9,global,bcd_swapped,1,127,1,-1,105.37890625
xor,222,b,global_week9,global,bcd_normal,1,48,1,-1,105.37890625
xor,222,b,global_week9,global,bcd_swapped,1,102,1,-1,105.37890625
xor,223,b,global_week9,global,u16LE_x10,2,1,1,5626,0.41162109375
xor,223,b,global_week9,global,i16LE_x10,2,1,1,5626,0.41162109375
xor,223,b,global_week9,global,u16BE_x10,2,1,1,17584,0.41162109375
xor,223,b,global_week9,global,i16BE_x10,2,1,1,17584,0.41162109375
xor,223,b,global_week9,global,bcd_normal,1,80,1,-1,105.37890625
xor,223,b,global_week9,global,bcd_swapped,1,64,1,-1,105.37890625
xor,224,b,global_week9,global,bcd_normal,1,98,1,-1,105.37890625
xor,224,b,global_week9,global,bcd_swapped,1,89,1,-1,105.37890625
xor,225,b,global_week9,global,bcd_normal,1,59,1,-1,105.37890625
xor,225,b,global_week9,global,bcd_swapped,1,64,1,-1,105.37890625
xor,226,b,global_week9,global,u16LE_x10,2,4,1,-1,0.41162109375
xor,226,b,global_week9,global,i16LE_x10,2,4,1,-1,0.41162109375
xor,226,b,global_week9,global,u16BE_x10,2,4,1,-1,0.41162109375
xor,226,b,global_week9,global,i16BE_x10,2,4,1,-1,0.41162109375
xor,226,b,global_week9,global,bcd_normal,1,67,1,-1,105.37890625
xor,226,b,global_week9,global,bcd_swapped,1,59,1,-1,105.37890625
xor,227,b,global_week9,global,bcd_normal,1,88,1,-1,105.37890625
xor,227,b,global_week9,global,bcd_swapped,1,107,1,-1,105.37890625
xor,228,b,global_week9,global,u16BE_x100,2,1,1,2392,0.41162109375
xor,228,b,global_week9,global,i16BE_x100,2,1,1,2392,0.41162109375
xor,228,b,global_week9,global,bcd_normal,1,40,1,-1,105.37890625
xor,228,b,global_week9,global,bcd_swapped,1,95,1,-1,105.37890625
xor,229,b,global_week9,global,bcd_normal,1,39,1,-1,105.37890625
xor,229,b,global_week9,global,bcd_swapped,1,81,1,-1,105.37890625
xor,230,b,global_week9,global,u16LE_x100,2,1,1,2007,0.41162109375
xor,230,b,global_week9,global,i16LE_x100,2,1,1,2007,0.41162109375
xor,230,b,global_week9,global,bcd_normal,1,38,1,-1,105.37890625
xor,230,b,global_week9,global,bcd_swapped,1,32,1,-1,105.37890625
xor,231,b,global_week9,global,u16LE_x1,2,1,1,2220,0.41162109375
xor,231,b,global_week9,global,i16LE_x1,2,1,1,2220,0.41162109375
xor,231,b,global_week9,global,u16LE_x10,2,1,1,17651,0.41162109375
xor,231,b,global_week9,global,i16LE_x10,2,1,1,17651,0.41162109375
xor,231,b,global_week9,global,u16BE_x10,2,1,1,24971,0.41162109375
xor,231,b,global_week9,global,i16BE_x10,2,1,1,24971,0.41162109375
xor,231,b,global_week9,global,bcd_normal,1,30,1,-1,105.37890625
xor,231,b,global_week9,global,bcd_swapped,1,60,1,-1,105.37890625
xor,232,b,global_week9,global,bcd_normal,1,124,1,-1,105.37890625
xor,232,b,global_week9,global,bcd_swapped,1,68,1,-1,105.37890625
xor,233,b,global_week9,global,u16BE_x100,2,7,1,-1,0.41162109375
xor,233,b,global_week9,global,i16BE_x100,2,7,1,-1,0.41162109375
xor,233,b,global_week9,global,bcd_normal,1,226,1,-1,105.37890625
xor,233,b,global_week9,global,bcd_swapped,1,117,1,-1,105.37890625
xor,234,b,global_week9,global,u16BE_x100,2,1,1,4798,0.41162109375
xor,234,b,global_week9,global,i16BE_x100,2,1,1,4798,0.41162109375
xor,234,b,global_week9,global,bcd_normal,1,67,1,-1,105.37890625
xor,234,b,global_week9,global,bcd_swapped,1,20,1,-1,105.37890625
xor,235,b,global_week9,global,bcd_normal,1,156,1,-1,105.37890625
xor,235,b,global_week9,global,bcd_swapped,1,42,1,-1,105.37890625
xor,236,b,global_week9,global,u16LE_x10,2,2,1,-1,0.41162109375
xor,236,b,global_week9,global,i16LE_x10,2,2,1,-1,0.41162109375
xor,236,b,global_week9,global,bcd_normal,1,94,1,-1,105.37890625
xor,236,b,global_week9,global,bcd_swapped,1,93,1,-1,105.37890625
xor,237,b,global_week9,global,bcd_normal,1,79,1,-1,105.37890625
xor,237,b,global_week9,global,bcd_swapped,1,16,1,-1,105.37890625
xor,238,b,global_week9,global,u16BE_x1,2,1,1,2220,0.41162109375
xor,238,b,global_week9,global,i16BE_x1,2,1,1,2220,0.41162109375
xor,238,b,global_week9,global,u16LE_x10,2,1,1,4914,0.41162109375
xor,238,b,global_week9,global,i16LE_x10,2,1,1,4914,0.41162109375
xor,238,b,global_week9,global,bcd_normal,1,63,1,-1,105.37890625
xor,238,b,global_week9,global,bcd_swapped,1,22,1,-1,105.37890625
xor,239,b,global_week9,global,bcd_normal,1,86,1,-1,105.37890625
xor,239,b,global_week9,global,bcd_swapped,1,11,1,-1,105.37890625
xor,240,b,global_week9,global,bcd_normal,1,71,1,-1,105.37890625
xor,240,b,global_week9,global,bcd_swapped,1,138,1,-1,105.37890625
xor,241,b,global_week9,global,u16LE_x1,2,1,1,2588,0.41162109375
xor,241,b,global_week9,global,i16LE_x1,2,1,1,2588,0.41162109375
xor,241,b,global_week9,global,u16BE_x100,2,1,1,5545,0.41162109375
xor,241,b,global_week9,global,i16BE_x100,2,1,1,5545,0.41162109375
xor,241,b,global_week9,global,bcd_normal,1,132,1,-1,105.37890625
xor,241,b,global_week9,global,bcd_swapped,1,88,1,-1,105.37890625
xor,242,b,global_week9,global,bcd_normal,1,31,1,-1,105.37890625
xor,242,b,global_week9,global,bcd_swapped,1,123,1,-1,105.37890625
xor,243,b,global_week9,global,u16BE_x1,2,3,1,-1,0.41162109375
xor,243,b,global_week9,global,i16BE_x1,2,3,1,-1,0.41162109375
xor,243,b,global_week9,global,bcd_normal,1,61,1,-1,105.37890625
xor,243,b,global_week9,global,bcd_swapped,1,81,1,-1,105.37890625
xor,244,b,global_week9,global,bcd_normal,1,24,1,-1,105.37890625
xor,244,b,global_week9,global,bcd_swapped,1,110,1,-1,105.37890625
xor,245,b,global_week9,global,bcd_normal,1,44,1,-1,105.37890625
xor,245,b,global_week9,global,bcd_swapped,1,101,1,-1,105.37890625
xor,246,b,global_week9,global,bcd_normal,1,15,1,-1,105.37890625
xor,246,b,global_week9,global,bcd_swapped,1,90,1,-1,105.37890625
xor,247,b,global_week9,global,bcd_normal,1,221,1,-1,105.37890625
xor,247,b,global_week9,global,bcd_swapped,1,58,1,-1,105.37890625
xor,248,b,global_week9,global,u16BE_x1,2,1,1,2588,0.41162109375
xor,248,b,global_week9,global,i16BE_x1,2,1,1,2588,0.41162109375
xor,248,b,global_week9,global,bcd_normal,1,61,1,-1,105.37890625
xor,248,b,global_week9,global,bcd_swapped,1,80,1,-1,105.37890625
xor,249,b,global_week9,global,u16LE_x10,2,2,1,-1,0.41162109375
xor,249,b,global_week9,global,i16LE_x10,2,2,1,-1,0.41162109375
xor,249,b,global_week9,global,bcd_normal,1,80,1,-1,105.37890625
xor,249,b,global_week9,global,bcd_swapped,1,131,1,-1,105.37890625
xor,250,b,global_week9,global,u16LE_x1,2,3,1,-1,0.41162109375
xor,250,b,global_week9,global,i16LE_x1,2,3,1,-1,0.41162109375
xor,250,b,global_week9,global,bcd_normal,1,68,1,-1,105.37890625
xor,250,b,global_week9,global,bcd_swapped,1,88,1,-1,105.37890625
xor,251,b,global_week9,global,bcd_normal,1,71,1,-1,105.37890625
xor,251,b,global_week9,global,bcd_swapped,1,60,1,-1,105.37890625
xor,252,b,global_week9,global,bcd_normal,1,49,1,-1,105.37890625
xor,252,b,global_week9,global,bcd_swapped,1,94,1,-1,105.37890625
xor,253,b,global_week9,global,u16BE_x100,2,2,1,-1,0.41162109375
xor,253,b,global_week9,global,i16BE_x100,2,2,1,-1,0.41162109375
xor,253,b,global_week9,global,bcd_normal,1,40,1,-1,105.37890625
xor,253,b,global_week9,global,bcd_swapped,1,56,1,-1,105.37890625
xor,254,b,global_week9,global,bcd_normal,1,32,1,-1,105.37890625
xor,254,b,global_week9,global,bcd_swapped,1,76,1,-1,105.37890625
xor,255,b,global_week9,global,u16BE_x100,2,1,1,16540,0.41162109375
xor,255,b,global_week9,global,i16BE_x100,2,1,1,16540,0.41162109375
xor,255,b,global_week9,global,bcd_normal,1,23,1,-1,105.37890625
xor,255,b,global_week9,global,bcd_swapped,1,72,1,-1,105.37890625
nibble_swap,,b,global_week9,global,u16BE_x100,2,7,1,-1,0.41162109375
nibble_swap,,b,global_week9,global,i16BE_x100,2,7,1,-1,0.41162109375
nibble_swap,,b,global_week9,global,bcd_normal,1,124,1,-1,105.37890625
nibble_swap,,b,global_week9,global,bcd_swapped,1,206,1,-1,105.37890625
bit_reverse,,b,global_week9,global,u16BE_x100,2,8,1,-1,0.41162109375
bit_reverse,,b,global_week9,global,i16BE_x100,2,8,1,-1,0.41162109375
bit_reverse,,b,global_week9,global,bcd_normal,1,124,1,-1,105.37890625
bit_reverse,,b,global_week9,global,bcd_swapped,1,206,1,-1,105.37890625
raw,,b,global_week13,global,u16LE_x1,2,7,1,-1,0.41162109375
raw,,b,global_week13,global,i16LE_x1,2,7,1,-1,0.41162109375
raw,,b,global_week13,global,u16BE_x1,2,6,1,-1,0.41162109375
raw,,b,global_week13,global,i16BE_x1,2,6,1,-1,0.41162109375
raw,,b,global_week13,global,u32BE_x1,4,2,1,-1,6.280373781919479e-06
raw,,b,global_week13,global,i32BE_x1,4,2,1,-1,6.280373781919479e-06
raw,,b,global_week13,global,u16BE_x10,2,7,1,-1,0.41162109375
raw,,b,global_week13,global,i16BE_x10,2,7,1,-1,0.41162109375
raw,,b,global_week13,global,fx16.16_LE_s32,4,4,1,-1,6.280373781919479e-06
raw,,b,global_week13,global,fx16.16_LE_u32,4,4,1,-1,6.280373781919479e-06
raw,,b,global_week13,global,fx8.24_LE_s32,4,2,1,-1,6.280373781919479e-06
raw,,b,global_week13,global,fx8.24_LE_u32,4,2,1,-1,6.280373781919479e-06
raw,,b,global_week13,global,bcd_normal,1,206,1,-1,105.37890625
raw,,b,global_week13,global,bcd_swapped,1,82,1,-1,105.37890625
xor,1,b,global_week13,global,u16BE_x1,2,1,1,22852,0.41162109375
xor,1,b,global_week13,global,i16BE_x1,2,1,1,22852,0.41162109375
xor,1,b,global_week13,global,u16BE_x10,2,1,1,16997,0.41162109375
xor,1,b,global_week13,global,i16BE_x10,2,1,1,16997,0.41162109375
xor,1,b,global_week13,global,bcd_normal,1,209,1,-1,105.37890625
xor,1,b,global_week13,global,bcd_swapped,1,121,1,-1,105.37890625
xor,2,b,global_week13,global,u16LE_x10,2,9,1,-1,0.41162109375
xor,2,b,global_week13,global,i16LE_x10,2,9,1,-1,0.41162109375
xor,2,b,global_week13,global,bcd_normal,1,178,1,-1,105.37890625
xor,2,b,global_week13,global,bcd_swapped,1,119,1,-1,105.37890625
xor,3,b,global_week13,global,u16BE_x10,2,4,1,-1,0.41162109375
xor,3,b,global_week13,global,i16BE_x10,2,4,1,-1,0.41162109375
xor,3,b,global_week13,global,u16LE_x100,2,1,1,1381,0.41162109375
xor,3,b,global_week13,global,i16LE_x100,2,1,1,1381,0.41162109375
xor,3,b,global_week13,global,u16BE_x100,2,1,1,18469,0.41162109375
xor,3,b,global_week13,global,i16BE_x100,2,1,1,18469,0.41162109375
xor,3,b,global_week13,global,bcd_normal,1,181,1,-1,105.37890625
xor,3,b,global_week13,global,bcd_swapped,1,83,1,-1,105.37890625
xor,4,b,global_week13,global,u16LE_x1,2,1,1,18322,0.41162109375
xor,4,b,global_week13,global,i16LE_x1,2,1,1,18322,0.41162109375
xor,4,b,global_week13,global,u16LE_x100,2,1,1,18203,0.41162109375
xor,4,b,global_week13,global,i16LE_x100,2,1,1,18203,0.41162109375
xor,4,b,global_week13,global,bcd_normal,1,133,1,-1,105.37890625
xor,4,b,global_week13,global,bcd_swapped,1,106,1,-1,105.37890625
xor,5,b,global_week13,global,u16BE_x1,2,2,1,-1,0.41162109375
xor,5,b,global_week13,global,i16BE_x1,2,2,1,-1,0.41162109375
xor,5,b,global_week13,global,u16BE_x100,2,13,1,-1,0.41162109375
xor,5,b,global_week13,global,i16BE_x100,2,13,1,-1,0.41162109375
xor,5,b,global_week13,global,bcd_normal,1,114,1,-1,105.37890625
xor,5,b,global_week13,global,bcd_swapped,1,172,1,-1,105.37890625
xor,6,b,global_week13,global,bcd_normal,1,149,1,-1,105.37890625
xor,6,b,global_week13,global,bcd_swapped,1,68,1,-1,105.37890625
xor,7,b,global_week13,global,u16BE_x1,2,1,1,1706,0.41162109375
xor,7,b,global_week13,global,i16BE_x1,2,1,1,1706,0.41162109375
xor,7,b,global_week13,global,u16BE_x100,2,1,1,22588,0.41162109375
xor,7,b,global_week13,global,i16BE_x100,2,1,1,22588,0.41162109375
xor,7,b,global_week13,global,bcd_normal,1,132,1,-1,105.37890625
xor,7,b,global_week13,global,bcd_swapped,1,92,1,-1,105.37890625
xor,8,b,global_week13,global,u16LE_x1,2,2,1,-1,0.41162109375
xor,8,b,global_week13,global,i16LE_x1,2,2,1,-1,0.41162109375
xor,8,b,global_week13,global,u16LE_x10,2,1,1,14041,0.41162109375
xor,8,b,global_week13,global,i16LE_x10,2,1,1,14041,0.41162109375
xor,8,b,global_week13,global,u16BE_x100,2,1,1,5630,0.41162109375
xor,8,b,global_week13,global,i16BE_x100,2,1,1,5630,0.41162109375
xor,8,b,global_week13,global,bcd_normal,1,66,1,-1,105.37890625
xor,8,b,global_week13,global,bcd_swapped,1,95,1,-1,105.37890625
xor,9,b,global_week13,global,u16BE_x1,2,1,1,18322,0.41162109375
xor,9,b,global_week13,global,i16BE_x1,2,1,1,18322,0.41162109375
xor,9,b,global_week13,global,bcd_normal,1,58,1,-1,105.37890625
xor,9,b,global_week13,global,bcd_swapped,1,144,1,-1,105.37890625
xor,10,b,global_week13,global,u16LE_x1,2,1,1,1706,0.41162109375
xor,10,b,global_week13,global,i16LE_x1,2,1,1,1706,0.41162109375
xor,10,b,global_week13,global,u16LE_x10,2,8,1,-1,0.41162109375
xor,10,b,global_week13,global,i16LE_x10,2,8,1,-1,0.41162109375
xor,10,b,global_week13,global,u16BE_x10,2,5,1,-1,0.41162109375
xor,10,b,global_week13,global,i16BE_x10,2,5,1,-1,0.41162109375
xor,10,b,global_week13,global,bcd_normal,1,80,1,-1,105.37890625
xor,10,b,global_week13,global,bcd_swapped,1,57,1,-1,105.37890625
xor,11,b,global_week13,global,u16LE_x100,2,7,1,-1,0.41162109375
xor,11,b,global_week13,global,i16LE_x100,2,7,1,-1,0.41162109375
xor,11,b,global_week13,global,bcd_normal,1,98,1,-1,105.37890625
xor,11,b,global_week13,global,bcd_swapped,1,44,1,-1,105.37890625
xor,12,b,global_week13,global,u16LE_x1,2,1,1,22852,0.41162109375
xor,12,b,global_week13,global,i16LE_x1,2,1,1,22852,0.41162109375
xor,12,b,global_week13,global,u16BE_x100,2,1,1,17542,0.41162109375
xor,12,b,global_week13,global,i16BE_x100,2,1,1,17542,0.41162109375
xor,12,b,global_week13,global,bcd_normal,1,30,1,-1,105.37890625
xor,12,b,global_week13,global,bcd_swapped,1,41,1,-1,105.37890625
xor,13,b,global_week13,global,u16LE_x1,2,6,1,-1,0.41162109375
xor,13,b,global_week13,global,i16LE_x1,2,6,1,-1,0.41162109375
xor,13,b,global_week13,global,u16BE_x1,2,7,1,-1,0.41162109375
xor,13,b,global_week13,global,i16BE_x1,2,7,1,-1,0.41162109375
xor,13,b,global_week13,global,bcd_normal,1,64,1,-1,105.37890625
xor,13,b,global_week13,global,bcd_swapped,1,54,1,-1,105.37890625
xor,14,b,global_week13,global,u16BE_x10,2,1,1,5833,0.41162109375
xor,14,b,global_week13,global,i16BE_x10,2,1,1,5833,0.41162109375
xor,14,b,global_week13,global,bcd_normal,1,44,1,-1,105.37890625
xor,14,b,global_week13,global,bcd_swapped,1,16,1,-1,105.37890625
xor,15,b,global_week13,global,u16LE_x100,2,1,1,9328,0.41162109375
xor,15,b,global_week13,global,i16LE_x100,2,1,1,9328,0.41162109375
xor,15,b,global_week13,global,bcd_normal,1,85,1,-1,105.37890625
xor,15,b,global_week13,global,bcd_swapped,1,47,1,-1,105.37890625
xor,16,b,global_week13,global,u16LE_x1,2,5,1,-1,0.41162109375
xor,16,b,global_week13,global,i16LE_x1,2,5,1,-1,0.41162109375
xor,16,b,global_week13,global,u16BE_x10,2,1,1,17157,0.41162109375
xor,16,b,global_week13,global,i16BE_x10,2,1,1,17157,0.41162109375
xor,16,b,global_week13,global,bcd_normal,1,53,1,-1,105.37890625
xor,16,b,global_week13,global,bcd_swapped,1,112,1,-1,105.37890625
xor,17,b,global_week13,global,u16LE_x10,2,1,1,4751,0.41162109375
xor,17,b,global_week13,global,i16LE_x10,2,1,1,4751,0.41162109375
xor,17,b,global_week13,global,u16BE_x10,2,1,1,18023,0.41162109375
xor,17,b,global_week13,global,i16BE_x10,2,1,1,18023,0.41162109375
xor,17,b,global_week13,global,bcd_normal,1,261,1,-1,105.37890625
xor,17,b,global_week13,global,bcd_swapped,1,218,1,-1,105.37890625
xor,18,b,global_week13,global,u16LE_x1,2,1,1,22735,0.41162109375
xor,18,b,global_week13,global,i16LE_x1,2,1,1,22735,0.41162109375
xor,18,b,global_week13,global,u16LE_x100,2,1,1,18469,0.41162109375
xor,18,b,global_week13,global,i16LE_x100,2,1,1,18469,0.41162109375
xor,18,b,global_week13,global,u16BE_x100,2,1,1,1381,0.41162109375
xor,18,b,global_week13,global,i16BE_x100,2,1,1,1381,0.41162109375
xor,18,b,global_week13,global,bcd_normal,1,274,1,-1,105.37890625
xor,18,b,global_week13,global,bcd_swapped,1,98,1,-1,105.37890625
xor,19,b,global_week13,global,u16LE_x10,2,1,1,24870,0.41162109375
xor,19,b,global_week13,global,i16LE_x10,2,1,1,24870,0.41162109375
xor,19,b,global_week13,global,bcd_normal,1,1039,1,-1,105.37890625
xor,19,b,global_week13,global,bcd_swapped,1,136,1,-1,105.37890625
xor,20,b,global_week13,global,u16LE_x10,2,1,1,16861,0.41162109375
xor,20,b,global_week13,global,i16LE_x10,2,1,1,16861,0.41162109375
xor,20,b,global_week13,global,u16LE_x100,2,13,1,-1,0.41162109375
xor,20,b,global_week13,global,i16LE_x100,2,13,1,-1,0.41162109375
xor,20,b,global_week13,global,bcd_normal,1,44,1,-1,105.37890625
xor,20,b,global_week13,global,bcd_swapped,1,173,1,-1,105.37890625
xor,21,b,global_week13,global,u16BE_x100,2,1,1,18203,0.41162109375
xor,21,b,global_week13,global,i16BE_x100,2,1,1,18203,0.41162109375
xor,21,b,global_week13,global,bcd_normal,1,89,1,-1,105.37890625
xor,21,b,global_week13,global,bcd_swapped,1,105,1,-1,105.37890625
xor,22,b,global_week13,global,u16LE_x10,2,1,1,17297,0.41162109375
xor,22,b,global_week13,global,i16LE_x10,2,1,1,17297,0.41162109375
xor,22,b,global_week13,global,u16LE_x100,2,1,1,22588,0.41162109375
xor,22,b,global_week13,global,i16LE_x100,2,1,1,22588,0.41162109375
xor,22,b,global_week13,global,bcd_normal,1,99,1,-1,105.37890625
xor,22,b,global_week13,global,bcd_swapped,1,93,1,-1,105.37890625
xor,23,b,global_week13,global,u16BE_x1,2,1,1,8949,0.41162109375
xor,23,b,global_week13,global,i16BE_x1,2,1,1,8949,0.41162109375
xor,23,b,global_week13,global,bcd_normal,1,195,1,-1,105.37890625
xor,23,b,global_week13,global,bcd_swapped,1,219,1,-1,105.37890625
xor,24,b,global_week13,global,bcd_normal,1,87,1,-1,105.37890625
xor,24,b,global_week13,global,bcd_swapped,1,149,1,-1,105.37890625
xor,25,b,global_week13,global,u16LE_x100,2,1,1,5630,0.41162109375
xor,25,b,global_week13,global,i16LE_x100,2,1,1,5630,0.41162109375
xor,25,b,global_week13,global,bcd_normal,1,250,1,-1,105.37890625
xor,25,b,global_week13,global,bcd_swapped,1,136,1,-1,105.37890625
xor,26,b,global_week13,global,u16LE_x1,2,1,1,8949,0.41162109375
xor,26,b,global_week13,global,i16LE_x1,2,1,1,8949,0.41162109375
xor,26,b,global_week13,global,u16BE_x100,2,7,1,-1,0.41162109375
xor,26,b,global_week13,global,i16BE_x100,2,7,1,-1,0.41162109375
xor,26,b,global_week13,global,bcd_normal,1,206,1,-1,105.37890625
xor,26,b,global_week13,global,bcd_swapped,1,142,1,-1,105.37890625
xor,27,b,global_week13,global,bcd_normal,1,177,1,-1,105.37890625
xor,27,b,global_week13,global,bcd_swapped,1,137,1,-1,105.37890625
xor,28,b,global_week13,global,u16BE_x10,2,1,1,17524,0.41162109375
xor,28,b,global_week13,global,i16BE_x10,2,1,1,17524,0.41162109375
xor,28,b,global_week13,global,bcd_normal,1,40,1,-1,105.37890625
xor,28,b,global_week13,global,bcd_swapped,1,108,1,-1,105.37890625
xor,29,b,global_week13,global,u16BE_x1,2,5,1,-1,0.41162109375
xor,29,b,global_week13,global,i16BE_x1,2,5,1,-1,0.41162109375
xor,29,b,global_week13,global,u16LE_x100,2,1,1,17542,0.41162109375
xor,29,b,global_week13,global,i16LE_x100,2,1,1,17542,0.41162109375
xor,29,b,global_week13,global,bcd_normal,1,78,1,-1,105.37890625
xor,29,b,global_week13,global,bcd_swapped,1,218,1,-1,105.37890625
xor,30,b,global_week13,global,u16BE_x100,2,1,1,9328,0.41162109375
xor,30,b,global_week13,global,i16BE_x100,2,1,1,9328,0.41162109375
xor,30,b,global_week13,global,bcd_normal,1,66,1,-1,105.37890625
xor,30,b,global_week13,global,bcd_swapped,1,74,1,-1,105.37890625
xor,31,b,global_week13,global,u16BE_x1,2,1,1,22735,0.41162109375
xor,31,b,global_week13,global,i16BE_x1,2,1,1,22735,0.41162109375
xor,31,b,global_week13,global,bcd_normal,1,73,1,-1,105.37890625
xor,31,b,global_week13,global,bcd_swapped,1,160,1,-1,105.37890625
xor,32,b,global_week13,global,bcd_normal,1,119,1,-1,105.37890625
xor,32,b,global_week13,global,bcd_swapped,1,178,1,-1,105.37890625
xor,33,b,global_week13,global,u16LE_x1,2,5,1,-1,0.41162109375
xor,33,b,global_week13,global,i16LE_x1,2,5,1,-1,0.41162109375
xor,33,b,global_week13,global,bcd_normal,1,83,1,-1,105.37890625
xor,33,b,global_week13,global,bcd_swapped,1,181,1,-1,105.37890625
xor,34,b,global_week13,global,u16LE_x1,2,1,1,17433,0.41162109375
xor,34,b,global_week13,global,i16LE_x1,2,1,1,17433,0.41162109375
xor,34,b,global_week13,global,bcd_normal,1,82,1,-1,105.37890625
xor,34,b,global_week13,global,bcd_swapped,1,206,1,-1,105.37890625
xor,35,b,global_week13,global,u16LE_x1,2,7,1,-1,0.41162109375
xor,35,b,global_week13,global,i16LE_x1,2,7,1,-1,0.41162109375
xor,35,b,global_week13,global,bcd_normal,1,121,1,-1,105.37890625
xor,35,b,global_week13,global,bcd_swapped,1,209,1,-1,105.37890625
xor,36,b,global_week13,global,u16LE_x100,2,1,1,18207,0.41162109375
xor,36,b,global_week13,global,i16LE_x100,2,1,1,18207,0.41162109375
xor,36,b,global_week13,global,bcd_normal,1,68,1,-1,105.37890625
xor,36,b,global_week13,global,bcd_swapped,1,149,1,-1,105.37890625
xor,37,b,global_week13,global,u16BE_x1,2,7,1,-1,0.41162109375
xor,37,b,global_week13,global,i16BE_x1,2,7,1,-1,0.41162109375
xor,37,b,global_week13,global,u16LE_x100,2,1,1,19175,0.41162109375
xor,37,b,global_week13,global,i16LE_x100,2,1,1,19175,0.41162109375
xor,37,b,global_week13,global,bcd_normal,1,92,1,-1,105.37890625
xor,37,b,global_week13,global,bcd_swapped,1,132,1,-1,105.37890625
xor,38,b,global_week13,global,bcd_normal,1,106,1,-1,105.37890625
xor,38,b,global_week13,global,bcd_swapped,1,133,1,-1,105.37890625
xor,39,b,global_week13,global,u16LE_x100,2,1,1,25134,0.41162109375
xor,39,b,global_week13,global,i16LE_x100,2,1,1,25134,0.41162109375
xor,39,b,global_week13,global,bcd_normal,1,172,1,-1,105.37890625
xor,39,b,global_week13,global,bcd_swapped,1,114,1,-1,105.37890625
xor,40,b,global_week13,global,u16LE_x1,2,7,1,-1,0.41162109375
xor,40,b,global_week13,global,i16LE_x1,2,7,1,-1,0.41162109375
xor,40,b,global_week13,global,bcd_normal,1,57,1,-1,105.37890625
xor,40,b,global_week13,global,bcd_swapped,1,80,1,-1,105.37890625
xor,41,b,global_week13,global,u16BE_x10,2,1,1,18173,0.41162109375
xor,41,b,global_week13,global,i16BE_x10,2,1,1,18173,0.41162109375
xor,41,b,global_week13,global,bcd_normal,1,44,1,-1,105.37890625
xor,41,b,global_week13,global,bcd_swapped,1,98,1,-1,105.37890625
xor,42,b,global_week13,global,u16LE_x100,2,1,1,18906,0.41162109375
xor,42,b,global_week13,global,i16LE_x100,2,1,1,18906,0.41162109375
xor,42,b,global_week13,global,bcd_normal,1,95,1,-1,105.37890625
xor,42,b,global_week13,global,bcd_swapped,1,66,1,-1,105.37890625
xor,43,b,global_week13,global,bcd_normal,1,144,1,-1,105.37890625
xor,43,b,global_week13,global,bcd_swapped,1,58,1,-1,105.37890625
xor,44,b,global_week13,global,u16BE_x1,2,5,1,-1,0.41162109375
xor,44,b,global_week13,global,i16BE_x1,2,5,1,-1,0.41162109375
xor,44,b,global_week13,global,bcd_normal,1,16,1,-1,105.37890625
xor,44,b,global_week13,global,bcd_swapped,1,44,1,-1,105.37890625
xor,45,b,global_week13,global,bcd_normal,1,47,1,-1,105.37890625
xor,45,b,global_week13,global,bcd_swapped,1,85,1,-1,105.37890625
xor,46,b,global_week13,global,u16BE_x1,2,7,1,-1,0.41162109375
xor,46,b,global_week13,global,i16BE_x1,2,7,1,-1,0.41162109375
xor,46,b,global_week13,global,u16BE_x10,2,1,1,22263,0.41162109375
xor,46,b,global_week13,global,i16BE_x10,2,1,1,22263,0.41162109375
xor,46,b,global_week13,global,u16BE_x100,2,8,1,-1,0.41162109375
xor,46,b,global_week13,global,i16BE_x100,2,8,1,-1,0.41162109375
xor,46,b,global_week13,global,bcd_normal,1,41,1,-1,105.37890625
xor,46,b,global_week13,global,bcd_swapped,1,30,1,-1,105.37890625
xor,47,b,global_week13,global,u16BE_x1,2,1,1,17433,0.41162109375
xor,47,b,global_week13,global,i16BE_x1,2,1,1,17433,0.41162109375
xor,47,b,global_week13,global,bcd_normal,1,54,1,-1,105.37890625
xor,47,b,global_week13,global,bcd_swapped,1,64,1,-1,105.37890625
xor,48,b,global_week13,global,bcd_normal,1,98,1,-1,105.37890625
xor,48,b,global_week13,global,bcd_swapped,1,274,1,-1,105.37890625
xor,49,b,global_week13,global,bcd_normal,1,136,1,-1,105.37890625
xor,49,b,global_week13,global,bcd_swapped,1,1039,1,-1,105.37890625
xor,50,b,global_week13,global,bcd_normal,1,112,1,-1,105.37890625
xor,50,b,global_week13,global,bcd_swapped,1,53,1,-1,105.37890625
xor,51,b,global_week13,global,u16LE_x1,2,1,1,18655,0.41162109375
xor,51,b,global_week13,global,i16LE_x1,2,1,1,18655,0.41162109375
xor,51,b,global_week13,global,bcd_normal,1,218,1,-1,105.37890625
xor,51,b,global_week13,global,bcd_swapped,1,261,1,-1,105.37890625
xor,52,b,global_week13,global,u16BE_x1,2,5,1,-1,0.41162109375
xor,52,b,global_week13,global,i16BE_x1,2,5,1,-1,0.41162109375
xor,52,b,global_week13,global,u16BE_x100,2,1,1,19175,0.41162109375
xor,52,b,global_week13,global,i16BE_x100,2,1,1,19175,0.41162109375
xor,52,b,global_week13,global,bcd_normal,1,93,1,-1,105.37890625
xor,52,b,global_week13,global,bcd_swapped,1,99,1,-1,105.37890625
xor,53,b,global_week13,global,u16BE_x100,2,1,1,18207,0.41162109375
xor,53,b,global_week13,global,i16BE_x100,2,1,1,18207,0.41162109375
xor,53,b,global_week13,global,bcd_normal,1,219,1,-1,105.37890625
xor,53,b,global_week13,global,bcd_swapped,1,195,1,-1,105.37890625
xor,54,b,global_week13,global,u16BE_x100,2,1,1,25134,0.41162109375
xor,54,b,global_week13,global,i16BE_x100,2,1,1,25134,0.41162109375
xor,54,b,global_week13,global,bcd_normal,1,173,1,-1,105.37890625
xor,54,b,global_week13,global,bcd_swapped,1,44,1,-1,105.37890625
xor,55,b,global_week13,global,bcd_normal,1,105,1,-1,105.37890625
xor,55,b,global_week13,global,bcd_swapped,1,89,1,-1,105.37890625
xor,56,b,global_week13,global,bcd_normal,1,142,1,-1,105.37890625
xor,56,b,global_week13,global,bcd_swapped,1,206,1,-1,105.37890625
xor,57,b,global_week13,global,u16LE_x1,2,5,1,-1,0.41162109375
xor,57,b,global_week13,global,i16LE_x1,2,5,1,-1,0.41162109375
xor,57,b,global_week13,global,bcd_normal,1,137,1,-1,105.37890625
xor,57,b,global_week13,global,bcd_swapped,1,177,1,-1,105.37890625
xor,58,b,global_week13,global,bcd_normal,1,149,1,-1,105.37890625
xor,58,b,global_week13,global,bcd_swapped,1,87,1,-1,105.37890625
xor,59,b,global_week13,global,u16BE_x10,2,1,1,17677,0.41162109375
xor,59,b,global_week13,global,i16BE_x10,2,1,1,17677,0.41162109375
xor,59,b,global_week13,global,u16BE_x100,2,1,1,18906,0.41162109375
xor,59,b,global_week13,global,i16BE_x100,2,1,1,18906,0.41162109375
xor,59,b,global_week13,global,bcd_normal,1,136,1,-1,105.37890625
xor,59,b,global_week13,global,bcd_swapped,1,250,1,-1,105.37890625
xor,60,b,global_week13,global,u16LE_x10,2,1,1,17633,0.41162109375
xor,60,b,global_week13,global,i16LE_x10,2,1,1,17633,0.41162109375
xor,60,b,global_week13,global,bcd_normal,1,74,1,-1,105.37890625
xor,60,b,global_week13,global,bcd_swapped,1,66,1,-1,105.37890625
xor,61,b,global_week13,global,bcd_normal,1,160,1,-1,105.37890625
xor,61,b,global_week13,global,bcd_swapped,1,73,1,-1,105.37890625
xor,62,b,global_week13,global,u16BE_x1,2,1,1,18655,0.41162109375
xor,62,b,global_week13,global,i16BE_x1,2,1,1,18655,0.41162109375
xor,62,b,global_week13,global,bcd_normal,1,108,1,-1,105.37890625
xor,62,b,global_week13,global,bcd_swapped,1,40,1,-1,105.37890625
xor,63,b,global_week13,global,u16LE_x100,2,8,1,-1,0.41162109375
xor,63,b,global_week13,global,i16LE_x100,2,8,1,-1,0.41162109375
xor,63,b,global_week13,global,bcd_normal,1,218,1,-1,105.37890625
xor,63,b,global_week13,global,bcd_swapped,1,78,1,-1,105.37890625
xor,64,b,global_week13,global,u16LE_x1,2,8,1,-1,0.41162109375
xor,64,b,global_week13,global,i16LE_x1,2,8,1,-1,0.41162109375
xor,64,b,global_week13,global,u16BE_x100,2,2,1,-1,0.41162109375
xor,64,b,global_week13,global,i16BE_x100,2,2,1,-1,0.41162109375
xor,64,b,global_week13,global,bcd_normal,1,90,1,-1,105.37890625
xor,64,b,global_week13,global,bcd_swapped,1,64,1,-1,105.37890625
xor,65,b,global_week13,global,u16LE_x100,2,1,1,22230,0.41162109375
xor,65,b,global_week13,global,i16LE_x100,2,1,1,22230,0.41162109375
xor,65,b,global_week13,global,bcd_normal,1,71,1,-1,105.37890625
xor,65,b,global_week13,global,bcd_swapped,1,89,1,-1,105.37890625
xor,66,b,global_week13,global,u16LE_x10,2,1,1,16414,0.41162109375
xor,66,b,global_week13,global,i16LE_x10,2,1,1,16414,0.41162109375
xor,66,b,global_week13,global,bcd_normal,1,76,1,-1,105.37890625
xor,66,b,global_week13,global,bcd_swapped,1,107,1,-1,105.37890625
xor,67,b,global_week13,global,bcd_normal,1,124,1,-1,105.37890625
xor,67,b,global_week13,global,bcd_swapped,1,59,1,-1,105.37890625
xor,68,b,global_week13,global,u16LE_x1,2,17,1,-1,0.41162109375
xor,68,b,global_week13,global,i16LE_x1,2,17,1,-1,0.41162109375
xor,68,b,global_week13,global,u16BE_x10,2,1,1,16481,0.41162109375
xor,68,b,global_week13,global,i16BE_x10,2,1,1,16481,0.41162109375
xor,68,b,global_week13,global,bcd_normal,1,116,1,-1,105.37890625
xor,68,b,global_week13,global,bcd_swapped,1,81,1,-1,105.37890625
xor,69,b,global_week13,global,u16BE_x1,2,8,1,-1,0.41162109375
xor,69,b,global_week13,global,i16BE_x1,2,8,1,-1,0.41162109375
xor,69,b,global_week13,global,bcd_normal,1,183,1,-1,105.37890625
xor,69,b,global_week13,global,bcd_swapped,1,95,1,-1,105.37890625
xor,70,b,global_week13,global,u16LE_x1,2,1,1,14138,0.41162109375
xor,70,b,global_week13,global,i16LE_x1,2,1,1,14138,0.41162109375
xor,70,b,global_week13,global,u16LE_x10,2,6,1,-1,0.41162109375
xor,70,b,global_week13,global,i16LE_x10,2,6,1,-1,0.41162109375
xor,70,b,global_week13,global,bcd_normal,1,116,1,-1,105.37890625
xor,70,b,global_week13,global,bcd_swapped,1,60,1,-1,105.37890625
xor,71,b,global_week13,global,bcd_normal,1,153,1,-1,105.37890625
xor,71,b,global_week13,global,bcd_swapped,1,32,1,-1,105.37890625
xor,72,b,global_week13,global,u16LE_x1,2,8,1,-1,0.41162109375
xor,72,b,global_week13,global,i16LE_x1,2,8,1,-1,0.41162109375
xor,72,b,global_week13,global,u16BE_x10,2,1,1,22375,0.41162109375
xor,72,b,global_week13,global,i16BE_x10,2,1,1,22375,0.41162109375
xor,72,b,global_week13,global,u16LE_x100,2,8,1,-1,0.41162109375
xor,72,b,global_week13,global,i16LE_x100,2,8,1,-1,0.41162109375
xor,72,b,global_week13,global,bcd_normal,1,110,1,-1,105.37890625
xor,72,b,global_week13,global,bcd_swapped,1,117,1,-1,105.37890625
xor,73,b,global_week13,global,u16BE_x1,2,17,1,-1,0.41162109375
xor,73,b,global_week13,global,i16BE_x1,2,17,1,-1,0.41162109375
xor,73,b,global_week13,global,bcd_normal,1,122,1,-1,105.37890625
xor,73,b,global_week13,global,bcd_swapped,1,68,1,-1,105.37890625
xor,74,b,global_week13,global,u16BE_x10,2,7,1,-1,0.41162109375
xor,74,b,global_week13,global,i16BE_x10,2,7,1,-1,0.41162109375
xor,74,b,global_week13,global,bcd_normal,1,182,1,-1,105.37890625
xor,74,b,global_week13,global,bcd_swapped,1,42,1,-1,105.37890625
xor,75,b,global_week13,global,u16BE_x1,2,1,1,14138,0.41162109375
xor,75,b,global_week13,global,i16BE_x1,2,1,1,14138,0.41162109375
xor,75,b,global_week13,global,u16BE_x10,2,14,1,-1,0.41162109375
xor,75,b,global_week13,global,i16BE_x10,2,14,1,-1,0.41162109375
xor,75,b,global_week13,global,bcd_normal,1,168,1,-1,105.37890625
xor,75,b,global_week13,global,bcd_swapped,1,20,1,-1,105.37890625
xor,76,b,global_week13,global,u16LE_x10,2,2,1,-1,0.41162109375
xor,76,b,global_week13,global,i16LE_x10,2,2,1,-1,0.41162109375
xor,76,b,global_week13,global,u16BE_x10,2,1,1,5548,0.41162109375
xor,76,b,global_week13,global,i16BE_x10,2,1,1,5548,0.41162109375
xor,76,b,global_week13,global,bcd_normal,1,93,1,-1,105.37890625
xor,76,b,global_week13,global,bcd_swapped,1,16,1,-1,105.37890625
xor,77,b,global_week13,global,u16BE_x1,2,8,1,-1,0.41162109375
xor,77,b,global_week13,global,i16BE_x1,2,8,1,-1,0.41162109375
xor,77,b,global_week13,global,bcd_normal,1,65,1,-1,105.37890625
xor,77,b,global_week13,global,bcd_swapped,1,93,1,-1,105.37890625
xor,78,b,global_week13,global,u16LE_x100,2,1,1,5268,0.41162109375
xor,78,b,global_week13,global,i16LE_x100,2,1,1,5268,0.41162109375
xor,78,b,global_week13,global,bcd_normal,1,90,1,-1,105.37890625
xor,78,b,global_week13,global,bcd_swapped,1,11,1,-1,105.37890625
xor,79,b,global_week13,global,bcd_normal,1,89,1,-1,105.37890625
xor,79,b,global_week13,global,bcd_swapped,1,22,1,-1,105.37890625
xor,80,b,global_week13,global,u16BE_x100,2,1,1,22230,0.41162109375
xor,80,b,global_week13,global,i16BE_x100,2,1,1,22230,0.41162109375
xor,80,b,global_week13,global,bcd_normal,1,114,1,-1,105.37890625
xor,80,b,global_week13,global,bcd_swapped,1,88,1,-1,105.37890625
xor,81,b,global_week13,global,u16BE_x10,2,1,1,16911,0.41162109375
xor,81,b,global_week13,global,i16BE_x10,2,1,1,16911,0.41162109375
xor,81,b,global_week13,global,u16LE_x100,2,2,1,-1,0.41162109375
xor,81,b,global_week13,global,i16LE_x100,2,2,1,-1,0.41162109375
xor,81,b,global_week13,global,bcd_normal,1,131,1,-1,105.37890625
xor,81,b,global_week13,global,bcd_swapped,1,138,1,-1,105.37890625
xor,82,b,global_week13,global,bcd_normal,1,97,1,-1,105.37890625
xor,82,b,global_week13,global,bcd_swapped,1,81,1,-1,105.37890625
xor,83,b,global_week13,global,bcd_normal,1,209,1,-1,105.37890625
xor,83,b,global_week13,global,bcd_swapped,1,123,1,-1,105.37890625
xor,84,b,global_week13,global,u16LE_x1,2,1,1,17838,0.41162109375
xor,84,b,global_week13,global,i16LE_x1,2,1,1,17838,0.41162109375
xor,84,b,global_week13,global,bcd_normal,1,65,1,-1,105.37890625
xor,84,b,global_week13,global,bcd_swapped,1,101,1,-1,105.37890625
xor,85,b,global_week13,global,u16BE_x1,2,6,1,-1,0.41162109375
xor,85,b,global_week13,global,i16BE_x1,2,6,1,-1,0.41162109375
xor,85,b,global_week13,global,bcd_normal,1,71,1,-1,105.37890625
xor,85,b,global_week13,global,bcd_swapped,1,110,1,-1,105.37890625
xor,86,b,global_week13,global,u16LE_x1,2,1,1,18789,0.41162109375
xor,86,b,global_week13,global,i16LE_x1,2,1,1,18789,0.41162109375
xor,86,b,global_week13,global,bcd_normal,1,121,1,-1,105.37890625
xor,86,b,global_week13,global,bcd_swapped,1,58,1,-1,105.37890625
xor,87,b,global_week13,global,u16LE_x1,2,5,1,-1,0.41162109375
xor,87,b,global_week13,global,i16LE_x1,2,5,1,-1,0.41162109375
xor,87,b,global_week13,global,bcd_normal,1,165,1,-1,105.37890625
xor,87,b,global_week13,global,bcd_swapped,1,90,1,-1,105.37890625
xor,88,b,global_week13,global,u16LE_x1,2,6,1,-1,0.41162109375
xor,88,b,global_week13,global,i16LE_x1,2,6,1,-1,0.41162109375
xor,88,b,global_week13,global,u32LE_x1,4,5,1,-1,6.280373781919479e-06
xor,88,b,global_week13,global,i32LE_x1,4,5,1,-1,6.280373781919479e-06
xor,88,b,global_week13,global,fx8.24_BE_s32,4,5,1,-1,6.280373781919479e-06
xor,88,b,global_week13,global,fx8.24_BE_u32,4,5,1,-1,6.280373781919479e-06
xor,88,b,global_week13,global,bcd_normal,1,176,1,-1,105.37890625
xor,88,b,global_week13,global,bcd_swapped,1,131,1,-1,105.37890625
xor,89,b,global_week13,global,u16BE_x1,2,1,1,17838,0.41162109375
xor,89,b,global_week13,global,i16BE_x1,2,1,1,17838,0.41162109375
xor,89,b,global_week13,global,u16BE_x10,2,1,1,21007,0.41162109375
xor,89,b,global_week13,global,i16BE_x10,2,1,1,21007,0.41162109375
xor,89,b,global_week13,global,u16BE_x100,2,8,1,-1,0.41162109375
xor,89,b,global_week13,global,i16BE_x100,2,8,1,-1,0.41162109375
xor,89,b,global_week13,global,bcd_normal,1,176,1,-1,105.37890625
xor,89,b,global_week13,global,bcd_swapped,1,80,1,-1,105.37890625
xor,90,b,global_week13,global,u16BE_x1,2,5,1,-1,0.41162109375
xor,90,b,global_week13,global,i16BE_x1,2,5,1,-1,0.41162109375
xor,90,b,global_week13,global,bcd_normal,1,154,1,-1,105.37890625
xor,90,b,global_week13,global,bcd_swapped,1,60,1,-1,105.37890625
xor,91,b,global_week13,global,u16BE_x1,2,1,1,18789,0.41162109375
xor,91,b,global_week13,global,i16BE_x1,2,1,1,18789,0.41162109375
xor,91,b,global_week13,global,bcd_normal,1,109,1,-1,105.37890625
xor,91,b,global_week13,global,bcd_swapped,1,88,1,-1,105.37890625
xor,92,b,global_week13,global,bcd_normal,1,64,1,-1,105.37890625
xor,92,b,global_week13,global,bcd_swapped,1,56,1,-1,105.37890625
xor,93,b,global_week13,global,bcd_normal,1,102,1,-1,105.37890625
xor,93,b,global_week13,global,bcd_swapped,1,94,1,-1,105.37890625
xor,94,b,global_week13,global,bcd_normal,1,127,1,-1,105.37890625
xor,94,b,global_week13,global,bcd_swapped,1,72,1,-1,105.37890625
xor,95,b,global_week13,global,u16BE_x100,2,1,1,5268,0.41162109375
xor,95,b,global_week13,global,i16BE_x100,2,1,1,5268,0.41162109375
xor,95,b,global_week13,global,bcd_normal,1,160,1,-1,105.37890625
xor,95,b,global_week13,global,bcd_swapped,1,76,1,-1,105.37890625
xor,96,b,global_week13,global,bcd_normal,1,107,1,-1,105.37890625
xor,96,b,global_week13,global,bcd_swapped,1,76,1,-1,105.37890625
xor,97,b,global_week13,global,bcd_normal,1,59,1,-1,105.37890625
xor,97,b,global_week13,global,bcd_swapped,1,124,1,-1,105.37890625
xor,98,b,global_week13,global,u16BE_x1,2,1,1,15191,0.41162109375
xor,98,b,global_week13,global,i16BE_x1,2,1,1,15191,0.41162109375
xor,98,b,global_week13,global,u16LE_x10,2,10,1,-1,0.41162109375
xor,98,b,global_week13,global,i16LE_x10,2,10,1,-1,0.41162109375
xor,98,b,global_week13,global,u16BE_x10,2,9,1,-1,0.41162109375
xor,98,b,global_week13,global,i16BE_x10,2,9,1,-1,0.41162109375
xor,98,b,global_week13,global,bcd_normal,1,64,1,-1,105.37890625
xor,98,b,global_week13,global,bcd_swapped,1,90,1,-1,105.37890625
xor,99,b,global_week13,global,u16LE_x10,2,1,1,2189,0.41162109375
xor,99,b,global_week13,global,i16LE_x10,2,1,1,2189,0.41162109375
xor,99,b,global_week13,global,u16BE_x100,2,1,1,19042,0.41162109375
xor,99,b,global_week13,global,i16BE_x100,2,1,1,19042,0.41162109375
xor,99,b,global_week13,global,bcd_normal,1,89,1,-1,105.37890625
xor,99,b,global_week13,global,bcd_swapped,1,71,1,-1,105.37890625
xor,100,b,global_week13,global,u16LE_x10,2,2,1,-1,0.41162109375
xor,100,b,global_week13,global,i16LE_x10,2,2,1,-1,0.41162109375
xor,100,b,global_week13,global,u16LE_x100,2,1,1,20523,0.41162109375
xor,100,b,global_week13,global,i16LE_x100,2,1,1,20523,0.41162109375
xor,100,b,global_week13,global,bcd_normal,1,60,1,-1,105.37890625
xor,100,b,global_week13,global,bcd_swapped,1,116,1,-1,105.37890625
xor,101,b,global_week13,global,u16BE_x1,2,13,1,-1,0.41162109375
xor,101,b,global_week13,global,i16BE_x1,2,13,1,-1,0.41162109375
xor,101,b,global_week13,global,u16BE_x10,2,1,1,18979,0.41162109375
xor,101,b,global_week13,global,i16BE_x10,2,1,1,18979,0.41162109375
xor,101,b,global_week13,global,u16LE_x100,2,1,1,19011,0.41162109375
xor,101,b,global_week13,global,i16LE_x100,2,1,1,19011,0.41162109375
xor,101,b,global_week13,global,bcd_normal,1,32,1,-1,105.37890625
xor,101,b,global_week13,global,bcd_swapped,1,153,1,-1,105.37890625
xor,102,b,global_week13,global,bcd_normal,1,81,1,-1,105.37890625
xor,102,b,global_week13,global,bcd_swapped,1,116,1,-1,105.37890625
xor,103,b,global_week13,global,bcd_normal,1,95,1,-1,105.37890625
xor,103,b,global_week13,global,bcd_swapped,1,183,1,-1,105.37890625
xor,104,b,global_week13,global,u16LE_x1,2,13,1,-1,0.41162109375
xor,104,b,global_week13,global,i16LE_x1,2,13,1,-1,0.41162109375
xor,104,b,global_week13,global,u16LE_x10,2,1,1,16389,0.41162109375
xor,104,b,global_week13,global,i16LE_x10,2,1,1,16389,0.41162109375
xor,104,b,global_week13,global,u16LE_x100,2,1,1,19069,0.41162109375
xor,104,b,global_week13,global,i16LE_x100,2,1,1,19069,0.41162109375
xor,104,b,global_week13,global,bcd_normal,1,42,1,-1,105.37890625
xor,104,b,global_week13,global,bcd_swapped,1,182,1,-1,105.37890625
xor,105,b,global_week13,global,bcd_normal,1,20,1,-1,105.37890625
xor,105,b,global_week13,global,bcd_swapped,1,168,1,-1,105.37890625
xor,106,b,global_week13,global,bcd_normal,1,117,1,-1,105.37890625
xor,106,b,global_week13,global,bcd_swapped,1,110,1,-1,105.37890625
xor,107,b,global_week13,global,bcd_normal,1,68,1,-1,105.37890625
xor,107,b,global_week13,global,bcd_swapped,1,122,1,-1,105.37890625
xor,108,b,global_week13,global,u16LE_x10,2,2,1,-1,0.41162109375
xor,108,b,global_week13,global,i16LE_x10,2,2,1,-1,0.41162109375
xor,108,b,global_week13,global,bcd_normal,1,11,1,-1,105.37890625
xor,108,b,global_week13,global,bcd_swapped,1,90,1,-1,105.37890625
xor,109,b,global_week13,global,u16LE_x10,2,1,1,25184,0.41162109375
xor,109,b,global_week13,global,i16LE_x10,2,1,1,25184,0.41162109375
xor,109,b,global_week13,global,bcd_normal,1,22,1,-1,105.37890625
xor,109,b,global_week13,global,bcd_swapped,1,89,1,-1,105.37890625
xor,110,b,global_week13,global,bcd_normal,1,16,1,-1,105.37890625
xor,110,b,global_week13,global,bcd_swapped,1,93,1,-1,105.37890625
xor,111,b,global_week13,global,u16LE_x1,2,1,1,15191,0.41162109375
xor,111,b,global_week13,global,i16LE_x1,2,1,1,15191,0.41162109375
xor,111,b,global_week13,global,bcd_normal,1,93,1,-1,105.37890625
xor,111,b,global_week13,global,bcd_swapped,1,65,1,-1,105.37890625
xor,112,b,global_week13,global,u16LE_x1,2,5,1,-1,0.41162109375
xor,112,b,global_week13,global,i16LE_x1,2,5,1,-1,0.41162109375
xor,112,b,global_week13,global,bcd_normal,1,81,1,-1,105.37890625
xor,112,b,global_week13,global,bcd_swapped,1,97,1,-1,105.37890625
xor,113,b,global_week13,global,u16BE_x10,2,1,1,19040,0.41162109375
xor,113,b,global_week13,global,i16BE_x10,2,1,1,19040,0.41162109375
xor,113,b,global_week13,global,bcd_normal,1,123,1,-1,105.37890625
xor,113,b,global_week13,global,bcd_swapped,1,209,1,-1,105.37890625
xor,114,b,global_week13,global,u16BE_x10,2,1,1,16465,0.41162109375
xor,114,b,global_week13,global,i16BE_x10,2,1,1,16465,0.41162109375
xor,114,b,global_week13,global,u16LE_x100,2,1,1,19042,0.41162109375
xor,114,b,global_week13,global,i16LE_x100,2,1,1,19042,0.41162109375
xor,114,b,global_week13,global,bcd_normal,1,88,1,-1,105.37890625
xor,114,b,global_week13,global,bcd_swapped,1,114,1,-1,105.37890625
xor,115,b,global_week13,global,bcd_normal,1,138,1,-1,105.37890625
xor,115,b,global_week13,global,bcd_swapped,1,131,1,-1,105.37890625
xor,116,b,global_week13,global,u16LE_x1,2,5,1,-1,0.41162109375
xor,116,b,global_week13,global,i16LE_x1,2,5,1,-1,0.41162109375
xor,116,b,global_week13,global,u16BE_x1,2,13,1,-1,0.41162109375
xor,116,b,global_week13,global,i16BE_x1,2,13,1,-1,0.41162109375
xor,116,b,global_week13,global,u16BE_x100,2,1,1,19011,0.41162109375
xor,116,b,global_week13,global,i16BE_x100,2,1,1,19011,0.41162109375
xor,116,b,global_week13,global,bcd_normal,1,58,1,-1,105.37890625
xor,116,b,global_week13,global,bcd_swapped,1,121,1,-1,105.37890625
xor,117,b,global_week13,global,u16BE_x1,2,13,1,-1,0.41162109375
xor,117,b,global_week13,global,i16BE_x1,2,13,1,-1,0.41162109375
xor,117,b,global_week13,global,u16BE_x100,2,1,1,20523,0.41162109375
xor,117,b,global_week13,global,i16BE_x100,2,1,1,20523,0.41162109375
xor,117,b,global_week13,global,bcd_normal,1,90,1,-1,105.37890625
xor,117,b,global_week13,global,bcd_swapped,1,165,1,-1,105.37890625
xor,118,b,global_week13,global,bcd_normal,1,101,1,-1,105.37890625
xor,118,b,global_week13,global,bcd_swapped,1,65,1,-1,105.37890625
xor,119,b,global_week13,global,bcd_normal,1,110,1,-1,105.37890625
xor,119,b,global_week13,global,bcd_swapped,1,71,1,-1,105.37890625
xor,120,b,global_week13,global,u16LE_x1,2,13,1,-1,0.41162109375
xor,120,b,global_week13,global,i16LE_x1,2,13,1,-1,0.41162109375
xor,120,b,global_week13,global,bcd_normal,1,60,1,-1,105.37890625
xor,120,b,global_week13,global,bcd_swapped,1,154,1,-1,105.37890625
xor,121,b,global_week13,global,u16LE_x1,2,13,1,-1,0.41162109375
xor,121,b,global_week13,global,i16LE_x1,2,13,1,-1,0.41162109375
xor,121,b,global_week13,global,u16BE_x1,2,5,1,-1,0.41162109375
xor,121,b,global_week13,global,i16BE_x1,2,5,1,-1,0.41162109375
xor,121,b,global_week13,global,u16BE_x100,2,1,1,19069,0.41162109375
xor,121,b,global_week13,global,i16BE_x100,2,1,1,19069,0.41162109375
xor,121,b,global_week13,global,bcd_normal,1,88,1,-1,105.37890625
xor,121,b,global_week13,global,bcd_swapped,1,109,1,-1,105.37890625
xor,122,b,global_week13,global,bcd_normal,1,131,1,-1,105.37890625
xor,122,b,global_week13,global,bcd_swapped,1,176,1,-1,105.37890625
xor,123,b,global_week13,global,u16BE_x10,2,2,1,-1,0.41162109375
xor,123,b,global_week13,global,i16BE_x10,2,2,1,-1,0.41162109375
xor,123,b,global_week13,global,bcd_normal,1,80,1,-1,105.37890625
xor,123,b,global_week13,global,bcd_swapped,1,176,1,-1,105.37890625
xor,124,b,global_week13,global,u16BE_x10,2,1,1,17929,0.41162109375
xor,124,b,global_week13,global,i16BE_x10,2,1,1,17929,0.41162109375
xor,124,b,global_week13,global,bcd_normal,1,72,1,-1,105.37890625
xor,124,b,global_week13,global,bcd_swapped,1,127,1,-1,105.37890625
xor,125,b,global_week13,global,u16BE_x1,2,5,1,-1,0.41162109375
xor,125,b,global_week13,global,i16BE_x1,2,5,1,-1,0.41162109375
xor,125,b,global_week13,global,bcd_normal,1,76,1,-1,105.37890625
xor,125,b,global_week13,global,bcd_swapped,1,160,1,-1,105.37890625
xor,126,b,global_week13,global,bcd_normal,1,56,1,-1,105.37890625
xor,126,b,global_week13,global,bcd_swapped,1,64,1,-1,105.37890625
xor,127,b,global_week13,global,bcd_normal,1,94,1,-1,105.37890625
xor,127,b,global_week13,global,bcd_swapped,1,102,1,-1,105.37890625
xor,128,b,global_week13,global,u16LE_x1,2,21,1,-1,0.41162109375
xor,128,b,global_week13,global,i16LE_x1,2,21,1,-1,0.41162109375
xor,128,b,global_week13,global,u16BE_x10,2,9,1,-1,0.41162109375
xor,128,b,global_week13,global,i16BE_x10,2,9,1,-1,0.41162109375
xor,128,b,global_week13,global,bcd_normal,1,109,1,-1,105.37890625
xor,128,b,global_week13,global,bcd_swapped,1,80,1,-1,105.37890625
xor,129,b,global_week13,global,u16LE_x10,2,4,1,-1,0.41162109375
xor,129,b,global_week13,global,i16LE_x10,2,4,1,-1,0.41162109375
xor,129,b,global_week13,global,bcd_normal,1,138,1,-1,105.37890625
xor,129,b,global_week13,global,bcd_swapped,1,146,1,-1,105.37890625
xor,130,b,global_week13,global,u16LE_x10,2,7,1,-1,0.41162109375
xor,130,b,global_week13,global,i16LE_x10,2,7,1,-1,0.41162109375
xor,130,b,global_week13,global,bcd_normal,1,104,1,-1,105.37890625
xor,130,b,global_week13,global,bcd_swapped,1,44,1,-1,105.37890625
xor,131,b,global_week13,global,u16LE_x10,2,1,1,16997,0.41162109375
xor,131,b,global_week13,global,i16LE_x10,2,1,1,16997,0.41162109375
xor,131,b,global_week13,global,u16LE_x100,2,1,1,18428,0.41162109375
xor,131,b,global_week13,global,i16LE_x100,2,1,1,18428,0.41162109375
xor,131,b,global_week13,global,bcd_normal,1,124,1,-1,105.37890625
xor,131,b,global_week13,global,bcd_swapped,1,189,1,-1,105.37890625
xor,132,b,global_week13,global,u16LE_x1,2,1,1,20503,0.41162109375
xor,132,b,global_week13,global,i16LE_x1,2,1,1,20503,0.41162109375
xor,132,b,global_week13,global,u16BE_x100,2,4,1,-1,0.41162109375
xor,132,b,global_week13,global,i16BE_x100,2,4,1,-1,0.41162109375
xor,132,b,global_week13,global,bcd_normal,1,149,1,-1,105.37890625
xor,132,b,global_week13,global,bcd_swapped,1,104,1,-1,105.37890625
xor,133,b,global_week13,global,u16LE_x1,2,1,1,5464,0.41162109375
xor,133,b,global_week13,global,i16LE_x1,2,1,1,5464,0.41162109375
xor,133,b,global_week13,global,u16BE_x1,2,10,1,-1,0.41162109375
xor,133,b,global_week13,global,i16BE_x1,2,10,1,-1,0.41162109375
xor,133,b,global_week13,global,bcd_normal,1,135,1,-1,105.37890625
xor,133,b,global_week13,global,bcd_swapped,1,95,1,-1,105.37890625
xor,134,b,global_week13,global,bcd_normal,1,162,1,-1,105.37890625
xor,134,b,global_week13,global,bcd_swapped,1,22,1,-1,105.37890625
xor,135,b,global_week13,global,bcd_normal,1,169,1,-1,105.37890625
xor,135,b,global_week13,global,bcd_swapped,1,84,1,-1,105.37890625
xor,136,b,global_week13,global,u16LE_x1,2,10,1,-1,0.41162109375
xor,136,b,global_week13,global,i16LE_x1,2,10,1,-1,0.41162109375
xor,136,b,global_week13,global,u16BE_x1,2,1,1,5464,0.41162109375
xor,136,b,global_week13,global,i16BE_x1,2,1,1,5464,0.41162109375
xor,136,b,global_week13,global,u16LE_x10,2,5,1,-1,0.41162109375
xor,136,b,global_week13,global,i16LE_x10,2,5,1,-1,0.41162109375
xor,136,b,global_week13,global,u16BE_x10,2,8,1,-1,0.41162109375
xor,136,b,global_week13,global,i16BE_x10,2,8,1,-1,0.41162109375
xor,136,b,global_week13,global,bcd_normal,1,64,1,-1,105.37890625
xor,136,b,global_week13,global,bcd_swapped,1,128,1,-1,105.37890625
xor,137,b,global_week13,global,u16BE_x1,2,1,1,20503,0.41162109375
xor,137,b,global_week13,global,i16BE_x1,2,1,1,20503,0.41162109375
xor,137,b,global_week13,global,u32BE_x1,4,1,1,20501,6.280373781919479e-06
xor,137,b,global_week13,global,i32BE_x1,4,1,1,20501,6.280373781919479e-06
xor,137,b,global_week13,global,fx8.24_LE_s32,4,1,1,20501,6.280373781919479e-06
xor,137,b,global_week13,global,fx8.24_LE_u32,4,1,1,20501,6.280373781919479e-06
xor,137,b,global_week13,global,bcd_normal,1,200,1,-1,105.37890625
xor,137,b,global_week13,global,bcd_swapped,1,66,1,-1,105.37890625
xor,138,b,global_week13,global,u16BE_x10,2,1,1,14041,0.41162109375
xor,138,b,global_week13,global,i16BE_x10,2,1,1,14041,0.41162109375
xor,138,b,global_week13,global,bcd_normal,1,158,1,-1,105.37890625
xor,138,b,global_week13,global,bcd_swapped,1,59,1,-1,105.37890625
xor,139,b,global_week13,global,bcd_normal,1,106,1,-1,105.37890625
xor,139,b,global_week13,global,bcd_swapped,1,45,1,-1,105.37890625
xor,140,b,global_week13,global,u16LE_x10,2,1,1,5833,0.41162109375
xor,140,b,global_week13,global,i16LE_x10,2,1,1,5833,0.41162109375
xor,140,b,global_week13,global,bcd_normal,1,39,1,-1,105.37890625
xor,140,b,global_week13,global,bcd_swapped,1,42,1,-1,105.37890625
xor,141,b,global_week13,global,u16BE_x1,2,21,1,-1,0.41162109375
xor,141,b,global_week13,global,i16BE_x1,2,21,1,-1,0.41162109375
xor,141,b,global_week13,global,u16BE_x100,2,1,1,17673,0.41162109375
xor,141,b,global_week13,global,i16BE_x100,2,1,1,17673,0.41162109375
xor,141,b,global_week13,global,bcd_normal,1,32,1,-1,105.37890625
xor,141,b,global_week13,global,bcd_swapped,1,121,1,-1,105.37890625
xor,142,b,global_week13,global,bcd_normal,1,61,1,-1,105.37890625
xor,142,b,global_week13,global,bcd_swapped,1,9,1,-1,105.37890625
xor,143,b,global_week13,global,bcd_normal,1,135,1,-1,105.37890625
xor,143,b,global_week13,global,bcd_swapped,1,43,1,-1,105.37890625
xor,144,b,global_week13,global,bcd_normal,1,171,1,-1,105.37890625
xor,144,b,global_week13,global,bcd_swapped,1,94,1,-1,105.37890625
xor,145,b,global_week13,global,u16BE_x10,2,1,1,24870,0.41162109375
xor,145,b,global_week13,global,i16BE_x10,2,1,1,24870,0.41162109375
xor,145,b,global_week13,global,bcd_normal,1,254,1,-1,105.37890625
xor,145,b,global_week13,global,bcd_swapped,1,121,1,-1,105.37890625
xor,146,b,global_week13,global,u16LE_x1,2,1,1,16907,0.41162109375
xor,146,b,global_week13,global,i16LE_x1,2,1,1,16907,0.41162109375
xor,146,b,global_week13,global,u16LE_x10,2,1,1,17157,0.41162109375
xor,146,b,global_week13,global,i16LE_x10,2,1,1,17157,0.41162109375
xor,146,b,global_week13,global,u16BE_x100,2,1,1,18428,0.41162109375
xor,146,b,global_week13,global,i16BE_x100,2,1,1,18428,0.41162109375
xor,146,b,global_week13,global,bcd_normal,1,113,1,-1,105.37890625
xor,146,b,global_week13,global,bcd_swapped,1,60,1,-1,105.37890625
xor,147,b,global_week13,global,u16LE_x10,2,1,1,18023,0.41162109375
xor,147,b,global_week13,global,i16LE_x10,2,1,1,18023,0.41162109375
xor,147,b,global_week13,global,u16BE_x10,2,1,1,4751,0.41162109375
xor,147,b,global_week13,global,i16BE_x10,2,1,1,4751,0.41162109375
xor,147,b,global_week13,global,bcd_normal,1,279,1,-1,105.37890625
xor,147,b,global_week13,global,bcd_swapped,1,83,1,-1,105.37890625
xor,148,b,global_week13,global,u16BE_x1,2,8,1,-1,0.41162109375
xor,148,b,global_week13,global,i16BE_x1,2,8,1,-1,0.41162109375
xor,148,b,global_week13,global,u16BE_x10,2,1,1,17297,0.41162109375
xor,148,b,global_week13,global,i16BE_x10,2,1,1,17297,0.41162109375
xor,148,b,global_week13,global,bcd_normal,1,159,1,-1,105.37890625
xor,148,b,global_week13,global,bcd_swapped,1,169,1,-1,105.37890625
xor,149,b,global_week13,global,u16LE_x100,2,4,1,-1,0.41162109375
xor,149,b,global_week13,global,i16LE_x100,2,4,1,-1,0.41162109375
xor,149,b,global_week13,global,bcd_normal,1,135,1,-1,105.37890625
xor,149,b,global_week13,global,bcd_swapped,1,83,1,-1,105.37890625
xor,150,b,global_week13,global,u16LE_x1,2,1,1,5563,0.41162109375
xor,150,b,global_week13,global,i16LE_x1,2,1,1,5563,0.41162109375
xor,150,b,global_week13,global,u16BE_x10,2,1,1,16861,0.41162109375
xor,150,b,global_week13,global,i16BE_x10,2,1,1,16861,0.41162109375
xor,150,b,global_week13,global,bcd_normal,1,186,1,-1,105.37890625
xor,150,b,global_week13,global,bcd_swapped,1,77,1,-1,105.37890625
xor,151,b,global_week13,global,bcd_normal,1,258,1,-1,105.37890625
xor,151,b,global_week13,global,bcd_swapped,1,114,1,-1,105.37890625
xor,152,b,global_week13,global,bcd_normal,1,92,1,-1,105.37890625
xor,152,b,global_week13,global,bcd_swapped,1,108,1,-1,105.37890625
xor,153,b,global_week13,global,u16LE_x1,2,8,1,-1,0.41162109375
xor,153,b,global_week13,global,i16LE_x1,2,8,1,-1,0.41162109375
xor,153,b,global_week13,global,bcd_normal,1,168,1,-1,105.37890625
xor,153,b,global_week13,global,bcd_swapped,1,95,1,-1,105.37890625
xor,154,b,global_week13,global,bcd_normal,1,126,1,-1,105.37890625
xor,154,b,global_week13,global,bcd_swapped,1,92,1,-1,105.37890625
xor,155,b,global_week13,global,u16BE_x1,2,1,1,5563,0.41162109375
xor,155,b,global_week13,global,i16BE_x1,2,1,1,5563,0.41162109375
xor,155,b,global_week13,global,u32BE_x1,4,1,1,5561,6.280373781919479e-06
xor,155,b,global_week13,global,i32BE_x1,4,1,1,5561,6.280373781919479e-06
xor,155,b,global_week13,global,fx8.24_LE_s32,4,1,1,5561,6.280373781919479e-06
xor,155,b,global_week13,global,fx8.24_LE_u32,4,1,1,5561,6.280373781919479e-06
xor,155,b,global_week13,global,bcd_normal,1,155,1,-1,105.37890625
xor,155,b,global_week13,global,bcd_swapped,1,167,1,-1,105.37890625
xor,156,b,global_week13,global,u16LE_x100,2,1,1,17673,0.41162109375
xor,156,b,global_week13,global,i16LE_x100,2,1,1,17673,0.41162109375
xor,156,b,global_week13,global,bcd_normal,1,81,1,-1,105.37890625
xor,156,b,global_week13,global,bcd_swapped,1,93,1,-1,105.37890625
xor,157,b,global_week13,global,bcd_normal,1,44,1,-1,105.37890625
xor,157,b,global_week13,global,bcd_swapped,1,157,1,-1,105.37890625
xor,158,b,global_week13,global,u16LE_x10,2,1,1,17524,0.41162109375
xor,158,b,global_week13,global,i16LE_x10,2,1,1,17524,0.41162109375
xor,158,b,global_week13,global,bcd_normal,1,76,1,-1,105.37890625
xor,158,b,global_week13,global,bcd_swapped,1,71,1,-1,105.37890625
xor,159,b,global_week13,global,u16BE_x1,2,1,1,16907,0.41162109375
xor,159,b,global_week13,global,i16BE_x1,2,1,1,16907,0.41162109375
xor,159,b,global_week13,global,bcd_normal,1,99,1,-1,105.37890625
xor,159,b,global_week13,global,bcd_swapped,1,87,1,-1,105.37890625
xor,160,b,global_week13,global,bcd_normal,1,44,1,-1,105.37890625
xor,160,b,global_week13,global,bcd_swapped,1,104,1,-1,105.37890625
xor,161,b,global_week13,global,bcd_normal,1,189,1,-1,105.37890625
xor,161,b,global_week13,global,bcd_swapped,1,124,1,-1,105.37890625
xor,162,b,global_week13,global,bcd_normal,1,80,1,-1,105.37890625
xor,162,b,global_week13,global,bcd_swapped,1,109,1,-1,105.37890625
xor,163,b,global_week13,global,bcd_normal,1,146,1,-1,105.37890625
xor,163,b,global_week13,global,bcd_swapped,1,138,1,-1,105.37890625
xor,164,b,global_week13,global,bcd_normal,1,22,1,-1,105.37890625
xor,164,b,global_week13,global,bcd_swapped,1,162,1,-1,105.37890625
xor,165,b,global_week13,global,u16BE_x1,2,8,1,-1,0.41162109375
xor,165,b,global_week13,global,i16BE_x1,2,8,1,-1,0.41162109375
xor,165,b,global_week13,global,bcd_normal,1,84,1,-1,105.37890625
xor,165,b,global_week13,global,bcd_swapped,1,169,1,-1,105.37890625
xor,166,b,global_week13,global,bcd_normal,1,104,1,-1,105.37890625
xor,166,b,global_week13,global,bcd_swapped,1,149,1,-1,105.37890625
xor,167,b,global_week13,global,bcd_normal,1,95,1,-1,105.37890625
xor,167,b,global_week13,global,bcd_swapped,1,135,1,-1,105.37890625
xor,168,b,global_week13,global,u16LE_x1,2,8,1,-1,0.41162109375
xor,168,b,global_week13,global,i16LE_x1,2,8,1,-1,0.41162109375
xor,168,b,global_week13,global,bcd_normal,1,59,1,-1,105.37890625
xor,168,b,global_week13,global,bcd_swapped,1,158,1,-1,105.37890625
xor,169,b,global_week13,global,bcd_normal,1,45,1,-1,105.37890625
xor,169,b,global_week13,global,bcd_swapped,1,106,1,-1,105.37890625
xor,170,b,global_week13,global,bcd_normal,1,128,1,-1,105.37890625
xor,170,b,global_week13,global,bcd_swapped,1,64,1,-1,105.37890625
xor,171,b,global_week13,global,u16LE_x10,2,1,1,18173,0.41162109375
xor,171,b,global_week13,global,i16LE_x10,2,1,1,18173,0.41162109375
xor,171,b,global_week13,global,bcd_normal,1,66,1,-1,105.37890625
xor,171,b,global_week13,global,bcd_swapped,1,200,1,-1,105.37890625
xor,172,b,global_week13,global,u16LE_x10,2,1,1,22263,0.41162109375
xor,172,b,global_week13,global,i16LE_x10,2,1,1,22263,0.41162109375
xor,172,b,global_week13,global,bcd_normal,1,9,1,-1,105.37890625
xor,172,b,global_week13,global,bcd_swapped,1,61,1,-1,105.37890625
xor,173,b,global_week13,global,u16BE_x100,2,1,1,19026,0.41162109375
xor,173,b,global_week13,global,i16BE_x100,2,1,1,19026,0.41162109375
xor,173,b,global_week13,global,bcd_normal,1,43,1,-1,105.37890625
xor,173,b,global_week13,global,bcd_swapped,1,135,1,-1,105.37890625
xor,174,b,global_week13,global,bcd_normal,1,42,1,-1,105.37890625
xor,174,b,global_week13,global,bcd_swapped,1,39,1,-1,105.37890625
xor,175,b,global_week13,global,bcd_normal,1,121,1,-1,105.37890625
xor,175,b,global_week13,global,bcd_swapped,1,32,1,-1,105.37890625
xor,176,b,global_week13,global,bcd_normal,1,60,1,-1,105.37890625
xor,176,b,global_week13,global,bcd_swapped,1,113,1,-1,105.37890625
xor,177,b,global_week13,global,bcd_normal,1,83,1,-1,105.37890625
xor,177,b,global_week13,global,bcd_swapped,1,279,1,-1,105.37890625
xor,178,b,global_week13,global,bcd_normal,1,94,1,-1,105.37890625
xor,178,b,global_week13,global,bcd_swapped,1,171,1,-1,105.37890625
xor,179,b,global_week13,global,bcd_normal,1,121,1,-1,105.37890625
xor,179,b,global_week13,global,bcd_swapped,1,254,1,-1,105.37890625
xor,180,b,global_week13,global,u16LE_x1,2,10,1,-1,0.41162109375
xor,180,b,global_week13,global,i16LE_x1,2,10,1,-1,0.41162109375
xor,180,b,global_week13,global,u16BE_x1,2,1,1,18644,0.41162109375
xor,180,b,global_week13,global,i16BE_x1,2,1,1,18644,0.41162109375
xor,180,b,global_week13,global,bcd_normal,1,77,1,-1,105.37890625
xor,180,b,global_week13,global,bcd_swapped,1,186,1,-1,105.37890625
xor,181,b,global_week13,global,bcd_normal,1,114,1,-1,105.37890625
xor,181,b,global_week13,global,bcd_swapped,1,258,1,-1,105.37890625
xor,182,b,global_week13,global,u16LE_x1,2,2,1,-1,0.41162109375
xor,182,b,global_week13,global,i16LE_x1,2,2,1,-1,0.41162109375
xor,182,b,global_week13,global,bcd_normal,1,169,1,-1,105.37890625
xor,182,b,global_week13,global,bcd_swapped,1,159,1,-1,105.37890625
xor,183,b,global_week13,global,u16BE_x1,2,1,1,13923,0.41162109375
xor,183,b,global_week13,global,i16BE_x1,2,1,1,13923,0.41162109375
xor,183,b,global_week13,global,bcd_normal,1,83,1,-1,105.37890625
xor,183,b,global_week13,global,bcd_swapped,1,135,1,-1,105.37890625
xor,184,b,global_week13,global,bcd_normal,1,92,1,-1,105.37890625
xor,184,b,global_week13,global,bcd_swapped,1,126,1,-1,105.37890625
xor,185,b,global_week13,global,u16LE_x1,2,1,1,18644,0.41162109375
xor,185,b,global_week13,global,i16LE_x1,2,1,1,18644,0.41162109375
xor,185,b,global_week13,global,u16BE_x1,2,10,1,-1,0.41162109375
xor,185,b,global_week13,global,i16BE_x1,2,10,1,-1,0.41162109375
xor,185,b,global_week13,global,u16LE_x10,2,1,1,17677,0.41162109375
xor,185,b,global_week13,global,i16LE_x10,2,1,1,17677,0.41162109375
xor,185,b,global_week13,global,bcd_normal,1,167,1,-1,105.37890625
xor,185,b,global_week13,global,bcd_swapped,1,155,1,-1,105.37890625
xor,186,b,global_week13,global,u16LE_x1,2,1,1,13923,0.41162109375
xor,186,b,global_week13,global,i16LE_x1,2,1,1,13923,0.41162109375
xor,186,b,global_week13,global,bcd_normal,1,108,1,-1,105.37890625
xor,186,b,global_week13,global,bcd_swapped,1,92,1,-1,105.37890625
xor,187,b,global_week13,global,u16BE_x1,2,2,1,-1,0.41162109375
xor,187,b,global_week13,global,i16BE_x1,2,2,1,-1,0.41162109375
xor,187,b,global_week13,global,bcd_normal,1,95,1,-1,105.37890625
xor,187,b,global_week13,global,bcd_swapped,1,168,1,-1,105.37890625
xor,188,b,global_week13,global,u16LE_x100,2,1,1,19026,0.41162109375
xor,188,b,global_week13,global,i16LE_x100,2,1,1,19026,0.41162109375
xor,188,b,global_week13,global,bcd_normal,1,71,1,-1,105.37890625
xor,188,b,global_week13,global,bcd_swapped,1,76,1,-1,105.37890625
xor,189,b,global_week13,global,bcd_normal,1,87,1,-1,105.37890625
xor,189,b,global_week13,global,bcd_swapped,1,99,1,-1,105.37890625
xor,190,b,global_week13,global,u16BE_x10,2,1,1,17633,0.41162109375
xor,190,b,global_week13,global,i16BE_x10,2,1,1,17633,0.41162109375
xor,190,b,global_week13,global,bcd_normal,1,93,1,-1,105.37890625
xor,190,b,global_week13,global,bcd_swapped,1,81,1,-1,105.37890625
xor,191,b,global_week13,global,bcd_normal,1,157,1,-1,105.37890625
xor,191,b,global_week13,global,bcd_swapped,1,44,1,-1,105.37890625
xor,192,b,global_week13,global,u16BE_x10,2,1,1,16414,0.41162109375
xor,192,b,global_week13,global,i16BE_x10,2,1,1,16414,0.41162109375
xor,192,b,global_week13,global,bcd_normal,1,89,1,-1,105.37890625
xor,192,b,global_week13,global,bcd_swapped,1,61,1,-1,105.37890625
xor,193,b,global_week13,global,u16LE_x1,2,8,1,-1,0.41162109375
xor,193,b,global_week13,global,i16LE_x1,2,8,1,-1,0.41162109375
xor,193,b,global_week13,global,bcd_normal,1,56,1,-1,105.37890625
xor,193,b,global_week13,global,bcd_swapped,1,80,1,-1,105.37890625
xor,194,b,global_week13,global,bcd_normal,1,93,1,-1,105.37890625
xor,194,b,global_week13,global,bcd_swapped,1,68,1,-1,105.37890625
xor,195,b,global_week13,global,bcd_normal,1,102,1,-1,105.37890625
xor,195,b,global_week13,global,bcd_swapped,1,71,1,-1,105.37890625
xor,196,b,global_week13,global,u16BE_x10,2,6,1,-1,0.41162109375
xor,196,b,global_week13,global,i16BE_x10,2,6,1,-1,0.41162109375
xor,196,b,global_week13,global,u16BE_x100,2,1,1,2077,0.41162109375
xor,196,b,global_week13,global,i16BE_x100,2,1,1,2077,0.41162109375
xor,196,b,global_week13,global,bcd_normal,1,48,1,-1,105.37890625
xor,196,b,global_week13,global,bcd_swapped,1,49,1,-1,105.37890625
xor,197,b,global_week13,global,bcd_normal,1,80,1,-1,105.37890625
xor,197,b,global_week13,global,bcd_swapped,1,40,1,-1,105.37890625
xor,198,b,global_week13,global,u16LE_x10,2,1,1,16481,0.41162109375
xor,198,b,global_week13,global,i16LE_x10,2,1,1,16481,0.41162109375
xor,198,b,global_week13,global,bcd_normal,1,58,1,-1,105.37890625
xor,198,b,global_week13,global,bcd_swapped,1,32,1,-1,105.37890625
xor,199,b,global_week13,global,bcd_normal,1,69,1,-1,105.37890625
xor,199,b,global_week13,global,bcd_swapped,1,23,1,-1,105.37890625
xor,200,b,global_week13,global,u16LE_x10,2,7,1,-1,0.41162109375
xor,200,b,global_week13,global,i16LE_x10,2,7,1,-1,0.41162109375
xor,200,b,global_week13,global,bcd_normal,1,63,1,-1,105.37890625
xor,200,b,global_week13,global,bcd_swapped,1,71,1,-1,105.37890625
xor,201,b,global_week13,global,u16LE_x10,2,14,1,-1,0.41162109375
xor,201,b,global_week13,global,i16LE_x10,2,14,1,-1,0.41162109375
xor,201,b,global_week13,global,bcd_normal,1,76,1,-1,105.37890625
xor,201,b,global_week13,global,bcd_swapped,1,132,1,-1,105.37890625
xor,202,b,global_week13,global,u16LE_x10,2,1,1,22375,0.41162109375
xor,202,b,global_week13,global,i16LE_x10,2,1,1,22375,0.41162109375
xor,202,b,global_week13,global,bcd_normal,1,65,1,-1,105.37890625
xor,202,b,global_week13,global,bcd_swapped,1,31,1,-1,105.37890625
xor,203,b,global_week13,global,bcd_normal,1,39,1,-1,105.37890625
xor,203,b,global_week13,global,bcd_swapped,1,61,1,-1,105.37890625
xor,204,b,global_week13,global,u16BE_x1,2,8,1,-1,0.41162109375
xor,204,b,global_week13,global,i16BE_x1,2,8,1,-1,0.41162109375
xor,204,b,global_week13,global,bcd_normal,1,41,1,-1,105.37890625
xor,204,b,global_week13,global,bcd_swapped,1,24,1,-1,105.37890625
xor,205,b,global_week13,global,bcd_normal,1,69,1,-1,105.37890625
xor,205,b,global_week13,global,bcd_swapped,1,44,1,-1,105.37890625
xor,206,b,global_week13,global,u16LE_x10,2,1,1,5548,0.41162109375
xor,206,b,global_week13,global,i16LE_x10,2,1,1,5548,0.41162109375
xor,206,b,global_week13,global,u16BE_x10,2,2,1,-1,0.41162109375
xor,206,b,global_week13,global,i16BE_x10,2,2,1,-1,0.41162109375
xor,206,b,global_week13,global,u16BE_x100,2,8,1,-1,0.41162109375
xor,206,b,global_week13,global,i16BE_x100,2,8,1,-1,0.41162109375
xor,206,b,global_week13,global,bcd_normal,1,61,1,-1,105.37890625
xor,206,b,global_week13,global,bcd_swapped,1,15,1,-1,105.37890625
xor,207,b,global_week13,global,bcd_normal,1,61,1,-1,105.37890625
xor,207,b,global_week13,global,bcd_swapped,1,221,1,-1,105.37890625
xor,208,b,global_week13,global,bcd_normal,1,49,1,-1,105.37890625
xor,208,b,global_week13,global,bcd_swapped,1,124,1,-1,105.37890625
xor,209,b,global_week13,global,bcd_normal,1,122,1,-1,105.37890625
xor,209,b,global_week13,global,bcd_swapped,1,226,1,-1,105.37890625
xor,210,b,global_week13,global,bcd_normal,1,64,1,-1,105.37890625
xor,210,b,global_week13,global,bcd_swapped,1,67,1,-1,105.37890625
xor,211,b,global_week13,global,u16LE_x10,2,1,1,16911,0.41162109375
xor,211,b,global_week13,global,i16LE_x10,2,1,1,16911,0.41162109375
xor,211,b,global_week13,global,bcd_normal,1,199,1,-1,105.37890625
xor,211,b,global_week13,global,bcd_swapped,1,156,1,-1,105.37890625
xor,212,b,global_week13,global,bcd_normal,1,37,1,-1,105.37890625
xor,212,b,global_week13,global,bcd_swapped,1,94,1,-1,105.37890625
xor,213,b,global_week13,global,u16LE_x100,2,1,1,2077,0.41162109375
xor,213,b,global_week13,global,i16LE_x100,2,1,1,2077,0.41162109375
xor,213,b,global_week13,global,bcd_normal,1,52,1,-1,105.37890625
xor,213,b,global_week13,global,bcd_swapped,1,79,1,-1,105.37890625
xor,214,b,global_week13,global,u16LE_x1,2,1,1,2354,0.41162109375
xor,214,b,global_week13,global,i16LE_x1,2,1,1,2354,0.41162109375
xor,214,b,global_week13,global,u16BE_x1,2,1,1,20890,0.41162109375
xor,214,b,global_week13,global,i16BE_x1,2,1,1,20890,0.41162109375
xor,214,b,global_week13,global,bcd_normal,1,83,1,-1,105.37890625
xor,214,b,global_week13,global,bcd_swapped,1,63,1,-1,105.37890625
xor,215,b,global_week13,global,bcd_normal,1,189,1,-1,105.37890625
xor,215,b,global_week13,global,bcd_swapped,1,86,1,-1,105.37890625
xor,216,b,global_week13,global,bcd_normal,1,129,1,-1,105.37890625
xor,216,b,global_week13,global,bcd_swapped,1,98,1,-1,105.37890625
xor,217,b,global_week13,global,bcd_normal,1,104,1,-1,105.37890625
xor,217,b,global_week13,global,bcd_swapped,1,59,1,-1,105.37890625
xor,218,b,global_week13,global,bcd_normal,1,111,1,-1,105.37890625
xor,218,b,global_week13,global,bcd_swapped,1,67,1,-1,105.37890625
xor,219,b,global_week13,global,u16LE_x1,2,1,1,20890,0.41162109375
xor,219,b,global_week13,global,i16LE_x1,2,1,1,20890,0.41162109375
xor,219,b,global_week13,global,u16BE_x1,2,1,1,2354,0.41162109375
xor,219,b,global_week13,global,i16BE_x1,2,1,1,2354,0.41162109375
xor,219,b,global_week13,global,u16LE_x10,2,1,1,21007,0.41162109375
xor,219,b,global_week13,global,i16LE_x10,2,1,1,21007,0.41162109375
xor,219,b,global_week13,global,bcd_normal,1,58,1,-1,105.37890625
xor,219,b,global_week13,global,bcd_swapped,1,88,1,-1,105.37890625
xor,220,b,global_week13,global,bcd_normal,1,34,1,-1,105.37890625
xor,220,b,global_week13,global,bcd_swapped,1,40,1,-1,105.37890625
xor,221,b,global_week13,global,bcd_normal,1,81,1,-1,105.37890625
xor,221,b,global_week13,global,bcd_swapped,1,39,1,-1,105.37890625
xor,222,b,global_week13,global,bcd_normal,1,94,1,-1,105.37890625
xor,222,b,global_week13,global,bcd_swapped,1,38,1,-1,105.37890625
xor,223,b,global_week13,global,u16LE_x100,2,8,1,-1,0.41162109375
xor,223,b,global_week13,global,i16LE_x100,2,8,1,-1,0.41162109375
xor,223,b,global_week13,global,bcd_normal,1,107,1,-1,105.37890625
xor,223,b,global_week13,global,bcd_swapped,1,30,1,-1,105.37890625
xor,224,b,global_week13,global,u16LE_x10,2,9,1,-1,0.41162109375
xor,224,b,global_week13,global,i16LE_x10,2,9,1,-1,0.41162109375
xor,224,b,global_week13,global,u16BE_x10,2,10,1,-1,0.41162109375
xor,224,b,global_week13,global,i16BE_x10,2,10,1,-1,0.41162109375
xor,224,b,global_week13,global,bcd_normal,1,68,1,-1,105.37890625
xor,224,b,global_week13,global,bcd_swapped,1,93,1,-1,105.37890625
xor,225,b,global_week13,global,u16BE_x10,2,1,1,2189,0.41162109375
xor,225,b,global_week13,global,i16BE_x10,2,1,1,2189,0.41162109375
xor,225,b,global_week13,global,bcd_normal,1,71,1,-1,105.37890625
xor,225,b,global_week13,global,bcd_swapped,1,102,1,-1,105.37890625
xor,226,b,global_week13,global,bcd_normal,1,61,1,-1,105.37890625
xor,226,b,global_week13,global,bcd_swapped,1,89,1,-1,105.37890625
xor,227,b,global_week13,global,bcd_normal,1,80,1,-1,105.37890625
xor,227,b,global_week13,global,bcd_swapped,1,56,1,-1,105.37890625
xor,228,b,global_week13,global,u16LE_x100,2,1,1,16642,0.41162109375
xor,228,b,global_week13,global,i16LE_x100,2,1,1,16642,0.41162109375
xor,228,b,global_week13,global,bcd_normal,1,32,1,-1,105.37890625
xor,228,b,global_week13,global,bcd_swapped,1,58,1,-1,105.37890625
xor,229,b,global_week13,global,bcd_normal,1,23,1,-1,105.37890625
xor,229,b,global_week13,global,bcd_swapped,1,69,1,-1,105.37890625
xor,230,b,global_week13,global,u16BE_x1,2,1,1,22241,0.41162109375
xor,230,b,global_week13,global,i16BE_x1,2,1,1,22241,0.41162109375
xor,230,b,global_week13,global,u16BE_x10,2,2,1,-1,0.41162109375
xor,230,b,global_week13,global,i16BE_x10,2,2,1,-1,0.41162109375
xor,230,b,global_week13,global,bcd_normal,1,49,1,-1,105.37890625
xor,230,b,global_week13,global,bcd_swapped,1,48,1,-1,105.37890625
xor,231,b,global_week13,global,u16LE_x10,2,1,1,18979,0.41162109375
xor,231,b,global_week13,global,i16LE_x10,2,1,1,18979,0.41162109375
xor,231,b,global_week13,global,u16LE_x100,2,1,1,2412,0.41162109375
xor,231,b,global_week13,global,i16LE_x100,2,1,1,2412,0.41162109375
xor,231,b,global_week13,global,u16BE_x100,2,1,1,18432,0.41162109375
xor,231,b,global_week13,global,i16BE_x100,2,1,1,18432,0.41162109375
xor,231,b,global_week13,global,bcd_normal,1,40,1,-1,105.37890625
xor,231,b,global_week13,global,bcd_swapped,1,80,1,-1,105.37890625
xor,232,b,global_week13,global,bcd_normal,1,31,1,-1,105.37890625
xor,232,b,global_week13,global,bcd_swapped,1,65,1,-1,105.37890625
xor,233,b,global_week13,global,bcd_normal,1,61,1,-1,105.37890625
xor,233,b,global_week13,global,bcd_swapped,1,39,1,-1,105.37890625
xor,234,b,global_week13,global,u16BE_x10,2,1,1,16389,0.41162109375
xor,234,b,global_week13,global,i16BE_x10,2,1,1,16389,0.41162109375
xor,234,b,global_week13,global,bcd_normal,1,71,1,-1,105.37890625
xor,234,b,global_week13,global,bcd_swapped,1,63,1,-1,105.37890625
xor,235,b,global_week13,global,u16LE_x1,2,1,1,22241,0.41162109375
xor,235,b,global_week13,global,i16LE_x1,2,1,1,22241,0.41162109375
xor,235,b,global_week13,global,bcd_normal,1,132,1,-1,105.37890625
xor,235,b,global_week13,global,bcd_swapped,1,76,1,-1,105.37890625
xor,236,b,global_week13,global,bcd_normal,1,15,1,-1,105.37890625
xor,236,b,global_week13,global,bcd_swapped,1,61,1,-1,105.37890625
xor,237,b,global_week13,global,bcd_normal,1,221,1,-1,105.37890625
xor,237,b,global_week13,global,bcd_swapped,1,61,1,-1,105.37890625
xor,238,b,global_week13,global,u16BE_x10,2,2,1,-1,0.41162109375
xor,238,b,global_week13,global,i16BE_x10,2,2,1,-1,0.41162109375
xor,238,b,global_week13,global,u16LE_x100,2,1,1,22558,0.41162109375
xor,238,b,global_week13,global,i16LE_x100,2,1,1,22558,0.41162109375
xor,238,b,global_week13,global,u16BE_x100,2,1,1,19016,0.41162109375
xor,238,b,global_week13,global,i16BE_x100,2,1,1,19016,0.41162109375
xor,238,b,global_week13,global,bcd_normal,1,24,1,-1,105.37890625
xor,238,b,global_week13,global,bcd_swapped,1,41,1,-1,105.37890625
xor,239,b,global_week13,global,u16BE_x10,2,1,1,25184,0.41162109375
xor,239,b,global_week13,global,i16BE_x10,2,1,1,25184,0.41162109375
xor,239,b,global_week13,global,bcd_normal,1,44,1,-1,105.37890625
xor,239,b,global_week13,global,bcd_swapped,1,69,1,-1,105.37890625
xor,240,b,global_week13,global,u16LE_x10,2,1,1,16465,0.41162109375
xor,240,b,global_week13,global,i16LE_x10,2,1,1,16465,0.41162109375
xor,240,b,global_week13,global,bcd_normal,1,67,1,-1,105.37890625
xor,240,b,global_week13,global,bcd_swapped,1,64,1,-1,105.37890625
xor,241,b,global_week13,global,bcd_normal,1,156,1,-1,105.37890625
xor,241,b,global_week13,global,bcd_swapped,1,199,1,-1,105.37890625
xor,242,b,global_week13,global,bcd_normal,1,124,1,-1,105.37890625
xor,242,b,global_week13,global,bcd_swapped,1,49,1,-1,105.37890625
xor,243,b,global_week13,global,u16LE_x10,2,1,1,19040,0.41162109375
xor,243,b,global_week13,global,i16LE_x10,2,1,1,19040,0.41162109375
xor,243,b,global_week13,global,bcd_normal,1,226,1,-1,105.37890625
xor,243,b,global_week13,global,bcd_swapped,1,122,1,-1,105.37890625
xor,244,b,global_week13,global,bcd_normal,1,63,1,-1,105.37890625
xor,244,b,global_week13,global,bcd_swapped,1,83,1,-1,105.37890625
xor,245,b,global_week13,global,u16BE_x100,2,1,1,16642,0.41162109375
xor,245,b,global_week13,global,i16BE_x100,2,1,1,16642,0.41162109375
xor,245,b,global_week13,global,bcd_normal,1,86,1,-1,105.37890625
xor,245,b,global_week13,global,bcd_swapped,1,189,1,-1,105.37890625
xor,246,b,global_week13,global,u16BE_x1,2,1,1,4665,0.41162109375
xor,246,b,global_week13,global,i16BE_x1,2,1,1,4665,0.41162109375
xor,246,b,global_week13,global,u16LE_x100,2,1,1,18432,0.41162109375
xor,246,b,global_week13,global,i16LE_x100,2,1,1,18432,0.41162109375
xor,246,b,global_week13,global,u16BE_x100,2,1,1,2412,0.41162109375
xor,246,b,global_week13,global,i16BE_x100,2,1,1,2412,0.41162109375
xor,246,b,global_week13,global,bcd_normal,1,94,1,-1,105.37890625
xor,246,b,global_week13,global,bcd_swapped,1,37,1,-1,105.37890625
xor,247,b,global_week13,global,u16LE_x1,2,1,1,22422,0.41162109375
xor,247,b,global_week13,global,i16LE_x1,2,1,1,22422,0.41162109375
xor,247,b,global_week13,global,bcd_normal,1,79,1,-1,105.37890625
xor,247,b,global_week13,global,bcd_swapped,1,52,1,-1,105.37890625
xor,248,b,global_week13,global,bcd_normal,1,67,1,-1,105.37890625
xor,248,b,global_week13,global,bcd_swapped,1,111,1,-1,105.37890625
xor,249,b,global_week13,global,u16LE_x10,2,2,1,-1,0.41162109375
xor,249,b,global_week13,global,i16LE_x10,2,2,1,-1,0.41162109375
xor,249,b,global_week13,global,bcd_normal,1,88,1,-1,105.37890625
xor,249,b,global_week13,global,bcd_swapped,1,58,1,-1,105.37890625
xor,250,b,global_week13,global,u16BE_x1,2,1,1,22422,0.41162109375
xor,250,b,global_week13,global,i16BE_x1,2,1,1,22422,0.41162109375
xor,250,b,global_week13,global,bcd_normal,1,98,1,-1,105.37890625
xor,250,b,global_week13,global,bcd_swapped,1,129,1,-1,105.37890625
xor,251,b,global_week13,global,u16LE_x1,2,1,1,4665,0.41162109375
xor,251,b,global_week13,global,i16LE_x1,2,1,1,4665,0.41162109375
xor,251,b,global_week13,global,bcd_normal,1,59,1,-1,105.37890625
xor,251,b,global_week13,global,bcd_swapped,1,104,1,-1,105.37890625
xor,252,b,global_week13,global,bcd_normal,1,38,1,-1,105.37890625
xor,252,b,global_week13,global,bcd_swapped,1,94,1,-1,105.37890625
xor,253,b,global_week13,global,bcd_normal,1,30,1,-1,105.37890625
xor,253,b,global_week13,global,bcd_swapped,1,107,1,-1,105.37890625
xor,254,b,global_week13,global,u16LE_x10,2,1,1,17929,0.41162109375
xor,254,b,global_week13,global,i16LE_x10,2,1,1,17929,0.41162109375
xor,254,b,global_week13,global,bcd_normal,1,40,1,-1,105.37890625
xor,254,b,global_week13,global,bcd_swapped,1,34,1,-1,105.37890625
xor,255,b,global_week13,global,u16LE_x100,2,1,1,19016,0.41162109375
xor,255,b,global_week13,global,i16LE_x100,2,1,1,19016,0.41162109375
xor,255,b,global_week13,global,u16BE_x100,2,1,1,22558,0.41162109375
xor,255,b,global_week13,global,i16BE_x100,2,1,1,22558,0.41162109375
xor,255,b,global_week13,global,bcd_normal,1,39,1,-1,105.37890625
xor,255,b,global_week13,global,bcd_swapped,1,81,1,-1,105.37890625
nibble_swap,,b,global_week13,global,u16BE_x10,2,13,1,-1,0.41162109375
nibble_swap,,b,global_week13,global,i16BE_x10,2,13,1,-1,0.41162109375
nibble_swap,,b,global_week13,global,bcd_normal,1,82,1,-1,105.37890625
nibble_swap,,b,global_week13,global,bcd_swapped,1,206,1,-1,105.37890625
bit_reverse,,b,global_week13,global,u16LE_x1,2,1,1,18267,0.41162109375
bit_reverse,,b,global_week13,global,i16LE_x1,2,1,1,18267,0.41162109375
bit_reverse,,b,global_week13,global,u16BE_x10,2,15,1,-1,0.41162109375
bit_reverse,,b,global_week13,global,i16BE_x10,2,15,1,-1,0.41162109375
bit_reverse,,b,global_week13,global,bcd_normal,1,58,1,-1,105.37890625
bit_reverse,,b,global_week13,global,bcd_swapped,1,99,1,-1,105.37890625
raw,,b,global_rate40,global,u16BE_x1,2,13,1,-1,0.41162109375
raw,,b,global_rate40,global,i16BE_x1,2,13,1,-1,0.41162109375
raw,,b,global_rate40,global,bcd_normal,1,209,1,-1,105.37890625
raw,,b,global_rate40,global,bcd_swapped,1,195,1,-1,105.37890625
xor,1,b,global_rate40,global,u16BE_x1,2,1,1,18815,0.41162109375
xor,1,b,global_rate40,global,i16BE_x1,2,1,1,18815,0.41162109375
xor,1,b,global_rate40,global,u16LE_x10,2,5,1,-1,0.41162109375
xor,1,b,global_rate40,global,i16LE_x10,2,5,1,-1,0.41162109375
xor,1,b,global_rate40,global,bcd_normal,1,97,1,-1,105.37890625
xor,1,b,global_rate40,global,bcd_swapped,1,99,1,-1,105.37890625
xor,2,b,global_rate40,global,u16LE_x1,2,8,1,-1,0.41162109375
xor,2,b,global_rate40,global,i16LE_x1,2,8,1,-1,0.41162109375
xor,2,b,global_rate40,global,u16BE_x1,2,8,1,-1,0.41162109375
xor,2,b,global_rate40,global,i16BE_x1,2,8,1,-1,0.41162109375
xor,2,b,global_rate40,global,bcd_normal,1,131,1,-1,105.37890625
xor,2,b,global_rate40,global,bcd_swapped,1,89,1,-1,105.37890625
xor,3,b,global_rate40,global,u16LE_x100,2,1,1,16532,0.41162109375
xor,3,b,global_rate40,global,i16LE_x100,2,1,1,16532,0.41162109375
xor,3,b,global_rate40,global,bcd_normal,1,114,1,-1,105.37890625
xor,3,b,global_rate40,global,bcd_swapped,1,44,1,-1,105.37890625
xor,4,b,global_rate40,global,u16LE_x1,2,1,1,17262,0.41162109375
xor,4,b,global_rate40,global,i16LE_x1,2,1,1,17262,0.41162109375
xor,4,b,global_rate40,global,u16LE_x10,2,1,1,18809,0.41162109375
xor,4,b,global_rate40,global,i16LE_x10,2,1,1,18809,0.41162109375
xor,4,b,global_rate40,global,bcd_normal,1,165,1,-1,105.37890625
xor,4,b,global_rate40,global,bcd_swapped,1,1039,1,-1,105.37890625
xor,5,b,global_rate40,global,u16LE_x100,2,1,1,17170,0.41162109375
xor,5,b,global_rate40,global,i16LE_x100,2,1,1,17170,0.41162109375
xor,5,b,global_rate40,global,u16BE_x100,2,10,1,-1,0.41162109375
xor,5,b,global_rate40,global,i16BE_x100,2,10,1,-1,0.41162109375
xor,5,b,global_rate40,global,bcd_normal,1,121,1,-1,105.37890625
xor,5,b,global_rate40,global,bcd_swapped,1,274,1,-1,105.37890625
xor,6,b,global_rate40,global,bcd_normal,1,71,1,-1,105.37890625
xor,6,b,global_rate40,global,bcd_swapped,1,261,1,-1,105.37890625
xor,7,b,global_rate40,global,u16LE_x100,2,1,1,5458,0.41162109375
xor,7,b,global_rate40,global,i16LE_x100,2,1,1,5458,0.41162109375
xor,7,b,global_rate40,global,bcd_normal,1,65,1,-1,105.37890625
xor,7,b,global_rate40,global,bcd_swapped,1,53,1,-1,105.37890625
xor,8,b,global_rate40,global,u16BE_x1,2,8,1,-1,0.41162109375
xor,8,b,global_rate40,global,i16BE_x1,2,8,1,-1,0.41162109375
xor,8,b,global_rate40,global,bcd_normal,1,109,1,-1,105.37890625
xor,8,b,global_rate40,global,bcd_swapped,1,73,1,-1,105.37890625
xor,9,b,global_rate40,global,bcd_normal,1,154,1,-1,105.37890625
xor,9,b,global_rate40,global,bcd_swapped,1,66,1,-1,105.37890625
xor,10,b,global_rate40,global,u16LE_x1,2,8,1,-1,0.41162109375
xor,10,b,global_rate40,global,i16LE_x1,2,8,1,-1,0.41162109375
xor,10,b,global_rate40,global,u16BE_x1,2,1,1,20868,0.41162109375
xor,10,b,global_rate40,global,i16BE_x1,2,1,1,20868,0.41162109375
xor,10,b,global_rate40,global,bcd_normal,1,176,1,-1,105.37890625
xor,10,b,global_rate40,global,bcd_swapped,1,78,1,-1,105.37890625
xor,11,b,global_rate40,global,bcd_normal,1,176,1,-1,105.37890625
xor,11,b,global_rate40,global,bcd_swapped,1,40,1,-1,105.37890625
xor,12,b,global_rate40,global,bcd_normal,1,160,1,-1,105.37890625
xor,12,b,global_rate40,global,bcd_swapped,1,177,1,-1,105.37890625
xor,13,b,global_rate40,global,u16LE_x1,2,1,1,16735,0.41162109375
xor,13,b,global_rate40,global,i16LE_x1,2,1,1,16735,0.41162109375
xor,13,b,global_rate40,global,bcd_normal,1,127,1,-1,105.37890625
xor,13,b,global_rate40,global,bcd_swapped,1,206,1,-1,105.37890625
xor,14,b,global_rate40,global,bcd_normal,1,102,1,-1,105.37890625
xor,14,b,global_rate40,global,bcd_swapped,1,250,1,-1,105.37890625
xor,15,b,global_rate40,global,u16BE_x1,2,1,1,20821,0.41162109375
xor,15,b,global_rate40,global,i16BE_x1,2,1,1,20821,0.41162109375
xor,15,b,global_rate40,global,u16BE_x100,2,21,1,-1,0.41162109375
xor,15,b,global_rate40,global,i16BE_x100,2,21,1,-1,0.41162109375
xor,15,b,global_rate40,global,bcd_normal,1,64,1,-1,105.37890625
xor,15,b,global_rate40,global,bcd_swapped,1,87,1,-1,105.37890625
xor,16,b,global_rate40,global,u16LE_x10,2,1,1,18187,0.41162109375
xor,16,b,global_rate40,global,i16LE_x10,2,1,1,18187,0.41162109375
xor,16,b,global_rate40,global,bcd_normal,1,124,1,-1,105.37890625
xor,16,b,global_rate40,global,bcd_swapped,1,132,1,-1,105.37890625
xor,17,b,global_rate40,global,bcd_normal,1,76,1,-1,105.37890625
xor,17,b,global_rate40,global,bcd_swapped,1,149,1,-1,105.37890625
xor,18,b,global_rate40,global,u16BE_x10,2,5,1,-1,0.41162109375
xor,18,b,global_rate40,global,i16BE_x10,2,5,1,-1,0.41162109375
xor,18,b,global_rate40,global,bcd_normal,1,71,1,-1,105.37890625
xor,18,b,global_rate40,global,bcd_swapped,1,114,1,-1,105.37890625
xor,19,b,global_rate40,global,u16LE_x1,2,1,1,4826,0.41162109375
xor,19,b,global_rate40,global,i16LE_x1,2,1,1,4826,0.41162109375
xor,19,b,global_rate40,global,u16BE_x1,2,1,1,25120,0.41162109375
xor,19,b,global_rate40,global,i16BE_x1,2,1,1,25120,0.41162109375
xor,19,b,global_rate40,global,u16LE_x10,2,7,1,-1,0.41162109375
xor,19,b,global_rate40,global,i16LE_x10,2,7,1,-1,0.41162109375
xor,19,b,global_rate40,global,u16BE_x10,2,2,1,-1,0.41162109375
xor,19,b,global_rate40,global,i16BE_x10,2,2,1,-1,0.41162109375
xor,19,b,global_rate40,global,u16LE_x100,2,1,1,21052,0.41162109375
xor,19,b,global_rate40,global,i16LE_x100,2,1,1,21052,0.41162109375
xor,19,b,global_rate40,global,bcd_normal,1,90,1,-1,105.37890625
xor,19,b,global_rate40,global,bcd_swapped,1,133,1,-1,105.37890625
xor,20,b,global_rate40,global,u16BE_x10,2,5,1,-1,0.41162109375
xor,20,b,global_rate40,global,i16BE_x10,2,5,1,-1,0.41162109375
xor,20,b,global_rate40,global,bcd_normal,1,153,1,-1,105.37890625
xor,20,b,global_rate40,global,bcd_swapped,1,181,1,-1,105.37890625
xor,21,b,global_rate40,global,u16BE_x10,2,1,1,16575,0.41162109375
xor,21,b,global_rate40,global,i16BE_x10,2,1,1,16575,0.41162109375
xor,21,b,global_rate40,global,bcd_normal,1,116,1,-1,105.37890625
xor,21,b,global_rate40,global,bcd_swapped,1,178,1,-1,105.37890625
xor,22,b,global_rate40,global,bcd_normal,1,183,1,-1,105.37890625
xor,22,b,global_rate40,global,bcd_swapped,1,209,1,-1,105.37890625
xor,23,b,global_rate40,global,u16BE_x1,2,2,1,-1,0.41162109375
xor,23,b,global_rate40,global,i16BE_x1,2,2,1,-1,0.41162109375
xor,23,b,global_rate40,global,bcd_normal,1,116,1,-1,105.37890625
xor,23,b,global_rate40,global,bcd_swapped,1,206,1,-1,105.37890625
xor,24,b,global_rate40,global,u16LE_x1,2,8,1,-1,0.41162109375
xor,24,b,global_rate40,global,i16LE_x1,2,8,1,-1,0.41162109375
xor,24,b,global_rate40,global,bcd_normal,1,168,1,-1,105.37890625
xor,24,b,global_rate40,global,bcd_swapped,1,85,1,-1,105.37890625
xor,25,b,global_rate40,global,u16LE_x1,2,7,1,-1,0.41162109375
xor,25,b,global_rate40,global,i16LE_x1,2,7,1,-1,0.41162109375
xor,25,b,global_rate40,global,u16LE_x10,2,2,1,-1,0.41162109375
xor,25,b,global_rate40,global,i16LE_x10,2,2,1,-1,0.41162109375
xor,25,b,global_rate40,global,bcd_normal,1,182,1,-1,105.37890625
xor,25,b,global_rate40,global,bcd_swapped,1,44,1,-1,105.37890625
xor,26,b,global_rate40,global,u16LE_x1,2,1,1,22688,0.41162109375
xor,26,b,global_rate40,global,i16LE_x1,2,1,1,22688,0.41162109375
xor,26,b,global_rate40,global,bcd_normal,1,122,1,-1,105.37890625
xor,26,b,global_rate40,global,bcd_swapped,1,64,1,-1,105.37890625
xor,27,b,global_rate40,global,u16LE_x1,2,1,1,17604,0.41162109375
xor,27,b,global_rate40,global,i16LE_x1,2,1,1,17604,0.41162109375
xor,27,b,global_rate40,global,bcd_normal,1,110,1,-1,105.37890625
xor,27,b,global_rate40,global,bcd_swapped,1,30,1,-1,105.37890625
xor,28,b,global_rate40,global,u16LE_x1,2,8,1,-1,0.41162109375
xor,28,b,global_rate40,global,i16LE_x1,2,8,1,-1,0.41162109375
xor,28,b,global_rate40,global,bcd_normal,1,89,1,-1,105.37890625
xor,28,b,global_rate40,global,bcd_swapped,1,98,1,-1,105.37890625
xor,29,b,global_rate40,global,u16BE_x1,2,1,1,2556,0.41162109375
xor,29,b,global_rate40,global,i16BE_x1,2,1,1,2556,0.41162109375
xor,29,b,global_rate40,global,bcd_normal,1,90,1,-1,105.37890625
xor,29,b,global_rate40,global,bcd_swapped,1,80,1,-1,105.37890625
xor,30,b,global_rate40,global,u16LE_x1,2,1,1,5851,0.41162109375
xor,30,b,global_rate40,global,i16LE_x1,2,1,1,5851,0.41162109375
xor,30,b,global_rate40,global,bcd_normal,1,65,1,-1,105.37890625
xor,30,b,global_rate40,global,bcd_swapped,1,58,1,-1,105.37890625
xor,31,b,global_rate40,global,u16LE_x10,2,1,1,17705,0.41162109375
xor,31,b,global_rate40,global,i16LE_x10,2,1,1,17705,0.41162109375
xor,31,b,global_rate40,global,u16BE_x10,2,7,1,-1,0.41162109375
xor,31,b,global_rate40,global,i16BE_x10,2,7,1,-1,0.41162109375
xor,31,b,global_rate40,global,bcd_normal,1,93,1,-1,105.37890625
xor,31,b,global_rate40,global,bcd_swapped,1,66,1,-1,105.37890625
xor,32,b,global_rate40,global,u16LE_x1,2,8,1,-1,0.41162109375
xor,32,b,global_rate40,global,i16LE_x1,2,8,1,-1,0.41162109375
xor,32,b,global_rate40,global,u16BE_x10,2,20,1,-1,0.41162109375
xor,32,b,global_rate40,global,i16BE_x10,2,20,1,-1,0.41162109375
xor,32,b,global_rate40,global,u16BE_x100,2,1,1,16896,0.41162109375
xor,32,b,global_rate40,global,i16BE_x100,2,1,1,16896,0.41162109375
xor,32,b,global_rate40,global,bcd_normal,1,138,1,-1,105.37890625
xor,32,b,global_rate40,global,bcd_swapped,1,105,1,-1,105.37890625
xor,33,b,global_rate40,global,bcd_normal,1,88,1,-1,105.37890625
xor,33,b,global_rate40,global,bcd_swapped,1,173,1,-1,105.37890625
xor,34,b,global_rate40,global,u16LE_x1,2,1,1,20868,0.41162109375
xor,34,b,global_rate40,global,i16LE_x1,2,1,1,20868,0.41162109375
xor,34,b,global_rate40,global,u16BE_x1,2,8,1,-1,0.41162109375
xor,34,b,global_rate40,global,i16BE_x1,2,8,1,-1,0.41162109375
xor,34,b,global_rate40,global,u16LE_x100,2,1,1,2185,0.41162109375
xor,34,b,global_rate40,global,i16LE_x100,2,1,1,2185,0.41162109375
xor,34,b,global_rate40,global,u16BE_x100,2,1,1,22706,0.41162109375
xor,34,b,global_rate40,global,i16BE_x100,2,1,1,22706,0.41162109375
xor,34,b,global_rate40,global,bcd_normal,1,123,1,-1,105.37890625
xor,34,b,global_rate40,global,bcd_swapped,1,219,1,-1,105.37890625
xor,35,b,global_rate40,global,bcd_normal,1,81,1,-1,105.37890625
xor,35,b,global_rate40,global,bcd_swapped,1,93,1,-1,105.37890625
xor,36,b,global_rate40,global,u16LE_x100,2,1,1,18441,0.41162109375
xor,36,b,global_rate40,global,i16LE_x100,2,1,1,18441,0.41162109375
xor,36,b,global_rate40,global,bcd_normal,1,110,1,-1,105.37890625
xor,36,b,global_rate40,global,bcd_swapped,1,218,1,-1,105.37890625
xor,37,b,global_rate40,global,u16BE_x1,2,1,1,16735,0.41162109375
xor,37,b,global_rate40,global,i16BE_x1,2,1,1,16735,0.41162109375
xor,37,b,global_rate40,global,bcd_normal,1,101,1,-1,105.37890625
xor,37,b,global_rate40,global,bcd_swapped,1,112,1,-1,105.37890625
xor,38,b,global_rate40,global,u16LE_x100,2,1,1,22756,0.41162109375
xor,38,b,global_rate40,global,i16LE_x100,2,1,1,22756,0.41162109375
xor,38,b,global_rate40,global,bcd_normal,1,90,1,-1,105.37890625
xor,38,b,global_rate40,global,bcd_swapped,1,136,1,-1,105.37890625
xor,39,b,global_rate40,global,u16LE_x1,2,1,1,20821,0.41162109375
xor,39,b,global_rate40,global,i16LE_x1,2,1,1,20821,0.41162109375
xor,39,b,global_rate40,global,bcd_normal,1,58,1,-1,105.37890625
xor,39,b,global_rate40,global,bcd_swapped,1,98,1,-1,105.37890625
xor,40,b,global_rate40,global,u16LE_x1,2,13,1,-1,0.41162109375
xor,40,b,global_rate40,global,i16LE_x1,2,13,1,-1,0.41162109375
xor,40,b,global_rate40,global,bcd_normal,1,80,1,-1,105.37890625
xor,40,b,global_rate40,global,bcd_swapped,1,218,1,-1,105.37890625
xor,41,b,global_rate40,global,u16LE_x1,2,1,1,18815,0.41162109375
xor,41,b,global_rate40,global,i16LE_x1,2,1,1,18815,0.41162109375
xor,41,b,global_rate40,global,u16BE_x100,2,1,1,16605,0.41162109375
xor,41,b,global_rate40,global,i16BE_x100,2,1,1,16605,0.41162109375
xor,41,b,global_rate40,global,bcd_normal,1,131,1,-1,105.37890625
xor,41,b,global_rate40,global,bcd_swapped,1,108,1,-1,105.37890625
xor,42,b,global_rate40,global,u16LE_x1,2,8,1,-1,0.41162109375
xor,42,b,global_rate40,global,i16LE_x1,2,8,1,-1,0.41162109375
xor,42,b,global_rate40,global,u16BE_x1,2,8,1,-1,0.41162109375
xor,42,b,global_rate40,global,i16BE_x1,2,8,1,-1,0.41162109375
xor,42,b,global_rate40,global,bcd_normal,1,88,1,-1,105.37890625
xor,42,b,global_rate40,global,bcd_swapped,1,160,1,-1,105.37890625
xor,43,b,global_rate40,global,u16BE_x100,2,1,1,18198,0.41162109375
xor,43,b,global_rate40,global,i16BE_x100,2,1,1,18198,0.41162109375
xor,43,b,global_rate40,global,bcd_normal,1,60,1,-1,105.37890625
xor,43,b,global_rate40,global,bcd_swapped,1,74,1,-1,105.37890625
xor,44,b,global_rate40,global,u16BE_x1,2,1,1,17262,0.41162109375
xor,44,b,global_rate40,global,i16BE_x1,2,1,1,17262,0.41162109375
xor,44,b,global_rate40,global,u16LE_x100,2,3,1,-1,0.41162109375
xor,44,b,global_rate40,global,i16LE_x100,2,3,1,-1,0.41162109375
xor,44,b,global_rate40,global,bcd_normal,1,94,1,-1,105.37890625
xor,44,b,global_rate40,global,bcd_swapped,1,136,1,-1,105.37890625
xor,45,b,global_rate40,global,u16LE_x10,2,1,1,25354,0.41162109375
xor,45,b,global_rate40,global,i16LE_x10,2,1,1,25354,0.41162109375
xor,45,b,global_rate40,global,u16LE_x100,2,1,1,17328,0.41162109375
xor,45,b,global_rate40,global,i16LE_x100,2,1,1,17328,0.41162109375
xor,45,b,global_rate40,global,bcd_normal,1,56,1,-1,105.37890625
xor,45,b,global_rate40,global,bcd_swapped,1,149,1,-1,105.37890625
xor,46,b,global_rate40,global,bcd_normal,1,76,1,-1,105.37890625
xor,46,b,global_rate40,global,bcd_swapped,1,137,1,-1,105.37890625
xor,47,b,global_rate40,global,bcd_normal,1,72,1,-1,105.37890625
xor,47,b,global_rate40,global,bcd_swapped,1,142,1,-1,105.37890625
xor,48,b,global_rate40,global,u16BE_x1,2,8,1,-1,0.41162109375
xor,48,b,global_rate40,global,i16BE_x1,2,8,1,-1,0.41162109375
xor,48,b,global_rate40,global,bcd_normal,1,89,1,-1,105.37890625
xor,48,b,global_rate40,global,bcd_swapped,1,172,1,-1,105.37890625
xor,49,b,global_rate40,global,u16BE_x1,2,7,1,-1,0.41162109375
xor,49,b,global_rate40,global,i16BE_x1,2,7,1,-1,0.41162109375
xor,49,b,global_rate40,global,u16BE_x10,2,1,1,4603,0.41162109375
xor,49,b,global_rate40,global,i16BE_x10,2,1,1,4603,0.41162109375
xor,49,b,global_rate40,global,bcd_normal,1,64,1,-1,105.37890625
xor,49,b,global_rate40,global,bcd_swapped,1,106,1,-1,105.37890625
xor,50,b,global_rate40,global,u16BE_x1,2,1,1,22688,0.41162109375
xor,50,b,global_rate40,global,i16BE_x1,2,1,1,22688,0.41162109375
xor,50,b,global_rate40,global,bcd_normal,1,59,1,-1,105.37890625
xor,50,b,global_rate40,global,bcd_swapped,1,92,1,-1,105.37890625
xor,51,b,global_rate40,global,u16BE_x1,2,1,1,17604,0.41162109375
xor,51,b,global_rate40,global,i16BE_x1,2,1,1,17604,0.41162109375
xor,51,b,global_rate40,global,u16BE_x100,2,4,1,-1,0.41162109375
xor,51,b,global_rate40,global,i16BE_x100,2,4,1,-1,0.41162109375
xor,51,b,global_rate40,global,bcd_normal,1,107,1,-1,105.37890625
xor,51,b,global_rate40,global,bcd_swapped,1,68,1,-1,105.37890625
xor,52,b,global_rate40,global,u16BE_x1,2,8,1,-1,0.41162109375
xor,52,b,global_rate40,global,i16BE_x1,2,8,1,-1,0.41162109375
xor,52,b,global_rate40,global,bcd_normal,1,95,1,-1,105.37890625
xor,52,b,global_rate40,global,bcd_swapped,1,121,1,-1,105.37890625
xor,53,b,global_rate40,global,u16LE_x1,2,1,1,2556,0.41162109375
xor,53,b,global_rate40,global,i16LE_x1,2,1,1,2556,0.41162109375
xor,53,b,global_rate40,global,u16LE_x10,2,10,1,-1,0.41162109375
xor,53,b,global_rate40,global,i16LE_x10,2,10,1,-1,0.41162109375
xor,53,b,global_rate40,global,bcd_normal,1,81,1,-1,105.37890625
xor,53,b,global_rate40,global,bcd_swapped,1,82,1,-1,105.37890625
xor,54,b,global_rate40,global,u16BE_x1,2,1,1,5851,0.41162109375
xor,54,b,global_rate40,global,i16BE_x1,2,1,1,5851,0.41162109375
xor,54,b,global_rate40,global,u16LE_x100,2,1,1,16692,0.41162109375
xor,54,b,global_rate40,global,i16LE_x100,2,1,1,16692,0.41162109375
xor,54,b,global_rate40,global,bcd_normal,1,32,1,-1,105.37890625
xor,54,b,global_rate40,global,bcd_swapped,1,83,1,-1,105.37890625
xor,55,b,global_rate40,global,bcd_normal,1,60,1,-1,105.37890625
xor,55,b,global_rate40,global,bcd_swapped,1,119,1,-1,105.37890625
xor,56,b,global_rate40,global,u16LE_x10,2,1,1,24649,0.41162109375
xor,56,b,global_rate40,global,i16LE_x10,2,1,1,24649,0.41162109375
xor,56,b,global_rate40,global,bcd_normal,1,68,1,-1,105.37890625
xor,56,b,global_rate40,global,bcd_swapped,1,54,1,-1,105.37890625
xor,57,b,global_rate40,global,u16LE_x10,2,9,1,-1,0.41162109375
xor,57,b,global_rate40,global,i16LE_x10,2,9,1,-1,0.41162109375
xor,57,b,global_rate40,global,bcd_normal,1,117,1,-1,105.37890625
xor,57,b,global_rate40,global,bcd_swapped,1,41,1,-1,105.37890625
xor,58,b,global_rate40,global,u16LE_x100,2,2,1,-1,0.41162109375
xor,58,b,global_rate40,global,i16LE_x100,2,2,1,-1,0.41162109375
xor,58,b,global_rate40,global,u16BE_x100,2,17,1,-1,0.41162109375
xor,58,b,global_rate40,global,i16BE_x100,2,17,1,-1,0.41162109375
xor,58,b,global_rate40,global,bcd_normal,1,20,1,-1,105.37890625
xor,58,b,global_rate40,global,bcd_swapped,1,47,1,-1,105.37890625
xor,59,b,global_rate40,global,u16LE_x1,2,1,1,25120,0.41162109375
xor,59,b,global_rate40,global,i16LE_x1,2,1,1,25120,0.41162109375
xor,59,b,global_rate40,global,u16BE_x1,2,1,1,4826,0.41162109375
xor,59,b,global_rate40,global,i16BE_x1,2,1,1,4826,0.41162109375
xor,59,b,global_rate40,global,u16LE_x100,2,1,1,5092,0.41162109375
xor,59,b,global_rate40,global,i16LE_x100,2,1,1,5092,0.41162109375
xor,59,b,global_rate40,global,u16BE_x100,2,5,1,-1,0.41162109375
xor,59,b,global_rate40,global,i16BE_x100,2,5,1,-1,0.41162109375
xor,59,b,global_rate40,global,bcd_normal,1,42,1,-1,105.37890625
xor,59,b,global_rate40,global,bcd_swapped,1,16,1,-1,105.37890625
xor,60,b,global_rate40,global,u16BE_x100,2,4,1,-1,0.41162109375
xor,60,b,global_rate40,global,i16BE_x100,2,4,1,-1,0.41162109375
xor,60,b,global_rate40,global,bcd_normal,1,93,1,-1,105.37890625
xor,60,b,global_rate40,global,bcd_swapped,1,144,1,-1,105.37890625
xor,61,b,global_rate40,global,bcd_normal,1,16,1,-1,105.37890625
xor,61,b,global_rate40,global,bcd_swapped,1,95,1,-1,105.37890625
xor,62,b,global_rate40,global,bcd_normal,1,22,1,-1,105.37890625
xor,62,b,global_rate40,global,bcd_swapped,1,44,1,-1,105.37890625
xor,63,b,global_rate40,global,u16LE_x1,2,2,1,-1,0.41162109375
xor,63,b,global_rate40,global,i16LE_x1,2,2,1,-1,0.41162109375
xor,63,b,global_rate40,global,u16BE_x10,2,1,1,18677,0.41162109375
xor,63,b,global_rate40,global,i16BE_x10,2,1,1,18677,0.41162109375
xor,63,b,global_rate40,global,u16LE_x100,2,1,1,4795,0.41162109375
xor,63,b,global_rate40,global,i16LE_x100,2,1,1,4795,0.41162109375
xor,63,b,global_rate40,global,bcd_normal,1,11,1,-1,105.37890625
xor,63,b,global_rate40,global,bcd_swapped,1,57,1,-1,105.37890625
xor,64,b,global_rate40,global,bcd_normal,1,1039,1,-1,105.37890625
xor,64,b,global_rate40,global,bcd_swapped,1,165,1,-1,105.37890625
xor,65,b,global_rate40,global,u16LE_x100,2,8,1,-1,0.41162109375
xor,65,b,global_rate40,global,i16LE_x100,2,8,1,-1,0.41162109375
xor,65,b,global_rate40,global,u16BE_x100,2,8,1,-1,0.41162109375
xor,65,b,global_rate40,global,i16BE_x100,2,8,1,-1,0.41162109375
xor,65,b,global_rate40,global,bcd_normal,1,274,1,-1,105.37890625
xor,65,b,global_rate40,global,bcd_swapped,1,121,1,-1,105.37890625
xor,66,b,global_rate40,global,bcd_normal,1,261,1,-1,105.37890625
xor,66,b,global_rate40,global,bcd_swapped,1,71,1,-1,105.37890625
xor,67,b,global_rate40,global,bcd_normal,1,53,1,-1,105.37890625
xor,67,b,global_rate40,global,bcd_swapped,1,65,1,-1,105.37890625
xor,68,b,global_rate40,global,bcd_normal,1,195,1,-1,105.37890625
xor,68,b,global_rate40,global,bcd_swapped,1,209,1,-1,105.37890625
xor,69,b,global_rate40,global,u16LE_x10,2,1,1,4867,0.41162109375
xor,69,b,global_rate40,global,i16LE_x10,2,1,1,4867,0.41162109375
xor,69,b,global_rate40,global,u16BE_x100,2,22,1,-1,0.41162109375
xor,69,b,global_rate40,global,i16BE_x100,2,22,1,-1,0.41162109375
xor,69,b,global_rate40,global,bcd_normal,1,99,1,-1,105.37890625
xor,69,b,global_rate40,global,bcd_swapped,1,97,1,-1,105.37890625
xor,70,b,global_rate40,global,bcd_normal,1,89,1,-1,105.37890625
xor,70,b,global_rate40,global,bcd_swapped,1,131,1,-1,105.37890625
xor,71,b,global_rate40,global,u16LE_x100,2,1,1,20675,0.41162109375
xor,71,b,global_rate40,global,i16LE_x100,2,1,1,20675,0.41162109375
xor,71,b,global_rate40,global,bcd_normal,1,44,1,-1,105.37890625
xor,71,b,global_rate40,global,bcd_swapped,1,114,1,-1,105.37890625
xor,72,b,global_rate40,global,bcd_normal,1,177,1,-1,105.37890625
xor,72,b,global_rate40,global,bcd_swapped,1,160,1,-1,105.37890625
xor,73,b,global_rate40,global,bcd_normal,1,206,1,-1,105.37890625
xor,73,b,global_rate40,global,bcd_swapped,1,127,1,-1,105.37890625
xor,74,b,global_rate40,global,u16BE_x100,2,1,1,24892,0.41162109375
xor,74,b,global_rate40,global,i16BE_x100,2,1,1,24892,0.41162109375
xor,74,b,global_rate40,global,bcd_normal,1,250,1,-1,105.37890625
xor,74,b,global_rate40,global,bcd_swapped,1,102,1,-1,105.37890625
xor,75,b,global_rate40,global,u16BE_x10,2,2,1,-1,0.41162109375
xor,75,b,global_rate40,global,i16BE_x10,2,2,1,-1,0.41162109375
xor,75,b,global_rate40,global,bcd_normal,1,87,1,-1,105.37890625
xor,75,b,global_rate40,global,bcd_swapped,1,64,1,-1,105.37890625
xor,76,b,global_rate40,global,u16LE_x1,2,10,1,-1,0.41162109375
xor,76,b,global_rate40,global,i16LE_x1,2,10,1,-1,0.41162109375
xor,76,b,global_rate40,global,u16LE_x10,2,1,1,18387,0.41162109375
xor,76,b,global_rate40,global,i16LE_x10,2,1,1,18387,0.41162109375
xor,76,b,global_rate40,global,u16BE_x10,2,1,1,24811,0.41162109375
xor,76,b,global_rate40,global,i16BE_x10,2,1,1,24811,0.41162109375
xor,76,b,global_rate40,global,bcd_normal,1,73,1,-1,105.37890625
xor,76,b,global_rate40,global,bcd_swapped,1,109,1,-1,105.37890625
xor,77,b,global_rate40,global,u16BE_x1,2,10,1,-1,0.41162109375
xor,77,b,global_rate40,global,i16BE_x1,2,10,1,-1,0.41162109375
xor,77,b,global_rate40,global,bcd_normal,1,66,1,-1,105.37890625
xor,77,b,global_rate40,global,bcd_swapped,1,154,1,-1,105.37890625
xor,78,b,global_rate40,global,u16LE_x1,2,1,1,5874,0.41162109375
xor,78,b,global_rate40,global,i16LE_x1,2,1,1,5874,0.41162109375
xor,78,b,global_rate40,global,bcd_normal,1,78,1,-1,105.37890625
xor,78,b,global_rate40,global,bcd_swapped,1,176,1,-1,105.37890625
xor,79,b,global_rate40,global,u16LE_x100,2,1,1,18922,0.41162109375
xor,79,b,global_rate40,global,i16LE_x100,2,1,1,18922,0.41162109375
xor,79,b,global_rate40,global,bcd_normal,1,40,1,-1,105.37890625
xor,79,b,global_rate40,global,bcd_swapped,1,176,1,-1,105.37890625
xor,80,b,global_rate40,global,bcd_normal,1,181,1,-1,105.37890625
xor,80,b,global_rate40,global,bcd_swapped,1,153,1,-1,105.37890625
xor,81,b,global_rate40,global,u16LE_x10,2,2,1,-1,0.41162109375
xor,81,b,global_rate40,global,i16LE_x10,2,2,1,-1,0.41162109375
xor,81,b,global_rate40,global,bcd_normal,1,178,1,-1,105.37890625
xor,81,b,global_rate40,global,bcd_swapped,1,116,1,-1,105.37890625
xor,82,b,global_rate40,global,u16LE_x10,2,1,1,16585,0.41162109375
xor,82,b,global_rate40,global,i16LE_x10,2,1,1,16585,0.41162109375
xor,82,b,global_rate40,global,u16BE_x10,2,1,1,17963,0.41162109375
xor,82,b,global_rate40,global,i16BE_x10,2,1,1,17963,0.41162109375
xor,82,b,global_rate40,global,u16LE_x100,2,1,1,18061,0.41162109375
xor,82,b,global_rate40,global,i16LE_x100,2,1,1,18061,0.41162109375
xor,82,b,global_rate40,global,bcd_normal,1,209,1,-1,105.37890625
xor,82,b,global_rate40,global,bcd_swapped,1,183,1,-1,105.37890625
xor,83,b,global_rate40,global,bcd_normal,1,206,1,-1,105.37890625
xor,83,b,global_rate40,global,bcd_swapped,1,116,1,-1,105.37890625
xor,84,b,global_rate40,global,bcd_normal,1,132,1,-1,105.37890625
xor,84,b,global_rate40,global,bcd_swapped,1,124,1,-1,105.37890625
xor,85,b,global_rate40,global,u16LE_x10,2,1,1,22425,0.41162109375
xor,85,b,global_rate40,global,i16LE_x10,2,1,1,22425,0.41162109375
xor,85,b,global_rate40,global,u16BE_x10,2,1,1,22821,0.41162109375
xor,85,b,global_rate40,global,i16BE_x10,2,1,1,22821,0.41162109375
xor,85,b,global_rate40,global,bcd_normal,1,149,1,-1,105.37890625
xor,85,b,global_rate40,global,bcd_swapped,1,76,1,-1,105.37890625
xor,86,b,global_rate40,global,bcd_normal,1,114,1,-1,105.37890625
xor,86,b,global_rate40,global,bcd_swapped,1,71,1,-1,105.37890625
xor,87,b,global_rate40,global,bcd_normal,1,133,1,-1,105.37890625
xor,87,b,global_rate40,global,bcd_swapped,1,90,1,-1,105.37890625
xor,88,b,global_rate40,global,bcd_normal,1,98,1,-1,105.37890625
xor,88,b,global_rate40,global,bcd_swapped,1,89,1,-1,105.37890625
xor,89,b,global_rate40,global,bcd_normal,1,80,1,-1,105.37890625
xor,89,b,global_rate40,global,bcd_swapped,1,90,1,-1,105.37890625
xor,90,b,global_rate40,global,bcd_normal,1,58,1,-1,105.37890625
xor,90,b,global_rate40,global,bcd_swapped,1,65,1,-1,105.37890625
xor,91,b,global_rate40,global,u16LE_x10,2,1,1,19023,0.41162109375
xor,91,b,global_rate40,global,i16LE_x10,2,1,1,19023,0.41162109375
xor,91,b,global_rate40,global,bcd_normal,1,66,1,-1,105.37890625
xor,91,b,global_rate40,global,bcd_swapped,1,93,1,-1,105.37890625
xor,92,b,global_rate40,global,u16LE_x1,2,10,1,-1,0.41162109375
xor,92,b,global_rate40,global,i16LE_x1,2,10,1,-1,0.41162109375
xor,92,b,global_rate40,global,bcd_normal,1,85,1,-1,105.37890625
xor,92,b,global_rate40,global,bcd_swapped,1,168,1,-1,105.37890625
xor,93,b,global_rate40,global,bcd_normal,1,44,1,-1,105.37890625
xor,93,b,global_rate40,global,bcd_swapped,1,182,1,-1,105.37890625
xor,94,b,global_rate40,global,u16BE_x1,2,1,1,18331,0.41162109375
xor,94,b,global_rate40,global,i16BE_x1,2,1,1,18331,0.41162109375
xor,94,b,global_rate40,global,u16LE_x100,2,1,1,5153,0.41162109375
xor,94,b,global_rate40,global,i16LE_x100,2,1,1,5153,0.41162109375
xor,94,b,global_rate40,global,bcd_normal,1,64,1,-1,105.37890625
xor,94,b,global_rate40,global,bcd_swapped,1,122,1,-1,105.37890625
xor,95,b,global_rate40,global,bcd_normal,1,30,1,-1,105.37890625
xor,95,b,global_rate40,global,bcd_swapped,1,110,1,-1,105.37890625
xor,96,b,global_rate40,global,bcd_normal,1,218,1,-1,105.37890625
xor,96,b,global_rate40,global,bcd_swapped,1,110,1,-1,105.37890625
xor,97,b,global_rate40,global,bcd_normal,1,112,1,-1,105.37890625
xor,97,b,global_rate40,global,bcd_swapped,1,101,1,-1,105.37890625
xor,98,b,global_rate40,global,u16LE_x10,2,1,1,14011,0.41162109375
xor,98,b,global_rate40,global,i16LE_x10,2,1,1,14011,0.41162109375
xor,98,b,global_rate40,global,bcd_normal,1,136,1,-1,105.37890625
xor,98,b,global_rate40,global,bcd_swapped,1,90,1,-1,105.37890625
xor,99,b,global_rate40,global,u16LE_x10,2,1,1,22316,0.41162109375
xor,99,b,global_rate40,global,i16LE_x10,2,1,1,22316,0.41162109375
xor,99,b,global_rate40,global,bcd_normal,1,98,1,-1,105.37890625
xor,99,b,global_rate40,global,bcd_swapped,1,58,1,-1,105.37890625
xor,100,b,global_rate40,global,u16BE_x1,2,10,1,-1,0.41162109375
xor,100,b,global_rate40,global,i16BE_x1,2,10,1,-1,0.41162109375
xor,100,b,global_rate40,global,bcd_normal,1,105,1,-1,105.37890625
xor,100,b,global_rate40,global,bcd_swapped,1,138,1,-1,105.37890625
xor,101,b,global_rate40,global,u16LE_x1,2,10,1,-1,0.41162109375
xor,101,b,global_rate40,global,i16LE_x1,2,10,1,-1,0.41162109375
xor,101,b,global_rate40,global,bcd_normal,1,173,1,-1,105.37890625
xor,101,b,global_rate40,global,bcd_swapped,1,88,1,-1,105.37890625
xor,102,b,global_rate40,global,u16BE_x1,2,1,1,5874,0.41162109375
xor,102,b,global_rate40,global,i16BE_x1,2,1,1,5874,0.41162109375
xor,102,b,global_rate40,global,u16BE_x100,2,1,1,22510,0.41162109375
xor,102,b,global_rate40,global,i16BE_x100,2,1,1,22510,0.41162109375
xor,102,b,global_rate40,global,bcd_normal,1,219,1,-1,105.37890625
xor,102,b,global_rate40,global,bcd_swapped,1,123,1,-1,105.37890625
xor,103,b,global_rate40,global,bcd_normal,1,93,1,-1,105.37890625
xor,103,b,global_rate40,global,bcd_swapped,1,81,1,-1,105.37890625
xor,104,b,global_rate40,global,u16LE_x10,2,1,1,18884,0.41162109375
xor,104,b,global_rate40,global,i16LE_x10,2,1,1,18884,0.41162109375
xor,104,b,global_rate40,global,bcd_normal,1,136,1,-1,105.37890625
xor,104,b,global_rate40,global,bcd_swapped,1,94,1,-1,105.37890625
xor,105,b,global_rate40,global,bcd_normal,1,149,1,-1,105.37890625
xor,105,b,global_rate40,global,bcd_swapped,1,56,1,-1,105.37890625
xor,106,b,global_rate40,global,u16BE_x10,2,5,1,-1,0.41162109375
xor,106,b,global_rate40,global,i16BE_x10,2,5,1,-1,0.41162109375
xor,106,b,global_rate40,global,u16LE_x100,2,5,1,-1,0.41162109375
xor,106,b,global_rate40,global,i16LE_x100,2,5,1,-1,0.41162109375
xor,106,b,global_rate40,global,bcd_normal,1,137,1,-1,105.37890625
xor,106,b,global_rate40,global,bcd_swapped,1,76,1,-1,105.37890625
xor,107,b,global_rate40,global,u16BE_x100,2,1,1,5437,0.41162109375
xor,107,b,global_rate40,global,i16BE_x100,2,1,1,5437,0.41162109375
xor,107,b,global_rate40,global,bcd_normal,1,142,1,-1,105.37890625
xor,107,b,global_rate40,global,bcd_swapped,1,72,1,-1,105.37890625
xor,108,b,global_rate40,global,bcd_normal,1,218,1,-1,105.37890625
xor,108,b,global_rate40,global,bcd_swapped,1,80,1,-1,105.37890625
xor,109,b,global_rate40,global,u16LE_x10,2,1,1,2530,0.41162109375
xor,109,b,global_rate40,global,i16LE_x10,2,1,1,2530,0.41162109375
xor,109,b,global_rate40,global,bcd_normal,1,108,1,-1,105.37890625
xor,109,b,global_rate40,global,bcd_swapped,1,131,1,-1,105.37890625
xor,110,b,global_rate40,global,bcd_normal,1,160,1,-1,105.37890625
xor,110,b,global_rate40,global,bcd_swapped,1,88,1,-1,105.37890625
xor,111,b,global_rate40,global,bcd_normal,1,74,1,-1,105.37890625
xor,111,b,global_rate40,global,bcd_swapped,1,60,1,-1,105.37890625
xor,112,b,global_rate40,global,u16LE_x10,2,7,1,-1,0.41162109375
xor,112,b,global_rate40,global,i16LE_x10,2,7,1,-1,0.41162109375
xor,112,b,global_rate40,global,bcd_normal,1,121,1,-1,105.37890625
xor,112,b,global_rate40,global,bcd_swapped,1,95,1,-1,105.37890625
xor,113,b,global_rate40,global,u16BE_x10,2,2,1,-1,0.41162109375
xor,113,b,global_rate40,global,i16BE_x10,2,2,1,-1,0.41162109375
xor,113,b,global_rate40,global,bcd_normal,1,82,1,-1,105.37890625
xor,113,b,global_rate40,global,bcd_swapped,1,81,1,-1,105.37890625
xor,114,b,global_rate40,global,u16LE_x10,2,11,1,-1,0.41162109375
xor,114,b,global_rate40,global,i16LE_x10,2,11,1,-1,0.41162109375
xor,114,b,global_rate40,global,u16BE_x10,2,1,1,18398,0.41162109375
xor,114,b,global_rate40,global,i16BE_x10,2,1,1,18398,0.41162109375
xor,114,b,global_rate40,global,bcd_normal,1,83,1,-1,105.37890625
xor,114,b,global_rate40,global,bcd_swapped,1,32,1,-1,105.37890625
xor,115,b,global_rate40,global,bcd_normal,1,119,1,-1,105.37890625
xor,115,b,global_rate40,global,bcd_swapped,1,60,1,-1,105.37890625
xor,116,b,global_rate40,global,u16BE_x1,2,10,1,-1,0.41162109375
xor,116,b,global_rate40,global,i16BE_x1,2,10,1,-1,0.41162109375
xor,116,b,global_rate40,global,u16LE_x10,2,7,1,-1,0.41162109375
xor,116,b,global_rate40,global,i16LE_x10,2,7,1,-1,0.41162109375
xor,116,b,global_rate40,global,bcd_normal,1,172,1,-1,105.37890625
xor,116,b,global_rate40,global,bcd_swapped,1,89,1,-1,105.37890625
xor,117,b,global_rate40,global,bcd_normal,1,106,1,-1,105.37890625
xor,117,b,global_rate40,global,bcd_swapped,1,64,1,-1,105.37890625
xor,118,b,global_rate40,global,u16LE_x1,2,1,1,18331,0.41162109375
xor,118,b,global_rate40,global,i16LE_x1,2,1,1,18331,0.41162109375
xor,118,b,global_rate40,global,u16BE_x100,2,1,1,17214,0.41162109375
xor,118,b,global_rate40,global,i16BE_x100,2,1,1,17214,0.41162109375
xor,118,b,global_rate40,global,bcd_normal,1,92,1,-1,105.37890625
xor,118,b,global_rate40,global,bcd_swapped,1,59,1,-1,105.37890625
xor,119,b,global_rate40,global,bcd_normal,1,68,1,-1,105.37890625
xor,119,b,global_rate40,global,bcd_swapped,1,107,1,-1,105.37890625
xor,120,b,global_rate40,global,bcd_normal,1,144,1,-1,105.37890625
xor,120,b,global_rate40,global,bcd_swapped,1,93,1,-1,105.37890625
xor,121,b,global_rate40,global,u16LE_x10,2,1,1,15055,0.41162109375
xor,121,b,global_rate40,global,i16LE_x10,2,1,1,15055,0.41162109375
xor,121,b,global_rate40,global,bcd_normal,1,95,1,-1,105.37890625
xor,121,b,global_rate40,global,bcd_swapped,1,16,1,-1,105.37890625
xor,122,b,global_rate40,global,bcd_normal,1,44,1,-1,105.37890625
xor,122,b,global_rate40,global,bcd_swapped,1,22,1,-1,105.37890625
xor,123,b,global_rate40,global,bcd_normal,1,57,1,-1,105.37890625
xor,123,b,global_rate40,global,bcd_swapped,1,11,1,-1,105.37890625
xor,124,b,global_rate40,global,bcd_normal,1,54,1,-1,105.37890625
xor,124,b,global_rate40,global,bcd_swapped,1,68,1,-1,105.37890625
xor,125,b,global_rate40,global,u16BE_x100,2,1,1,5241,0.41162109375
xor,125,b,global_rate40,global,i16BE_x100,2,1,1,5241,0.41162109375
xor,125,b,global_rate40,global,bcd_normal,1,41,1,-1,105.37890625
xor,125,b,global_rate40,global,bcd_swapped,1,117,1,-1,105.37890625
xor,126,b,global_rate40,global,bcd_normal,1,47,1,-1,105.37890625
xor,126,b,global_rate40,global,bcd_swapped,1,20,1,-1,105.37890625
xor,127,b,global_rate40,global,bcd_normal,1,16,1,-1,105.37890625
xor,127,b,global_rate40,global,bcd_swapped,1,42,1,-1,105.37890625
xor,128,b,global_rate40,global,bcd_normal,1,199,1,-1,105.37890625
xor,128,b,global_rate40,global,bcd_swapped,1,258,1,-1,105.37890625
xor,129,b,global_rate40,global,u16BE_x10,2,1,1,18187,0.41162109375
xor,129,b,global_rate40,global,i16BE_x10,2,1,1,18187,0.41162109375
xor,129,b,global_rate40,global,bcd_normal,1,64,1,-1,105.37890625
xor,129,b,global_rate40,global,bcd_swapped,1,186,1,-1,105.37890625
xor,130,b,global_rate40,global,u16LE_x10,2,2,1,-1,0.41162109375
xor,130,b,global_rate40,global,i16LE_x10,2,2,1,-1,0.41162109375
xor,130,b,global_rate40,global,u16BE_x10,2,7,1,-1,0.41162109375
xor,130,b,global_rate40,global,i16BE_x10,2,7,1,-1,0.41162109375
xor,130,b,global_rate40,global,u16BE_x100,2,1,1,17328,0.41162109375
xor,130,b,global_rate40,global,i16BE_x100,2,1,1,17328,0.41162109375
xor,130,b,global_rate40,global,bcd_normal,1,122,1,-1,105.37890625
xor,130,b,global_rate40,global,bcd_swapped,1,135,1,-1,105.37890625
xor,131,b,global_rate40,global,u16LE_x10,2,5,1,-1,0.41162109375
xor,131,b,global_rate40,global,i16LE_x10,2,5,1,-1,0.41162109375
xor,131,b,global_rate40,global,u16BE_x100,2,3,1,-1,0.41162109375
xor,131,b,global_rate40,global,i16BE_x100,2,3,1,-1,0.41162109375
xor,131,b,global_rate40,global,bcd_normal,1,49,1,-1,105.37890625
xor,131,b,global_rate40,global,bcd_swapped,1,159,1,-1,105.37890625
xor,132,b,global_rate40,global,u16LE_x10,2,1,1,16575,0.41162109375
xor,132,b,global_rate40,global,i16LE_x10,2,1,1,16575,0.41162109375
xor,132,b,global_rate40,global,u16LE_x100,2,1,1,18198,0.41162109375
xor,132,b,global_rate40,global,i16LE_x100,2,1,1,18198,0.41162109375
xor,132,b,global_rate40,global,bcd_normal,1,189,1,-1,105.37890625
xor,132,b,global_rate40,global,bcd_swapped,1,279,1,-1,105.37890625
xor,133,b,global_rate40,global,u16LE_x10,2,5,1,-1,0.41162109375
xor,133,b,global_rate40,global,i16LE_x10,2,5,1,-1,0.41162109375
xor,133,b,global_rate40,global,bcd_normal,1,83,1,-1,105.37890625
xor,133,b,global_rate40,global,bcd_swapped,1,113,1,-1,105.37890625
xor,134,b,global_rate40,global,u16LE_x1,2,5,1,-1,0.41162109375
xor,134,b,global_rate40,global,i16LE_x1,2,5,1,-1,0.41162109375
xor,134,b,global_rate40,global,u16LE_x100,2,1,1,16605,0.41162109375
xor,134,b,global_rate40,global,i16LE_x100,2,1,1,16605,0.41162109375
xor,134,b,global_rate40,global,bcd_normal,1,52,1,-1,105.37890625
xor,134,b,global_rate40,global,bcd_swapped,1,254,1,-1,105.37890625
xor,135,b,global_rate40,global,bcd_normal,1,37,1,-1,105.37890625
xor,135,b,global_rate40,global,bcd_swapped,1,171,1,-1,105.37890625
xor,136,b,global_rate40,global,u16BE_x10,2,2,1,-1,0.41162109375
xor,136,b,global_rate40,global,i16BE_x10,2,2,1,-1,0.41162109375
xor,136,b,global_rate40,global,bcd_normal,1,58,1,-1,105.37890625
xor,136,b,global_rate40,global,bcd_swapped,1,99,1,-1,105.37890625
xor,137,b,global_rate40,global,u16BE_x1,2,7,1,-1,0.41162109375
xor,137,b,global_rate40,global,i16BE_x1,2,7,1,-1,0.41162109375
xor,137,b,global_rate40,global,u16BE_x100,2,1,1,22756,0.41162109375
xor,137,b,global_rate40,global,i16BE_x100,2,1,1,22756,0.41162109375
xor,137,b,global_rate40,global,bcd_normal,1,111,1,-1,105.37890625
xor,137,b,global_rate40,global,bcd_swapped,1,76,1,-1,105.37890625
xor,138,b,global_rate40,global,bcd_normal,1,104,1,-1,105.37890625
xor,138,b,global_rate40,global,bcd_swapped,1,44,1,-1,105.37890625
xor,139,b,global_rate40,global,u16BE_x100,2,1,1,18441,0.41162109375
xor,139,b,global_rate40,global,i16BE_x100,2,1,1,18441,0.41162109375
xor,139,b,global_rate40,global,bcd_normal,1,129,1,-1,105.37890625
xor,139,b,global_rate40,global,bcd_swapped,1,81,1,-1,105.37890625
xor,140,b,global_rate40,global,u16LE_x1,2,10,1,-1,0.41162109375
xor,140,b,global_rate40,global,i16LE_x1,2,10,1,-1,0.41162109375
xor,140,b,global_rate40,global,bcd_normal,1,107,1,-1,105.37890625
xor,140,b,global_rate40,global,bcd_swapped,1,155,1,-1,105.37890625
xor,141,b,global_rate40,global,u16LE_x100,2,1,1,22706,0.41162109375
xor,141,b,global_rate40,global,i16LE_x100,2,1,1,22706,0.41162109375
xor,141,b,global_rate40,global,u16BE_x100,2,1,1,2185,0.41162109375
xor,141,b,global_rate40,global,i16BE_x100,2,1,1,2185,0.41162109375
xor,141,b,global_rate40,global,bcd_normal,1,94,1,-1,105.37890625
xor,141,b,global_rate40,global,bcd_swapped,1,126,1,-1,105.37890625
xor,142,b,global_rate40,global,u16LE_x10,2,7,1,-1,0.41162109375
xor,142,b,global_rate40,global,i16LE_x10,2,7,1,-1,0.41162109375
xor,142,b,global_rate40,global,u16BE_x10,2,1,1,17705,0.41162109375
xor,142,b,global_rate40,global,i16BE_x10,2,1,1,17705,0.41162109375
xor,142,b,global_rate40,global,bcd_normal,1,81,1,-1,105.37890625
xor,142,b,global_rate40,global,bcd_swapped,1,168,1,-1,105.37890625
xor,143,b,global_rate40,global,u16LE_x100,2,1,1,16896,0.41162109375
xor,143,b,global_rate40,global,i16LE_x100,2,1,1,16896,0.41162109375
xor,143,b,global_rate40,global,bcd_normal,1,34,1,-1,105.37890625
xor,143,b,global_rate40,global,bcd_swapped,1,92,1,-1,105.37890625
xor,144,b,global_rate40,global,u16BE_x1,2,4,1,-1,0.41162109375
xor,144,b,global_rate40,global,i16BE_x1,2,4,1,-1,0.41162109375
xor,144,b,global_rate40,global,u16BE_x10,2,5,1,-1,0.41162109375
xor,144,b,global_rate40,global,i16BE_x10,2,5,1,-1,0.41162109375
xor,144,b,global_rate40,global,u16BE_x100,2,1,1,4795,0.41162109375
xor,144,b,global_rate40,global,i16BE_x100,2,1,1,4795,0.41162109375
xor,144,b,global_rate40,global,bcd_normal,1,102,1,-1,105.37890625
xor,144,b,global_rate40,global,bcd_swapped,1,169,1,-1,105.37890625
xor,145,b,global_rate40,global,bcd_normal,1,93,1,-1,105.37890625
xor,145,b,global_rate40,global,bcd_swapped,1,162,1,-1,105.37890625
xor,146,b,global_rate40,global,bcd_normal,1,56,1,-1,105.37890625
xor,146,b,global_rate40,global,bcd_swapped,1,135,1,-1,105.37890625
xor,147,b,global_rate40,global,u16LE_x100,2,4,1,-1,0.41162109375
xor,147,b,global_rate40,global,i16LE_x100,2,4,1,-1,0.41162109375
xor,147,b,global_rate40,global,bcd_normal,1,89,1,-1,105.37890625
xor,147,b,global_rate40,global,bcd_swapped,1,149,1,-1,105.37890625
xor,148,b,global_rate40,global,u16LE_x100,2,5,1,-1,0.41162109375
xor,148,b,global_rate40,global,i16LE_x100,2,5,1,-1,0.41162109375
xor,148,b,global_rate40,global,u16BE_x100,2,1,1,5092,0.41162109375
xor,148,b,global_rate40,global,i16BE_x100,2,1,1,5092,0.41162109375
xor,148,b,global_rate40,global,bcd_normal,1,69,1,-1,105.37890625
xor,148,b,global_rate40,global,bcd_swapped,1,124,1,-1,105.37890625
xor,149,b,global_rate40,global,u16BE_x10,2,1,1,18809,0.41162109375
xor,149,b,global_rate40,global,i16BE_x10,2,1,1,18809,0.41162109375
xor,149,b,global_rate40,global,u16LE_x100,2,17,1,-1,0.41162109375
xor,149,b,global_rate40,global,i16LE_x100,2,17,1,-1,0.41162109375
xor,149,b,global_rate40,global,u16BE_x100,2,2,1,-1,0.41162109375
xor,149,b,global_rate40,global,i16BE_x100,2,2,1,-1,0.41162109375
xor,149,b,global_rate40,global,bcd_normal,1,58,1,-1,105.37890625
xor,149,b,global_rate40,global,bcd_swapped,1,104,1,-1,105.37890625
xor,150,b,global_rate40,global,bcd_normal,1,80,1,-1,105.37890625
xor,150,b,global_rate40,global,bcd_swapped,1,138,1,-1,105.37890625
xor,151,b,global_rate40,global,bcd_normal,1,48,1,-1,105.37890625
xor,151,b,global_rate40,global,bcd_swapped,1,109,1,-1,105.37890625
xor,152,b,global_rate40,global,bcd_normal,1,39,1,-1,105.37890625
xor,152,b,global_rate40,global,bcd_swapped,1,135,1,-1,105.37890625
xor,153,b,global_rate40,global,u16BE_x1,2,1,1,2126,0.41162109375
xor,153,b,global_rate40,global,i16BE_x1,2,1,1,2126,0.41162109375
xor,153,b,global_rate40,global,u16BE_x100,2,1,1,16692,0.41162109375
xor,153,b,global_rate40,global,i16BE_x100,2,1,1,16692,0.41162109375
xor,153,b,global_rate40,global,bcd_normal,1,65,1,-1,105.37890625
xor,153,b,global_rate40,global,bcd_swapped,1,61,1,-1,105.37890625
xor,154,b,global_rate40,global,bcd_normal,1,76,1,-1,105.37890625
xor,154,b,global_rate40,global,bcd_swapped,1,32,1,-1,105.37890625
xor,155,b,global_rate40,global,bcd_normal,1,63,1,-1,105.37890625
xor,155,b,global_rate40,global,bcd_swapped,1,39,1,-1,105.37890625
xor,156,b,global_rate40,global,u16LE_x100,2,4,1,-1,0.41162109375
xor,156,b,global_rate40,global,i16LE_x100,2,4,1,-1,0.41162109375
xor,156,b,global_rate40,global,bcd_normal,1,61,1,-1,105.37890625
xor,156,b,global_rate40,global,bcd_swapped,1,106,1,-1,105.37890625
xor,157,b,global_rate40,global,bcd_normal,1,61,1,-1,105.37890625
xor,157,b,global_rate40,global,bcd_swapped,1,158,1,-1,105.37890625
xor,158,b,global_rate40,global,bcd_normal,1,69,1,-1,105.37890625
xor,158,b,global_rate40,global,bcd_swapped,1,200,1,-1,105.37890625
xor,159,b,global_rate40,global,bcd_normal,1,41,1,-1,105.37890625
xor,159,b,global_rate40,global,bcd_swapped,1,64,1,-1,105.37890625
xor,160,b,global_rate40,global,u16LE_x10,2,1,1,4603,0.41162109375
xor,160,b,global_rate40,global,i16LE_x10,2,1,1,4603,0.41162109375
xor,160,b,global_rate40,global,u16LE_x100,2,21,1,-1,0.41162109375
xor,160,b,global_rate40,global,i16LE_x100,2,21,1,-1,0.41162109375
xor,160,b,global_rate40,global,bcd_normal,1,226,1,-1,105.37890625
xor,160,b,global_rate40,global,bcd_swapped,1,83,1,-1,105.37890625
xor,161,b,global_rate40,global,u16LE_x1,2,7,1,-1,0.41162109375
xor,161,b,global_rate40,global,i16LE_x1,2,7,1,-1,0.41162109375
xor,161,b,global_rate40,global,bcd_normal,1,124,1,-1,105.37890625
xor,161,b,global_rate40,global,bcd_swapped,1,169,1,-1,105.37890625
xor,162,b,global_rate40,global,bcd_normal,1,156,1,-1,105.37890625
xor,162,b,global_rate40,global,bcd_swapped,1,114,1,-1,105.37890625
xor,163,b,global_rate40,global,bcd_normal,1,67,1,-1,105.37890625
xor,163,b,global_rate40,global,bcd_swapped,1,77,1,-1,105.37890625
xor,164,b,global_rate40,global,u16BE_x1,2,10,1,-1,0.41162109375
xor,164,b,global_rate40,global,i16BE_x1,2,10,1,-1,0.41162109375
xor,164,b,global_rate40,global,u16BE_x10,2,10,1,-1,0.41162109375
xor,164,b,global_rate40,global,i16BE_x10,2,10,1,-1,0.41162109375
xor,164,b,global_rate40,global,bcd_normal,1,79,1,-1,105.37890625
xor,164,b,global_rate40,global,bcd_swapped,1,121,1,-1,105.37890625
xor,165,b,global_rate40,global,bcd_normal,1,94,1,-1,105.37890625
xor,165,b,global_rate40,global,bcd_swapped,1,94,1,-1,105.37890625
xor,166,b,global_rate40,global,bcd_normal,1,86,1,-1,105.37890625
xor,166,b,global_rate40,global,bcd_swapped,1,83,1,-1,105.37890625
xor,167,b,global_rate40,global,bcd_normal,1,63,1,-1,105.37890625
xor,167,b,global_rate40,global,bcd_swapped,1,60,1,-1,105.37890625
xor,168,b,global_rate40,global,u16BE_x10,2,9,1,-1,0.41162109375
xor,168,b,global_rate40,global,i16BE_x10,2,9,1,-1,0.41162109375
xor,168,b,global_rate40,global,u16BE_x100,2,1,1,5458,0.41162109375
xor,168,b,global_rate40,global,i16BE_x100,2,1,1,5458,0.41162109375
xor,168,b,global_rate40,global,bcd_normal,1,59,1,-1,105.37890625
xor,168,b,global_rate40,global,bcd_swapped,1,157,1,-1,105.37890625
xor,169,b,global_rate40,global,u16BE_x10,2,1,1,24649,0.41162109375
xor,169,b,global_rate40,global,i16BE_x10,2,1,1,24649,0.41162109375
xor,169,b,global_rate40,global,bcd_normal,1,98,1,-1,105.37890625
xor,169,b,global_rate40,global,bcd_swapped,1,93,1,-1,105.37890625
xor,170,b,global_rate40,global,u16LE_x100,2,10,1,-1,0.41162109375
xor,170,b,global_rate40,global,i16LE_x100,2,10,1,-1,0.41162109375
xor,170,b,global_rate40,global,u16BE_x100,2,1,1,17170,0.41162109375
xor,170,b,global_rate40,global,i16BE_x100,2,1,1,17170,0.41162109375
xor,170,b,global_rate40,global,bcd_normal,1,88,1,-1,105.37890625
xor,170,b,global_rate40,global,bcd_swapped,1,87,1,-1,105.37890625
xor,171,b,global_rate40,global,bcd_normal,1,67,1,-1,105.37890625
xor,171,b,global_rate40,global,bcd_swapped,1,71,1,-1,105.37890625
xor,172,b,global_rate40,global,u16BE_x100,2,1,1,16532,0.41162109375
xor,172,b,global_rate40,global,i16BE_x100,2,1,1,16532,0.41162109375
xor,172,b,global_rate40,global,bcd_normal,1,39,1,-1,105.37890625
xor,172,b,global_rate40,global,bcd_swapped,1,95,1,-1,105.37890625
xor,173,b,global_rate40,global,bcd_normal,1,40,1,-1,105.37890625
xor,173,b,global_rate40,global,bcd_swapped,1,108,1,-1,105.37890625
xor,174,b,global_rate40,global,u16BE_x1,2,5,1,-1,0.41162109375
xor,174,b,global_rate40,global,i16BE_x1,2,5,1,-1,0.41162109375
xor,174,b,global_rate40,global,u16LE_x10,2,1,1,18677,0.41162109375
xor,174,b,global_rate40,global,i16LE_x10,2,1,1,18677,0.41162109375
xor,174,b,global_rate40,global,bcd_normal,1,30,1,-1,105.37890625
xor,174,b,global_rate40,global,bcd_swapped,1,167,1,-1,105.37890625
xor,175,b,global_rate40,global,bcd_normal,1,38,1,-1,105.37890625
xor,175,b,global_rate40,global,bcd_swapped,1,92,1,-1,105.37890625
xor,176,b,global_rate40,global,bcd_normal,1,80,1,-1,105.37890625
xor,176,b,global_rate40,global,bcd_swapped,1,95,1,-1,105.37890625
xor,177,b,global_rate40,global,u16LE_x1,2,1,1,2126,0.41162109375
xor,177,b,global_rate40,global,i16LE_x1,2,1,1,2126,0.41162109375
xor,177,b,global_rate40,global,u16LE_x10,2,20,1,-1,0.41162109375
xor,177,b,global_rate40,global,i16LE_x10,2,20,1,-1,0.41162109375
xor,177,b,global_rate40,global,bcd_normal,1,61,1,-1,105.37890625
xor,177,b,global_rate40,global,bcd_swapped,1,104,1,-1,105.37890625
xor,178,b,global_rate40,global,bcd_normal,1,71,1,-1,105.37890625
xor,178,b,global_rate40,global,bcd_swapped,1,84,1,-1,105.37890625
xor,179,b,global_rate40,global,bcd_normal,1,68,1,-1,105.37890625
xor,179,b,global_rate40,global,bcd_swapped,1,22,1,-1,105.37890625
xor,180,b,global_rate40,global,bcd_normal,1,40,1,-1,105.37890625
xor,180,b,global_rate40,global,bcd_swapped,1,146,1,-1,105.37890625
xor,181,b,global_rate40,global,bcd_normal,1,49,1,-1,105.37890625
xor,181,b,global_rate40,global,bcd_swapped,1,80,1,-1,105.37890625
xor,182,b,global_rate40,global,bcd_normal,1,23,1,-1,105.37890625
xor,182,b,global_rate40,global,bcd_swapped,1,189,1,-1,105.37890625
xor,183,b,global_rate40,global,bcd_normal,1,32,1,-1,105.37890625
xor,183,b,global_rate40,global,bcd_swapped,1,44,1,-1,105.37890625
xor,184,b,global_rate40,global,u16LE_x1,2,4,1,-1,0.41162109375
xor,184,b,global_rate40,global,i16LE_x1,2,4,1,-1,0.41162109375
xor,184,b,global_rate40,global,bcd_normal,1,132,1,-1,105.37890625
xor,184,b,global_rate40,global,bcd_swapped,1,121,1,-1,105.37890625
xor,185,b,global_rate40,global,bcd_normal,1,71,1,-1,105.37890625
xor,185,b,global_rate40,global,bcd_swapped,1,42,1,-1,105.37890625
xor,186,b,global_rate40,global,bcd_normal,1,61,1,-1,105.37890625
xor,186,b,global_rate40,global,bcd_swapped,1,43,1,-1,105.37890625
xor,187,b,global_rate40,global,bcd_normal,1,31,1,-1,105.37890625
xor,187,b,global_rate40,global,bcd_swapped,1,9,1,-1,105.37890625
xor,188,b,global_rate40,global,u16BE_x10,2,1,1,25354,0.41162109375
xor,188,b,global_rate40,global,i16BE_x10,2,1,1,25354,0.41162109375
xor,188,b,global_rate40,global,u16BE_x100,2,1,1,21052,0.41162109375
xor,188,b,global_rate40,global,i16BE_x100,2,1,1,21052,0.41162109375
xor,188,b,global_rate40,global,bcd_normal,1,44,1,-1,105.37890625
xor,188,b,global_rate40,global,bcd_swapped,1,66,1,-1,105.37890625
xor,189,b,global_rate40,global,bcd_normal,1,24,1,-1,105.37890625
xor,189,b,global_rate40,global,bcd_swapped,1,128,1,-1,105.37890625
xor,190,b,global_rate40,global,bcd_normal,1,221,1,-1,105.37890625
xor,190,b,global_rate40,global,bcd_swapped,1,45,1,-1,105.37890625
xor,191,b,global_rate40,global,bcd_normal,1,15,1,-1,105.37890625
xor,191,b,global_rate40,global,bcd_swapped,1,59,1,-1,105.37890625
xor,192,b,global_rate40,global,u16BE_x10,2,2,1,-1,0.41162109375
xor,192,b,global_rate40,global,i16BE_x10,2,2,1,-1,0.41162109375
xor,192,b,global_rate40,global,bcd_normal,1,279,1,-1,105.37890625
xor,192,b,global_rate40,global,bcd_swapped,1,189,1,-1,105.37890625
xor,193,b,global_rate40,global,bcd_normal,1,113,1,-1,105.37890625
xor,193,b,global_rate40,global,bcd_swapped,1,83,1,-1,105.37890625
xor,194,b,global_rate40,global,bcd_normal,1,254,1,-1,105.37890625
xor,194,b,global_rate40,global,bcd_swapped,1,52,1,-1,105.37890625
xor,195,b,global_rate40,global,u16LE_x10,2,1,1,17963,0.41162109375
xor,195,b,global_rate40,global,i16LE_x10,2,1,1,17963,0.41162109375
xor,195,b,global_rate40,global,u16BE_x10,2,1,1,16585,0.41162109375
xor,195,b,global_rate40,global,i16BE_x10,2,1,1,16585,0.41162109375
xor,195,b,global_rate40,global,bcd_normal,1,171,1,-1,105.37890625
xor,195,b,global_rate40,global,bcd_swapped,1,37,1,-1,105.37890625
xor,196,b,global_rate40,global,u16LE_x10,2,1,1,22821,0.41162109375
xor,196,b,global_rate40,global,i16LE_x10,2,1,1,22821,0.41162109375
xor,196,b,global_rate40,global,u16BE_x10,2,1,1,22425,0.41162109375
xor,196,b,global_rate40,global,i16BE_x10,2,1,1,22425,0.41162109375
xor,196,b,global_rate40,global,u16LE_x100,2,1,1,5437,0.41162109375
xor,196,b,global_rate40,global,i16LE_x100,2,1,1,5437,0.41162109375
xor,196,b,global_rate40,global,bcd_normal,1,258,1,-1,105.37890625
xor,196,b,global_rate40,global,bcd_swapped,1,199,1,-1,105.37890625
xor,197,b,global_rate40,global,u16BE_x100,2,5,1,-1,0.41162109375
xor,197,b,global_rate40,global,i16BE_x100,2,5,1,-1,0.41162109375
xor,197,b,global_rate40,global,bcd_normal,1,186,1,-1,105.37890625
xor,197,b,global_rate40,global,bcd_swapped,1,64,1,-1,105.37890625
xor,198,b,global_rate40,global,bcd_normal,1,135,1,-1,105.37890625
xor,198,b,global_rate40,global,bcd_swapped,1,122,1,-1,105.37890625
xor,199,b,global_rate40,global,bcd_normal,1,159,1,-1,105.37890625
xor,199,b,global_rate40,global,bcd_swapped,1,49,1,-1,105.37890625
xor,200,b,global_rate40,global,bcd_normal,1,155,1,-1,105.37890625
xor,200,b,global_rate40,global,bcd_swapped,1,107,1,-1,105.37890625
xor,201,b,global_rate40,global,u16LE_x1,2,1,1,20689,0.41162109375
xor,201,b,global_rate40,global,i16LE_x1,2,1,1,20689,0.41162109375
xor,201,b,global_rate40,global,u16LE_x100,2,1,1,22510,0.41162109375
xor,201,b,global_rate40,global,i16LE_x100,2,1,1,22510,0.41162109375
xor,201,b,global_rate40,global,bcd_normal,1,126,1,-1,105.37890625
xor,201,b,global_rate40,global,bcd_swapped,1,94,1,-1,105.37890625
xor,202,b,global_rate40,global,u16BE_x10,2,1,1,19023,0.41162109375
xor,202,b,global_rate40,global,i16BE_x10,2,1,1,19023,0.41162109375
xor,202,b,global_rate40,global,bcd_normal,1,168,1,-1,105.37890625
xor,202,b,global_rate40,global,bcd_swapped,1,81,1,-1,105.37890625
xor,203,b,global_rate40,global,u16LE_x1,2,1,1,16548,0.41162109375
xor,203,b,global_rate40,global,i16LE_x1,2,1,1,16548,0.41162109375
xor,203,b,global_rate40,global,bcd_normal,1,92,1,-1,105.37890625
xor,203,b,global_rate40,global,bcd_swapped,1,34,1,-1,105.37890625
xor,204,b,global_rate40,global,u16LE_x1,2,1,1,18052,0.41162109375
xor,204,b,global_rate40,global,i16LE_x1,2,1,1,18052,0.41162109375
xor,204,b,global_rate40,global,bcd_normal,1,99,1,-1,105.37890625
xor,204,b,global_rate40,global,bcd_swapped,1,58,1,-1,105.37890625
xor,205,b,global_rate40,global,u16BE_x1,2,1,1,19021,0.41162109375
xor,205,b,global_rate40,global,i16BE_x1,2,1,1,19021,0.41162109375
xor,205,b,global_rate40,global,bcd_normal,1,76,1,-1,105.37890625
xor,205,b,global_rate40,global,bcd_swapped,1,111,1,-1,105.37890625
xor,206,b,global_rate40,global,u16BE_x1,2,2,1,-1,0.41162109375
xor,206,b,global_rate40,global,i16BE_x1,2,2,1,-1,0.41162109375
xor,206,b,global_rate40,global,bcd_normal,1,44,1,-1,105.37890625
xor,206,b,global_rate40,global,bcd_swapped,1,104,1,-1,105.37890625
xor,207,b,global_rate40,global,bcd_normal,1,81,1,-1,105.37890625
xor,207,b,global_rate40,global,bcd_swapped,1,129,1,-1,105.37890625
xor,208,b,global_rate40,global,bcd_normal,1,124,1,-1,105.37890625
xor,208,b,global_rate40,global,bcd_swapped,1,69,1,-1,105.37890625
xor,209,b,global_rate40,global,bcd_normal,1,104,1,-1,105.37890625
xor,209,b,global_rate40,global,bcd_swapped,1,58,1,-1,105.37890625
xor,210,b,global_rate40,global,u16LE_x100,2,1,1,5241,0.41162109375
xor,210,b,global_rate40,global,i16LE_x100,2,1,1,5241,0.41162109375
xor,210,b,global_rate40,global,bcd_normal,1,138,1,-1,105.37890625
xor,210,b,global_rate40,global,bcd_swapped,1,80,1,-1,105.37890625
xor,211,b,global_rate40,global,bcd_normal,1,109,1,-1,105.37890625
xor,211,b,global_rate40,global,bcd_swapped,1,48,1,-1,105.37890625
xor,212,b,global_rate40,global,u16BE_x10,2,1,1,4867,0.41162109375
xor,212,b,global_rate40,global,i16BE_x10,2,1,1,4867,0.41162109375
xor,212,b,global_rate40,global,bcd_normal,1,169,1,-1,105.37890625
xor,212,b,global_rate40,global,bcd_swapped,1,102,1,-1,105.37890625
xor,213,b,global_rate40,global,bcd_normal,1,162,1,-1,105.37890625
xor,213,b,global_rate40,global,bcd_swapped,1,93,1,-1,105.37890625
xor,214,b,global_rate40,global,bcd_normal,1,135,1,-1,105.37890625
xor,214,b,global_rate40,global,bcd_swapped,1,56,1,-1,105.37890625
xor,215,b,global_rate40,global,bcd_normal,1,149,1,-1,105.37890625
xor,215,b,global_rate40,global,bcd_swapped,1,89,1,-1,105.37890625
xor,216,b,global_rate40,global,bcd_normal,1,106,1,-1,105.37890625
xor,216,b,global_rate40,global,bcd_swapped,1,61,1,-1,105.37890625
xor,217,b,global_rate40,global,u16LE_x100,2,1,1,17214,0.41162109375
xor,217,b,global_rate40,global,i16LE_x100,2,1,1,17214,0.41162109375
xor,217,b,global_rate40,global,bcd_normal,1,158,1,-1,105.37890625
xor,217,b,global_rate40,global,bcd_swapped,1,61,1,-1,105.37890625
xor,218,b,global_rate40,global,u16LE_x10,2,2,1,-1,0.41162109375
xor,218,b,global_rate40,global,i16LE_x10,2,2,1,-1,0.41162109375
xor,218,b,global_rate40,global,bcd_normal,1,200,1,-1,105.37890625
xor,218,b,global_rate40,global,bcd_swapped,1,69,1,-1,105.37890625
xor,219,b,global_rate40,global,u16LE_x1,2,1,1,18918,0.41162109375
xor,219,b,global_rate40,global,i16LE_x1,2,1,1,18918,0.41162109375
xor,219,b,global_rate40,global,bcd_normal,1,64,1,-1,105.37890625
xor,219,b,global_rate40,global,bcd_swapped,1,41,1,-1,105.37890625
xor,220,b,global_rate40,global,bcd_normal,1,135,1,-1,105.37890625
xor,220,b,global_rate40,global,bcd_swapped,1,39,1,-1,105.37890625
xor,221,b,global_rate40,global,u16LE_x10,2,1,1,24811,0.41162109375
xor,221,b,global_rate40,global,i16LE_x10,2,1,1,24811,0.41162109375
xor,221,b,global_rate40,global,u16BE_x10,2,1,1,18387,0.41162109375
xor,221,b,global_rate40,global,i16BE_x10,2,1,1,18387,0.41162109375
xor,221,b,global_rate40,global,bcd_normal,1,61,1,-1,105.37890625
xor,221,b,global_rate40,global,bcd_swapped,1,65,1,-1,105.37890625
xor,222,b,global_rate40,global,bcd_normal,1,32,1,-1,105.37890625
xor,222,b,global_rate40,global,bcd_swapped,1,76,1,-1,105.37890625
xor,223,b,global_rate40,global,u16LE_x1,2,2,1,-1,0.41162109375
xor,223,b,global_rate40,global,i16LE_x1,2,2,1,-1,0.41162109375
xor,223,b,global_rate40,global,bcd_normal,1,39,1,-1,105.37890625
xor,223,b,global_rate40,global,bcd_swapped,1,63,1,-1,105.37890625
xor,224,b,global_rate40,global,u16LE_x10,2,2,1,-1,0.41162109375
xor,224,b,global_rate40,global,i16LE_x10,2,2,1,-1,0.41162109375
xor,224,b,global_rate40,global,u16BE_x100,2,1,1,18922,0.41162109375
xor,224,b,global_rate40,global,i16BE_x100,2,1,1,18922,0.41162109375
xor,224,b,global_rate40,global,bcd_normal,1,121,1,-1,105.37890625
xor,224,b,global_rate40,global,bcd_swapped,1,79,1,-1,105.37890625
xor,225,b,global_rate40,global,u16BE_x1,2,1,1,20689,0.41162109375
xor,225,b,global_rate40,global,i16BE_x1,2,1,1,20689,0.41162109375
xor,225,b,global_rate40,global,u16BE_x10,2,7,1,-1,0.41162109375
xor,225,b,global_rate40,global,i16BE_x10,2,7,1,-1,0.41162109375
xor,225,b,global_rate40,global,bcd_normal,1,94,1,-1,105.37890625
xor,225,b,global_rate40,global,bcd_swapped,1,94,1,-1,105.37890625
xor,226,b,global_rate40,global,bcd_normal,1,83,1,-1,105.37890625
xor,226,b,global_rate40,global,bcd_swapped,1,86,1,-1,105.37890625
xor,227,b,global_rate40,global,u16BE_x1,2,1,1,16548,0.41162109375
xor,227,b,global_rate40,global,i16BE_x1,2,1,1,16548,0.41162109375
xor,227,b,global_rate40,global,u16LE_x10,2,1,1,18398,0.41162109375
xor,227,b,global_rate40,global,i16LE_x10,2,1,1,18398,0.41162109375
xor,227,b,global_rate40,global,u16BE_x10,2,11,1,-1,0.41162109375
xor,227,b,global_rate40,global,i16BE_x10,2,11,1,-1,0.41162109375
xor,227,b,global_rate40,global,bcd_normal,1,60,1,-1,105.37890625
xor,227,b,global_rate40,global,bcd_swapped,1,63,1,-1,105.37890625
xor,228,b,global_rate40,global,u16BE_x1,2,1,1,18052,0.41162109375
xor,228,b,global_rate40,global,i16BE_x1,2,1,1,18052,0.41162109375
xor,228,b,global_rate40,global,bcd_normal,1,83,1,-1,105.37890625
xor,228,b,global_rate40,global,bcd_swapped,1,226,1,-1,105.37890625
xor,229,b,global_rate40,global,u16LE_x1,2,1,1,19021,0.41162109375
xor,229,b,global_rate40,global,i16LE_x1,2,1,1,19021,0.41162109375
xor,229,b,global_rate40,global,u16BE_x10,2,7,1,-1,0.41162109375
xor,229,b,global_rate40,global,i16BE_x10,2,7,1,-1,0.41162109375
xor,229,b,global_rate40,global,u16LE_x100,2,1,1,24892,0.41162109375
xor,229,b,global_rate40,global,i16LE_x100,2,1,1,24892,0.41162109375
xor,229,b,global_rate40,global,bcd_normal,1,169,1,-1,105.37890625
xor,229,b,global_rate40,global,bcd_swapped,1,124,1,-1,105.37890625
xor,230,b,global_rate40,global,u16LE_x1,2,2,1,-1,0.41162109375
xor,230,b,global_rate40,global,i16LE_x1,2,2,1,-1,0.41162109375
xor,230,b,global_rate40,global,bcd_normal,1,114,1,-1,105.37890625
xor,230,b,global_rate40,global,bcd_swapped,1,156,1,-1,105.37890625
xor,231,b,global_rate40,global,bcd_normal,1,77,1,-1,105.37890625
xor,231,b,global_rate40,global,bcd_swapped,1,67,1,-1,105.37890625
xor,232,b,global_rate40,global,u16BE_x10,2,1,1,15055,0.41162109375
xor,232,b,global_rate40,global,i16BE_x10,2,1,1,15055,0.41162109375
xor,232,b,global_rate40,global,u16BE_x100,2,1,1,20675,0.41162109375
xor,232,b,global_rate40,global,i16BE_x100,2,1,1,20675,0.41162109375
xor,232,b,global_rate40,global,bcd_normal,1,95,1,-1,105.37890625
xor,232,b,global_rate40,global,bcd_swapped,1,39,1,-1,105.37890625
xor,233,b,global_rate40,global,bcd_normal,1,108,1,-1,105.37890625
xor,233,b,global_rate40,global,bcd_swapped,1,40,1,-1,105.37890625
xor,234,b,global_rate40,global,u16LE_x100,2,22,1,-1,0.41162109375
xor,234,b,global_rate40,global,i16LE_x100,2,22,1,-1,0.41162109375
xor,234,b,global_rate40,global,bcd_normal,1,167,1,-1,105.37890625
xor,234,b,global_rate40,global,bcd_swapped,1,30,1,-1,105.37890625
xor,235,b,global_rate40,global,bcd_normal,1,92,1,-1,105.37890625
xor,235,b,global_rate40,global,bcd_swapped,1,38,1,-1,105.37890625
xor,236,b,global_rate40,global,bcd_normal,1,157,1,-1,105.37890625
xor,236,b,global_rate40,global,bcd_swapped,1,59,1,-1,105.37890625
xor,237,b,global_rate40,global,bcd_normal,1,93,1,-1,105.37890625
xor,237,b,global_rate40,global,bcd_swapped,1,98,1,-1,105.37890625
xor,238,b,global_rate40,global,u16LE_x100,2,8,1,-1,0.41162109375
xor,238,b,global_rate40,global,i16LE_x100,2,8,1,-1,0.41162109375
xor,238,b,global_rate40,global,u16BE_x100,2,8,1,-1,0.41162109375
xor,238,b,global_rate40,global,i16BE_x100,2,8,1,-1,0.41162109375
xor,238,b,global_rate40,global,bcd_normal,1,87,1,-1,105.37890625
xor,238,b,global_rate40,global,bcd_swapped,1,88,1,-1,105.37890625
xor,239,b,global_rate40,global,bcd_normal,1,71,1,-1,105.37890625
xor,239,b,global_rate40,global,bcd_swapped,1,67,1,-1,105.37890625
xor,240,b,global_rate40,global,bcd_normal,1,146,1,-1,105.37890625
xor,240,b,global_rate40,global,bcd_swapped,1,40,1,-1,105.37890625
xor,241,b,global_rate40,global,u16BE_x100,2,1,1,5153,0.41162109375
xor,241,b,global_rate40,global,i16BE_x100,2,1,1,5153,0.41162109375
xor,241,b,global_rate40,global,bcd_normal,1,80,1,-1,105.37890625
xor,241,b,global_rate40,global,bcd_swapped,1,49,1,-1,105.37890625
xor,242,b,global_rate40,global,u16BE_x10,2,1,1,22316,0.41162109375
xor,242,b,global_rate40,global,i16BE_x10,2,1,1,22316,0.41162109375
xor,242,b,global_rate40,global,bcd_normal,1,189,1,-1,105.37890625
xor,242,b,global_rate40,global,bcd_swapped,1,23,1,-1,105.37890625
xor,243,b,global_rate40,global,u16BE_x1,2,1,1,18918,0.41162109375
xor,243,b,global_rate40,global,i16BE_x1,2,1,1,18918,0.41162109375
xor,243,b,global_rate40,global,u16BE_x10,2,1,1,14011,0.41162109375
xor,243,b,global_rate40,global,i16BE_x10,2,1,1,14011,0.41162109375
xor,243,b,global_rate40,global,bcd_normal,1,44,1,-1,105.37890625
xor,243,b,global_rate40,global,bcd_swapped,1,32,1,-1,105.37890625
xor,244,b,global_rate40,global,bcd_normal,1,95,1,-1,105.37890625
xor,244,b,global_rate40,global,bcd_swapped,1,80,1,-1,105.37890625
xor,245,b,global_rate40,global,bcd_normal,1,104,1,-1,105.37890625
xor,245,b,global_rate40,global,bcd_swapped,1,61,1,-1,105.37890625
xor,246,b,global_rate40,global,bcd_normal,1,84,1,-1,105.37890625
xor,246,b,global_rate40,global,bcd_swapped,1,71,1,-1,105.37890625
xor,247,b,global_rate40,global,u16BE_x1,2,2,1,-1,0.41162109375
xor,247,b,global_rate40,global,i16BE_x1,2,2,1,-1,0.41162109375
xor,247,b,global_rate40,global,bcd_normal,1,22,1,-1,105.37890625
xor,247,b,global_rate40,global,bcd_swapped,1,68,1,-1,105.37890625
xor,248,b,global_rate40,global,bcd_normal,1,66,1,-1,105.37890625
xor,248,b,global_rate40,global,bcd_swapped,1,44,1,-1,105.37890625
xor,249,b,global_rate40,global,u16BE_x10,2,1,1,18884,0.41162109375
xor,249,b,global_rate40,global,i16BE_x10,2,1,1,18884,0.41162109375
xor,249,b,global_rate40,global,bcd_normal,1,128,1,-1,105.37890625
xor,249,b,global_rate40,global,bcd_swapped,1,24,1,-1,105.37890625
xor,250,b,global_rate40,global,bcd_normal,1,45,1,-1,105.37890625
xor,250,b,global_rate40,global,bcd_swapped,1,221,1,-1,105.37890625
xor,251,b,global_rate40,global,u16LE_x10,2,5,1,-1,0.41162109375
xor,251,b,global_rate40,global,i16LE_x10,2,5,1,-1,0.41162109375
xor,251,b,global_rate40,global,bcd_normal,1,59,1,-1,105.37890625
xor,251,b,global_rate40,global,bcd_swapped,1,15,1,-1,105.37890625
xor,252,b,global_rate40,global,u16BE_x10,2,1,1,2530,0.41162109375
xor,252,b,global_rate40,global,i16BE_x10,2,1,1,2530,0.41162109375
xor,252,b,global_rate40,global,bcd_normal,1,121,1,-1,105.37890625
xor,252,b,global_rate40,global,bcd_swapped,1,132,1,-1,105.37890625
xor,253,b,global_rate40,global,u16BE_x100,2,1,1,18061,0.41162109375
xor,253,b,global_rate40,global,i16BE_x100,2,1,1,18061,0.41162109375
xor,253,b,global_rate40,global,bcd_normal,1,42,1,-1,105.37890625
xor,253,b,global_rate40,global,bcd_swapped,1,71,1,-1,105.37890625
xor,254,b,global_rate40,global,bcd_normal,1,43,1,-1,105.37890625
xor,254,b,global_rate40,global,bcd_swapped,1,61,1,-1,105.37890625
xor,255,b,global_rate40,global,bcd_normal,1,9,1,-1,105.37890625
xor,255,b,global_rate40,global,bcd_swapped,1,31,1,-1,105.37890625
nibble_swap,,b,global_rate40,global,u16BE_x1,2,7,1,-1,0.41162109375
nibble_swap,,b,global_rate40,global,i16BE_x1,2,7,1,-1,0.41162109375
nibble_swap,,b,global_rate40,global,u16LE_x10,2,1,1,18313,0.41162109375
nibble_swap,,b,global_rate40,global,i16LE_x10,2,1,1,18313,0.41162109375
nibble_swap,,b,global_rate40,global,bcd_normal,1,195,1,-1,105.37890625
nibble_swap,,b,global_rate40,global,bcd_swapped,1,209,1,-1,105.37890625
bit_reverse,,b,global_rate40,global,u16BE_x10,2,6,1,-1,0.41162109375
bit_reverse,,b,global_rate40,global,i16BE_x10,2,6,1,-1,0.41162109375
bit_reverse,,b,global_rate40,global,bcd_normal,1,261,1,-1,105.37890625
bit_reverse,,b,global_rate40,global,bcd_swapped,1,218,1,-1,105.37890625
raw,,b,global_rate60,global,u16LE_x1,2,5,1,-1,0.41162109375
raw,,b,global_rate60,global,i16LE_x1,2,5,1,-1,0.41162109375
raw,,b,global_rate60,global,u16LE_x10,2,1,1,17267,0.41162109375
raw,,b,global_rate60,global,i16LE_x10,2,1,1,17267,0.41162109375
raw,,b,global_rate60,global,u16BE_x10,2,1,1,17299,0.41162109375
raw,,b,global_rate60,global,i16BE_x10,2,1,1,17299,0.41162109375
raw,,b,global_rate60,global,bcd_normal,1,138,1,-1,105.37890625
raw,,b,global_rate60,global,bcd_swapped,1,89,1,-1,105.37890625
xor,1,b,global_rate60,global,bcd_normal,1,88,1,-1,105.37890625
xor,1,b,global_rate60,global,bcd_swapped,1,44,1,-1,105.37890625
xor,2,b,global_rate60,global,bcd_normal,1,123,1,-1,105.37890625
xor,2,b,global_rate60,global,bcd_swapped,1,195,1,-1,105.37890625
xor,3,b,global_rate60,global,u16BE_x10,2,10,1,-1,0.41162109375
xor,3,b,global_rate60,global,i16BE_x10,2,10,1,-1,0.41162109375
xor,3,b,global_rate60,global,bcd_normal,1,81,1,-1,105.37890625
xor,3,b,global_rate60,global,bcd_swapped,1,99,1,-1,105.37890625
xor,4,b,global_rate60,global,u16LE_x1,2,1,1,2490,0.41162109375
xor,4,b,global_rate60,global,i16LE_x1,2,1,1,2490,0.41162109375
xor,4,b,global_rate60,global,bcd_normal,1,110,1,-1,105.37890625
xor,4,b,global_rate60,global,bcd_swapped,1,261,1,-1,105.37890625
xor,5,b,global_rate60,global,u16LE_x100,2,8,1,-1,0.41162109375
xor,5,b,global_rate60,global,i16LE_x100,2,8,1,-1,0.41162109375
xor,5,b,global_rate60,global,bcd_normal,1,101,1,-1,105.37890625
xor,5,b,global_rate60,global,bcd_swapped,1,53,1,-1,105.37890625
xor,6,b,global_rate60,global,bcd_normal,1,90,1,-1,105.37890625
xor,6,b,global_rate60,global,bcd_swapped,1,1039,1,-1,105.37890625
xor,7,b,global_rate60,global,bcd_normal,1,58,1,-1,105.37890625
xor,7,b,global_rate60,global,bcd_swapped,1,274,1,-1,105.37890625
xor,8,b,global_rate60,global,u16LE_x10,2,1,1,5148,0.41162109375
xor,8,b,global_rate60,global,i16LE_x10,2,1,1,5148,0.41162109375
xor,8,b,global_rate60,global,u16BE_x10,2,3,1,-1,0.41162109375
xor,8,b,global_rate60,global,i16BE_x10,2,3,1,-1,0.41162109375
xor,8,b,global_rate60,global,bcd_normal,1,80,1,-1,105.37890625
xor,8,b,global_rate60,global,bcd_swapped,1,78,1,-1,105.37890625
xor,9,b,global_rate60,global,bcd_normal,1,131,1,-1,105.37890625
xor,9,b,global_rate60,global,bcd_swapped,1,40,1,-1,105.37890625
xor,10,b,global_rate60,global,u16LE_x1,2,1,1,19198,0.41162109375
xor,10,b,global_rate60,global,i16LE_x1,2,1,1,19198,0.41162109375
xor,10,b,global_rate60,global,u16BE_x1,2,1,1,13914,0.41162109375
xor,10,b,global_rate60,global,i16BE_x1,2,1,1,13914,0.41162109375
xor,10,b,global_rate60,global,u16BE_x100,2,1,1,4606,0.41162109375
xor,10,b,global_rate60,global,i16BE_x100,2,1,1,4606,0.41162109375
xor,10,b,global_rate60,global,bcd_normal,1,88,1,-1,105.37890625
xor,10,b,global_rate60,global,bcd_swapped,1,73,1,-1,105.37890625
xor,11,b,global_rate60,global,u16LE_x10,2,1,1,15037,0.41162109375
xor,11,b,global_rate60,global,i16LE_x10,2,1,1,15037,0.41162109375
xor,11,b,global_rate60,global,bcd_normal,1,60,1,-1,105.37890625
xor,11,b,global_rate60,global,bcd_swapped,1,66,1,-1,105.37890625
xor,12,b,global_rate60,global,u16BE_x1,2,1,1,17083,0.41162109375
xor,12,b,global_rate60,global,i16BE_x1,2,1,1,17083,0.41162109375
xor,12,b,global_rate60,global,bcd_normal,1,94,1,-1,105.37890625
xor,12,b,global_rate60,global,bcd_swapped,1,250,1,-1,105.37890625
xor,13,b,global_rate60,global,bcd_normal,1,56,1,-1,105.37890625
xor,13,b,global_rate60,global,bcd_swapped,1,87,1,-1,105.37890625
xor,14,b,global_rate60,global,bcd_normal,1,76,1,-1,105.37890625
xor,14,b,global_rate60,global,bcd_swapped,1,177,1,-1,105.37890625
xor,15,b,global_rate60,global,bcd_normal,1,72,1,-1,105.37890625
xor,15,b,global_rate60,global,bcd_swapped,1,206,1,-1,105.37890625
xor,16,b,global_rate60,global,u16LE_x1,2,7,1,-1,0.41162109375
xor,16,b,global_rate60,global,i16LE_x1,2,7,1,-1,0.41162109375
xor,16,b,global_rate60,global,bcd_normal,1,89,1,-1,105.37890625
xor,16,b,global_rate60,global,bcd_swapped,1,114,1,-1,105.37890625
xor,17,b,global_rate60,global,u16LE_x10,2,1,1,16497,0.41162109375
xor,17,b,global_rate60,global,i16LE_x10,2,1,1,16497,0.41162109375
xor,17,b,global_rate60,global,u16BE_x10,2,15,1,-1,0.41162109375
xor,17,b,global_rate60,global,i16BE_x10,2,15,1,-1,0.41162109375
xor,17,b,global_rate60,global,bcd_normal,1,64,1,-1,105.37890625
xor,17,b,global_rate60,global,bcd_swapped,1,133,1,-1,105.37890625
xor,18,b,global_rate60,global,u16LE_x10,2,2,1,-1,0.41162109375
xor,18,b,global_rate60,global,i16LE_x10,2,2,1,-1,0.41162109375
xor,18,b,global_rate60,global,bcd_normal,1,59,1,-1,105.37890625
xor,18,b,global_rate60,global,bcd_swapped,1,132,1,-1,105.37890625
xor,19,b,global_rate60,global,u16LE_x1,2,2,1,-1,0.41162109375
xor,19,b,global_rate60,global,i16LE_x1,2,2,1,-1,0.41162109375
xor,19,b,global_rate60,global,bcd_normal,1,107,1,-1,105.37890625
xor,19,b,global_rate60,global,bcd_swapped,1,149,1,-1,105.37890625
xor,20,b,global_rate60,global,u16LE_x1,2,1,1,17189,0.41162109375
xor,20,b,global_rate60,global,i16LE_x1,2,1,1,17189,0.41162109375
xor,20,b,global_rate60,global,bcd_normal,1,95,1,-1,105.37890625
xor,20,b,global_rate60,global,bcd_swapped,1,209,1,-1,105.37890625
xor,21,b,global_rate60,global,u16LE_x1,2,18,1,-1,0.41162109375
xor,21,b,global_rate60,global,i16LE_x1,2,18,1,-1,0.41162109375
xor,21,b,global_rate60,global,bcd_normal,1,81,1,-1,105.37890625
xor,21,b,global_rate60,global,bcd_swapped,1,206,1,-1,105.37890625
xor,22,b,global_rate60,global,bcd_normal,1,32,1,-1,105.37890625
xor,22,b,global_rate60,global,bcd_swapped,1,181,1,-1,105.37890625
xor,23,b,global_rate60,global,u16BE_x1,2,6,1,-1,0.41162109375
xor,23,b,global_rate60,global,i16BE_x1,2,6,1,-1,0.41162109375
xor,23,b,global_rate60,global,bcd_normal,1,60,1,-1,105.37890625
xor,23,b,global_rate60,global,bcd_swapped,1,178,1,-1,105.37890625
xor,24,b,global_rate60,global,bcd_normal,1,68,1,-1,105.37890625
xor,24,b,global_rate60,global,bcd_swapped,1,64,1,-1,105.37890625
xor,25,b,global_rate60,global,bcd_normal,1,117,1,-1,105.37890625
xor,25,b,global_rate60,global,bcd_swapped,1,30,1,-1,105.37890625
xor,26,b,global_rate60,global,u16LE_x10,2,1,1,17055,0.41162109375
xor,26,b,global_rate60,global,i16LE_x10,2,1,1,17055,0.41162109375
xor,26,b,global_rate60,global,u16BE_x100,2,1,1,16386,0.41162109375
xor,26,b,global_rate60,global,i16BE_x100,2,1,1,16386,0.41162109375
xor,26,b,global_rate60,global,bcd_normal,1,20,1,-1,105.37890625
xor,26,b,global_rate60,global,bcd_swapped,1,85,1,-1,105.37890625
xor,27,b,global_rate60,global,bcd_normal,1,42,1,-1,105.37890625
xor,27,b,global_rate60,global,bcd_swapped,1,44,1,-1,105.37890625
xor,28,b,global_rate60,global,u16LE_x100,2,8,1,-1,0.41162109375
xor,28,b,global_rate60,global,i16LE_x100,2,8,1,-1,0.41162109375
xor,28,b,global_rate60,global,bcd_normal,1,93,1,-1,105.37890625
xor,28,b,global_rate60,global,bcd_swapped,1,58,1,-1,105.37890625
xor,29,b,global_rate60,global,u16LE_x1,2,1,1,14123,0.41162109375
xor,29,b,global_rate60,global,i16LE_x1,2,1,1,14123,0.41162109375
xor,29,b,global_rate60,global,bcd_normal,1,16,1,-1,105.37890625
xor,29,b,global_rate60,global,bcd_swapped,1,66,1,-1,105.37890625
xor,30,b,global_rate60,global,u16LE_x1,2,10,1,-1,0.41162109375
xor,30,b,global_rate60,global,i16LE_x1,2,10,1,-1,0.41162109375
xor,30,b,global_rate60,global,u16BE_x100,2,1,1,22567,0.41162109375
xor,30,b,global_rate60,global,i16BE_x100,2,1,1,22567,0.41162109375
xor,30,b,global_rate60,global,bcd_normal,1,22,1,-1,105.37890625
xor,30,b,global_rate60,global,bcd_swapped,1,98,1,-1,105.37890625
xor,31,b,global_rate60,global,u16LE_x10,2,1,1,4605,0.41162109375
xor,31,b,global_rate60,global,i16LE_x10,2,1,1,4605,0.41162109375
xor,31,b,global_rate60,global,bcd_normal,1,11,1,-1,105.37890625
xor,31,b,global_rate60,global,bcd_swapped,1,80,1,-1,105.37890625
xor,32,b,global_rate60,global,bcd_normal,1,209,1,-1,105.37890625
xor,32,b,global_rate60,global,bcd_swapped,1,219,1,-1,105.37890625
xor,33,b,global_rate60,global,u16BE_x1,2,1,1,14123,0.41162109375
xor,33,b,global_rate60,global,i16BE_x1,2,1,1,14123,0.41162109375
xor,33,b,global_rate60,global,bcd_normal,1,97,1,-1,105.37890625
xor,33,b,global_rate60,global,bcd_swapped,1,93,1,-1,105.37890625
xor,34,b,global_rate60,global,u16BE_x1,2,10,1,-1,0.41162109375
xor,34,b,global_rate60,global,i16BE_x1,2,10,1,-1,0.41162109375
xor,34,b,global_rate60,global,bcd_normal,1,131,1,-1,105.37890625
xor,34,b,global_rate60,global,bcd_swapped,1,105,1,-1,105.37890625
xor,35,b,global_rate60,global,u16LE_x100,2,19,1,-1,0.41162109375
xor,35,b,global_rate60,global,i16LE_x100,2,19,1,-1,0.41162109375
xor,35,b,global_rate60,global,bcd_normal,1,114,1,-1,105.37890625
xor,35,b,global_rate60,global,bcd_swapped,1,173,1,-1,105.37890625
xor,36,b,global_rate60,global,u16LE_x10,2,1,1,14082,0.41162109375
xor,36,b,global_rate60,global,i16LE_x10,2,1,1,14082,0.41162109375
xor,36,b,global_rate60,global,u16LE_x100,2,1,1,4736,0.41162109375
xor,36,b,global_rate60,global,i16LE_x100,2,1,1,4736,0.41162109375
xor,36,b,global_rate60,global,bcd_normal,1,165,1,-1,105.37890625
xor,36,b,global_rate60,global,bcd_swapped,1,136,1,-1,105.37890625
xor,37,b,global_rate60,global,bcd_normal,1,121,1,-1,105.37890625
xor,37,b,global_rate60,global,bcd_swapped,1,98,1,-1,105.37890625
xor,38,b,global_rate60,global,bcd_normal,1,71,1,-1,105.37890625
xor,38,b,global_rate60,global,bcd_swapped,1,218,1,-1,105.37890625
xor,39,b,global_rate60,global,bcd_normal,1,65,1,-1,105.37890625
xor,39,b,global_rate60,global,bcd_swapped,1,112,1,-1,105.37890625
xor,40,b,global_rate60,global,u16BE_x1,2,1,1,17189,0.41162109375
xor,40,b,global_rate60,global,i16BE_x1,2,1,1,17189,0.41162109375
xor,40,b,global_rate60,global,bcd_normal,1,109,1,-1,105.37890625
xor,40,b,global_rate60,global,bcd_swapped,1,160,1,-1,105.37890625
xor,41,b,global_rate60,global,u16BE_x1,2,18,1,-1,0.41162109375
xor,41,b,global_rate60,global,i16BE_x1,2,18,1,-1,0.41162109375
xor,41,b,global_rate60,global,u16LE_x10,2,1,1,20683,0.41162109375
xor,41,b,global_rate60,global,i16LE_x10,2,1,1,20683,0.41162109375
xor,41,b,global_rate60,global,bcd_normal,1,154,1,-1,105.37890625
xor,41,b,global_rate60,global,bcd_swapped,1,74,1,-1,105.37890625
xor,42,b,global_rate60,global,bcd_normal,1,176,1,-1,105.37890625
xor,42,b,global_rate60,global,bcd_swapped,1,218,1,-1,105.37890625
xor,43,b,global_rate60,global,u16LE_x1,2,6,1,-1,0.41162109375
xor,43,b,global_rate60,global,i16LE_x1,2,6,1,-1,0.41162109375
xor,43,b,global_rate60,global,u16LE_x10,2,4,1,-1,0.41162109375
xor,43,b,global_rate60,global,i16LE_x10,2,4,1,-1,0.41162109375
xor,43,b,global_rate60,global,u16BE_x10,2,1,1,1979,0.41162109375
xor,43,b,global_rate60,global,i16BE_x10,2,1,1,1979,0.41162109375
xor,43,b,global_rate60,global,bcd_normal,1,176,1,-1,105.37890625
xor,43,b,global_rate60,global,bcd_swapped,1,108,1,-1,105.37890625
xor,44,b,global_rate60,global,u16BE_x1,2,7,1,-1,0.41162109375
xor,44,b,global_rate60,global,i16BE_x1,2,7,1,-1,0.41162109375
xor,44,b,global_rate60,global,bcd_normal,1,160,1,-1,105.37890625
xor,44,b,global_rate60,global,bcd_swapped,1,137,1,-1,105.37890625
xor,45,b,global_rate60,global,bcd_normal,1,127,1,-1,105.37890625
xor,45,b,global_rate60,global,bcd_swapped,1,142,1,-1,105.37890625
xor,46,b,global_rate60,global,bcd_normal,1,102,1,-1,105.37890625
xor,46,b,global_rate60,global,bcd_swapped,1,136,1,-1,105.37890625
xor,47,b,global_rate60,global,u16BE_x1,2,2,1,-1,0.41162109375
xor,47,b,global_rate60,global,i16BE_x1,2,2,1,-1,0.41162109375
xor,47,b,global_rate60,global,bcd_normal,1,64,1,-1,105.37890625
xor,47,b,global_rate60,global,bcd_swapped,1,149,1,-1,105.37890625
xor,48,b,global_rate60,global,u16LE_x1,2,1,1,17083,0.41162109375
xor,48,b,global_rate60,global,i16LE_x1,2,1,1,17083,0.41162109375
xor,48,b,global_rate60,global,bcd_normal,1,124,1,-1,105.37890625
xor,48,b,global_rate60,global,bcd_swapped,1,92,1,-1,105.37890625
xor,49,b,global_rate60,global,bcd_normal,1,76,1,-1,105.37890625
xor,49,b,global_rate60,global,bcd_swapped,1,68,1,-1,105.37890625
xor,50,b,global_rate60,global,u16LE_x100,2,2,1,-1,0.41162109375
xor,50,b,global_rate60,global,i16LE_x100,2,2,1,-1,0.41162109375
xor,50,b,global_rate60,global,bcd_normal,1,71,1,-1,105.37890625
xor,50,b,global_rate60,global,bcd_swapped,1,172,1,-1,105.37890625
xor,51,b,global_rate60,global,bcd_normal,1,90,1,-1,105.37890625
xor,51,b,global_rate60,global,bcd_swapped,1,106,1,-1,105.37890625
xor,52,b,global_rate60,global,bcd_normal,1,153,1,-1,105.37890625
xor,52,b,global_rate60,global,bcd_swapped,1,83,1,-1,105.37890625
xor,53,b,global_rate60,global,u16LE_x10,2,8,1,-1,0.41162109375
xor,53,b,global_rate60,global,i16LE_x10,2,8,1,-1,0.41162109375
xor,53,b,global_rate60,global,u16LE_x100,2,5,1,-1,0.41162109375
xor,53,b,global_rate60,global,i16LE_x100,2,5,1,-1,0.41162109375
xor,53,b,global_rate60,global,bcd_normal,1,116,1,-1,105.37890625
xor,53,b,global_rate60,global,bcd_swapped,1,119,1,-1,105.37890625
xor,54,b,global_rate60,global,u16LE_x1,2,1,1,13914,0.41162109375
xor,54,b,global_rate60,global,i16LE_x1,2,1,1,13914,0.41162109375
xor,54,b,global_rate60,global,u16BE_x1,2,1,1,19198,0.41162109375
xor,54,b,global_rate60,global,i16BE_x1,2,1,1,19198,0.41162109375
xor,54,b,global_rate60,global,bcd_normal,1,183,1,-1,105.37890625
xor,54,b,global_rate60,global,bcd_swapped,1,121,1,-1,105.37890625
xor,55,b,global_rate60,global,bcd_normal,1,116,1,-1,105.37890625
xor,55,b,global_rate60,global,bcd_swapped,1,82,1,-1,105.37890625
xor,56,b,global_rate60,global,u16BE_x1,2,1,1,2490,0.41162109375
xor,56,b,global_rate60,global,i16BE_x1,2,1,1,2490,0.41162109375
xor,56,b,global_rate60,global,bcd_normal,1,168,1,-1,105.37890625
xor,56,b,global_rate60,global,bcd_swapped,1,47,1,-1,105.37890625
xor,57,b,global_rate60,global,bcd_normal,1,182,1,-1,105.37890625
xor,57,b,global_rate60,global,bcd_swapped,1,16,1,-1,105.37890625
xor,58,b,global_rate60,global,u16LE_x100,2,7,1,-1,0.41162109375
xor,58,b,global_rate60,global,i16LE_x100,2,7,1,-1,0.41162109375
xor,58,b,global_rate60,global,bcd_normal,1,122,1,-1,105.37890625
xor,58,b,global_rate60,global,bcd_swapped,1,54,1,-1,105.37890625
xor,59,b,global_rate60,global,u16LE_x10,2,1,1,20792,0.41162109375
xor,59,b,global_rate60,global,i16LE_x10,2,1,1,20792,0.41162109375
xor,59,b,global_rate60,global,u16LE_x100,2,1,1,18135,0.41162109375
xor,59,b,global_rate60,global,i16LE_x100,2,1,1,18135,0.41162109375
xor,59,b,global_rate60,global,bcd_normal,1,110,1,-1,105.37890625
xor,59,b,global_rate60,global,bcd_swapped,1,41,1,-1,105.37890625
xor,60,b,global_rate60,global,u16BE_x1,2,5,1,-1,0.41162109375
xor,60,b,global_rate60,global,i16BE_x1,2,5,1,-1,0.41162109375
xor,60,b,global_rate60,global,bcd_normal,1,89,1,-1,105.37890625
xor,60,b,global_rate60,global,bcd_swapped,1,44,1,-1,105.37890625
xor,61,b,global_rate60,global,bcd_normal,1,90,1,-1,105.37890625
xor,61,b,global_rate60,global,bcd_swapped,1,57,1,-1,105.37890625
xor,62,b,global_rate60,global,u16BE_x10,2,1,1,17389,0.41162109375
xor,62,b,global_rate60,global,i16BE_x10,2,1,1,17389,0.41162109375
xor,62,b,global_rate60,global,bcd_normal,1,65,1,-1,105.37890625
xor,62,b,global_rate60,global,bcd_swapped,1,144,1,-1,105.37890625
xor,63,b,global_rate60,global,bcd_normal,1,93,1,-1,105.37890625
xor,63,b,global_rate60,global,bcd_swapped,1,95,1,-1,105.37890625
xor,64,b,global_rate60,global,u16BE_x10,2,1,1,17055,0.41162109375
xor,64,b,global_rate60,global,i16BE_x10,2,1,1,17055,0.41162109375
xor,64,b,global_rate60,global,bcd_normal,1,218,1,-1,105.37890625
xor,64,b,global_rate60,global,bcd_swapped,1,71,1,-1,105.37890625
xor,65,b,global_rate60,global,bcd_normal,1,112,1,-1,105.37890625
xor,65,b,global_rate60,global,bcd_swapped,1,65,1,-1,105.37890625
xor,66,b,global_rate60,global,bcd_normal,1,136,1,-1,105.37890625
xor,66,b,global_rate60,global,bcd_swapped,1,165,1,-1,105.37890625
xor,67,b,global_rate60,global,u16BE_x100,2,1,1,4736,0.41162109375
xor,67,b,global_rate60,global,i16BE_x100,2,1,1,4736,0.41162109375
xor,67,b,global_rate60,global,bcd_normal,1,98,1,-1,105.37890625
xor,67,b,global_rate60,global,bcd_swapped,1,121,1,-1,105.37890625
xor,68,b,global_rate60,global,u16BE_x100,2,19,1,-1,0.41162109375
xor,68,b,global_rate60,global,i16BE_x100,2,19,1,-1,0.41162109375
xor,68,b,global_rate60,global,bcd_normal,1,105,1,-1,105.37890625
xor,68,b,global_rate60,global,bcd_swapped,1,131,1,-1,105.37890625
xor,69,b,global_rate60,global,u16BE_x10,2,1,1,4605,0.41162109375
xor,69,b,global_rate60,global,i16BE_x10,2,1,1,4605,0.41162109375
xor,69,b,global_rate60,global,bcd_normal,1,173,1,-1,105.37890625
xor,69,b,global_rate60,global,bcd_swapped,1,114,1,-1,105.37890625
xor,70,b,global_rate60,global,bcd_normal,1,219,1,-1,105.37890625
xor,70,b,global_rate60,global,bcd_swapped,1,209,1,-1,105.37890625
xor,71,b,global_rate60,global,bcd_normal,1,93,1,-1,105.37890625
xor,71,b,global_rate60,global,bcd_swapped,1,97,1,-1,105.37890625
xor,72,b,global_rate60,global,u16BE_x10,2,2,1,-1,0.41162109375
xor,72,b,global_rate60,global,i16BE_x10,2,2,1,-1,0.41162109375
xor,72,b,global_rate60,global,bcd_normal,1,136,1,-1,105.37890625
xor,72,b,global_rate60,global,bcd_swapped,1,102,1,-1,105.37890625
xor,73,b,global_rate60,global,bcd_normal,1,149,1,-1,105.37890625
xor,73,b,global_rate60,global,bcd_swapped,1,64,1,-1,105.37890625
xor,74,b,global_rate60,global,bcd_normal,1,137,1,-1,105.37890625
xor,74,b,global_rate60,global,bcd_swapped,1,160,1,-1,105.37890625
xor,75,b,global_rate60,global,u16BE_x1,2,1,1,17503,0.41162109375
xor,75,b,global_rate60,global,i16BE_x1,2,1,1,17503,0.41162109375
xor,75,b,global_rate60,global,u16LE_x10,2,15,1,-1,0.41162109375
xor,75,b,global_rate60,global,i16LE_x10,2,15,1,-1,0.41162109375
xor,75,b,global_rate60,global,u16BE_x10,2,1,1,16497,0.41162109375
xor,75,b,global_rate60,global,i16BE_x10,2,1,1,16497,0.41162109375
xor,75,b,global_rate60,global,bcd_normal,1,142,1,-1,105.37890625
xor,75,b,global_rate60,global,bcd_swapped,1,127,1,-1,105.37890625
xor,76,b,global_rate60,global,bcd_normal,1,218,1,-1,105.37890625
xor,76,b,global_rate60,global,bcd_swapped,1,176,1,-1,105.37890625
xor,77,b,global_rate60,global,bcd_normal,1,108,1,-1,105.37890625
xor,77,b,global_rate60,global,bcd_swapped,1,176,1,-1,105.37890625
xor,78,b,global_rate60,global,bcd_normal,1,160,1,-1,105.37890625
xor,78,b,global_rate60,global,bcd_swapped,1,109,1,-1,105.37890625
xor,79,b,global_rate60,global,bcd_normal,1,74,1,-1,105.37890625
xor,79,b,global_rate60,global,bcd_swapped,1,154,1,-1,105.37890625
xor,80,b,global_rate60,global,bcd_normal,1,121,1,-1,105.37890625
xor,80,b,global_rate60,global,bcd_swapped,1,183,1,-1,105.37890625
xor,81,b,global_rate60,global,u16BE_x1,2,9,1,-1,0.41162109375
xor,81,b,global_rate60,global,i16BE_x1,2,9,1,-1,0.41162109375
xor,81,b,global_rate60,global,u16BE_x10,2,1,1,15037,0.41162109375
xor,81,b,global_rate60,global,i16BE_x10,2,1,1,15037,0.41162109375
xor,81,b,global_rate60,global,bcd_normal,1,82,1,-1,105.37890625
xor,81,b,global_rate60,global,bcd_swapped,1,116,1,-1,105.37890625
xor,82,b,global_rate60,global,u16LE_x10,2,3,1,-1,0.41162109375
xor,82,b,global_rate60,global,i16LE_x10,2,3,1,-1,0.41162109375
xor,82,b,global_rate60,global,u16BE_x10,2,1,1,5148,0.41162109375
xor,82,b,global_rate60,global,i16BE_x10,2,1,1,5148,0.41162109375
xor,82,b,global_rate60,global,u16BE_x100,2,5,1,-1,0.41162109375
xor,82,b,global_rate60,global,i16BE_x100,2,5,1,-1,0.41162109375
xor,82,b,global_rate60,global,bcd_normal,1,83,1,-1,105.37890625
xor,82,b,global_rate60,global,bcd_swapped,1,153,1,-1,105.37890625
xor,83,b,global_rate60,global,bcd_normal,1,119,1,-1,105.37890625
xor,83,b,global_rate60,global,bcd_swapped,1,116,1,-1,105.37890625
xor,84,b,global_rate60,global,bcd_normal,1,172,1,-1,105.37890625
xor,84,b,global_rate60,global,bcd_swapped,1,71,1,-1,105.37890625
xor,85,b,global_rate60,global,u16BE_x100,2,2,1,-1,0.41162109375
xor,85,b,global_rate60,global,i16BE_x100,2,2,1,-1,0.41162109375
xor,85,b,global_rate60,global,bcd_normal,1,106,1,-1,105.37890625
xor,85,b,global_rate60,global,bcd_swapped,1,90,1,-1,105.37890625
xor,86,b,global_rate60,global,u16LE_x1,2,8,1,-1,0.41162109375
xor,86,b,global_rate60,global,i16LE_x1,2,8,1,-1,0.41162109375
xor,86,b,global_rate60,global,u16BE_x1,2,9,1,-1,0.41162109375
xor,86,b,global_rate60,global,i16BE_x1,2,9,1,-1,0.41162109375
xor,86,b,global_rate60,global,bcd_normal,1,92,1,-1,105.37890625
xor,86,b,global_rate60,global,bcd_swapped,1,124,1,-1,105.37890625
xor,87,b,global_rate60,global,bcd_normal,1,68,1,-1,105.37890625
xor,87,b,global_rate60,global,bcd_swapped,1,76,1,-1,105.37890625
xor,88,b,global_rate60,global,bcd_normal,1,144,1,-1,105.37890625
xor,88,b,global_rate60,global,bcd_swapped,1,65,1,-1,105.37890625
xor,89,b,global_rate60,global,u16LE_x10,2,10,1,-1,0.41162109375
xor,89,b,global_rate60,global,i16LE_x10,2,10,1,-1,0.41162109375
xor,89,b,global_rate60,global,bcd_normal,1,95,1,-1,105.37890625
xor,89,b,global_rate60,global,bcd_swapped,1,93,1,-1,105.37890625
xor,90,b,global_rate60,global,u16LE_x10,2,1,1,17299,0.41162109375
xor,90,b,global_rate60,global,i16LE_x10,2,1,1,17299,0.41162109375
xor,90,b,global_rate60,global,u16BE_x10,2,1,1,17267,0.41162109375
xor,90,b,global_rate60,global,i16BE_x10,2,1,1,17267,0.41162109375
xor,90,b,global_rate60,global,bcd_normal,1,44,1,-1,105.37890625
xor,90,b,global_rate60,global,bcd_swapped,1,89,1,-1,105.37890625
xor,91,b,global_rate60,global,bcd_normal,1,57,1,-1,105.37890625
xor,91,b,global_rate60,global,bcd_swapped,1,90,1,-1,105.37890625
xor,92,b,global_rate60,global,u16BE_x1,2,1,1,20644,0.41162109375
xor,92,b,global_rate60,global,i16BE_x1,2,1,1,20644,0.41162109375
xor,92,b,global_rate60,global,u16BE_x100,2,1,1,18135,0.41162109375
xor,92,b,global_rate60,global,i16BE_x100,2,1,1,18135,0.41162109375
xor,92,b,global_rate60,global,bcd_normal,1,54,1,-1,105.37890625
xor,92,b,global_rate60,global,bcd_swapped,1,122,1,-1,105.37890625
xor,93,b,global_rate60,global,u16BE_x100,2,7,1,-1,0.41162109375
xor,93,b,global_rate60,global,i16BE_x100,2,7,1,-1,0.41162109375
xor,93,b,global_rate60,global,bcd_normal,1,41,1,-1,105.37890625
xor,93,b,global_rate60,global,bcd_swapped,1,110,1,-1,105.37890625
xor,94,b,global_rate60,global,bcd_normal,1,47,1,-1,105.37890625
xor,94,b,global_rate60,global,bcd_swapped,1,168,1,-1,105.37890625
xor,95,b,global_rate60,global,bcd_normal,1,16,1,-1,105.37890625
xor,95,b,global_rate60,global,bcd_swapped,1,182,1,-1,105.37890625
xor,96,b,global_rate60,global,u16LE_x1,2,1,1,20644,0.41162109375
xor,96,b,global_rate60,global,i16LE_x1,2,1,1,20644,0.41162109375
xor,96,b,global_rate60,global,bcd_normal,1,1039,1,-1,105.37890625
xor,96,b,global_rate60,global,bcd_swapped,1,90,1,-1,105.37890625
xor,97,b,global_rate60,global,u16BE_x10,2,1,1,20792,0.41162109375
xor,97,b,global_rate60,global,i16BE_x10,2,1,1,20792,0.41162109375
xor,97,b,global_rate60,global,bcd_normal,1,274,1,-1,105.37890625
xor,97,b,global_rate60,global,bcd_swapped,1,58,1,-1,105.37890625
xor,98,b,global_rate60,global,u16BE_x100,2,8,1,-1,0.41162109375
xor,98,b,global_rate60,global,i16BE_x100,2,8,1,-1,0.41162109375
xor,98,b,global_rate60,global,bcd_normal,1,261,1,-1,105.37890625
xor,98,b,global_rate60,global,bcd_swapped,1,110,1,-1,105.37890625
xor,99,b,global_rate60,global,bcd_normal,1,53,1,-1,105.37890625
xor,99,b,global_rate60,global,bcd_swapped,1,101,1,-1,105.37890625
xor,100,b,global_rate60,global,u16LE_x10,2,1,1,17389,0.41162109375
xor,100,b,global_rate60,global,i16LE_x10,2,1,1,17389,0.41162109375
xor,100,b,global_rate60,global,bcd_normal,1,195,1,-1,105.37890625
xor,100,b,global_rate60,global,bcd_swapped,1,123,1,-1,105.37890625
xor,101,b,global_rate60,global,bcd_normal,1,99,1,-1,105.37890625
xor,101,b,global_rate60,global,bcd_swapped,1,81,1,-1,105.37890625
xor,102,b,global_rate60,global,bcd_normal,1,89,1,-1,105.37890625
xor,102,b,global_rate60,global,bcd_swapped,1,138,1,-1,105.37890625
xor,103,b,global_rate60,global,bcd_normal,1,44,1,-1,105.37890625
xor,103,b,global_rate60,global,bcd_swapped,1,88,1,-1,105.37890625
xor,104,b,global_rate60,global,bcd_normal,1,177,1,-1,105.37890625
xor,104,b,global_rate60,global,bcd_swapped,1,76,1,-1,105.37890625
xor,105,b,global_rate60,global,bcd_normal,1,206,1,-1,105.37890625
xor,105,b,global_rate60,global,bcd_swapped,1,72,1,-1,105.37890625
xor,106,b,global_rate60,global,u16LE_x1,2,9,1,-1,0.41162109375
xor,106,b,global_rate60,global,i16LE_x1,2,9,1,-1,0.41162109375
xor,106,b,global_rate60,global,u16BE_x1,2,8,1,-1,0.41162109375
xor,106,b,global_rate60,global,i16BE_x1,2,8,1,-1,0.41162109375
xor,106,b,global_rate60,global,bcd_normal,1,250,1,-1,105.37890625
xor,106,b,global_rate60,global,bcd_swapped,1,94,1,-1,105.37890625
xor,107,b,global_rate60,global,bcd_normal,1,87,1,-1,105.37890625
xor,107,b,global_rate60,global,bcd_swapped,1,56,1,-1,105.37890625
xor,108,b,global_rate60,global,bcd_normal,1,73,1,-1,105.37890625
xor,108,b,global_rate60,global,bcd_swapped,1,88,1,-1,105.37890625
xor,109,b,global_rate60,global,u16LE_x1,2,9,1,-1,0.41162109375
xor,109,b,global_rate60,global,i16LE_x1,2,9,1,-1,0.41162109375
xor,109,b,global_rate60,global,u16LE_x100,2,1,1,4606,0.41162109375
xor,109,b,global_rate60,global,i16LE_x100,2,1,1,4606,0.41162109375
xor,109,b,global_rate60,global,bcd_normal,1,66,1,-1,105.37890625
xor,109,b,global_rate60,global,bcd_swapped,1,60,1,-1,105.37890625
xor,110,b,global_rate60,global,bcd_normal,1,78,1,-1,105.37890625
xor,110,b,global_rate60,global,bcd_swapped,1,80,1,-1,105.37890625
xor,111,b,global_rate60,global,u16BE_x10,2,8,1,-1,0.41162109375
xor,111,b,global_rate60,global,i16BE_x10,2,8,1,-1,0.41162109375
xor,111,b,global_rate60,global,bcd_normal,1,40,1,-1,105.37890625
xor,111,b,global_rate60,global,bcd_swapped,1,131,1,-1,105.37890625
xor,112,b,global_rate60,global,bcd_normal,1,181,1,-1,105.37890625
xor,112,b,global_rate60,global,bcd_swapped,1,32,1,-1,105.37890625
xor,113,b,global_rate60,global,u16LE_x10,2,1,1,1979,0.41162109375
xor,113,b,global_rate60,global,i16LE_x10,2,1,1,1979,0.41162109375
xor,113,b,global_rate60,global,u16BE_x10,2,4,1,-1,0.41162109375
xor,113,b,global_rate60,global,i16BE_x10,2,4,1,-1,0.41162109375
xor,113,b,global_rate60,global,bcd_normal,1,178,1,-1,105.37890625
xor,113,b,global_rate60,global,bcd_swapped,1,60,1,-1,105.37890625
xor,114,b,global_rate60,global,bcd_normal,1,209,1,-1,105.37890625
xor,114,b,global_rate60,global,bcd_swapped,1,95,1,-1,105.37890625
xor,115,b,global_rate60,global,u16BE_x10,2,1,1,20683,0.41162109375
xor,115,b,global_rate60,global,i16BE_x10,2,1,1,20683,0.41162109375
xor,115,b,global_rate60,global,bcd_normal,1,206,1,-1,105.37890625
xor,115,b,global_rate60,global,bcd_swapped,1,81,1,-1,105.37890625
xor,116,b,global_rate60,global,bcd_normal,1,132,1,-1,105.37890625
xor,116,b,global_rate60,global,bcd_swapped,1,59,1,-1,105.37890625
xor,117,b,global_rate60,global,bcd_normal,1,149,1,-1,105.37890625
xor,117,b,global_rate60,global,bcd_swapped,1,107,1,-1,105.37890625
xor,118,b,global_rate60,global,bcd_normal,1,114,1,-1,105.37890625
xor,118,b,global_rate60,global,bcd_swapped,1,89,1,-1,105.37890625
xor,119,b,global_rate60,global,u16LE_x1,2,1,1,17503,0.41162109375
xor,119,b,global_rate60,global,i16LE_x1,2,1,1,17503,0.41162109375
xor,119,b,global_rate60,global,bcd_normal,1,133,1,-1,105.37890625
xor,119,b,global_rate60,global,bcd_swapped,1,64,1,-1,105.37890625
xor,120,b,global_rate60,global,bcd_normal,1,98,1,-1,105.37890625
xor,120,b,global_rate60,global,bcd_swapped,1,22,1,-1,105.37890625
xor,121,b,global_rate60,global,u16LE_x100,2,1,1,22567,0.41162109375
xor,121,b,global_rate60,global,i16LE_x100,2,1,1,22567,0.41162109375
xor,121,b,global_rate60,global,bcd_normal,1,80,1,-1,105.37890625
xor,121,b,global_rate60,global,bcd_swapped,1,11,1,-1,105.37890625
xor,122,b,global_rate60,global,bcd_normal,1,58,1,-1,105.37890625
xor,122,b,global_rate60,global,bcd_swapped,1,93,1,-1,105.37890625
xor,123,b,global_rate60,global,u16BE_x100,2,8,1,-1,0.41162109375
xor,123,b,global_rate60,global,i16BE_x100,2,8,1,-1,0.41162109375
xor,123,b,global_rate60,global,bcd_normal,1,66,1,-1,105.37890625
xor,123,b,global_rate60,global,bcd_swapped,1,16,1,-1,105.37890625
xor,124,b,global_rate60,global,bcd_normal,1,85,1,-1,105.37890625
xor,124,b,global_rate60,global,bcd_swapped,1,20,1,-1,105.37890625
xor,125,b,global_rate60,global,u16LE_x100,2,1,1,16386,0.41162109375
xor,125,b,global_rate60,global,i16LE_x100,2,1,1,16386,0.41162109375
xor,125,b,global_rate60,global,bcd_normal,1,44,1,-1,105.37890625
xor,125,b,global_rate60,global,bcd_swapped,1,42,1,-1,105.37890625
xor,126,b,global_rate60,global,u16BE_x10,2,1,1,14082,0.41162109375
xor,126,b,global_rate60,global,i16BE_x10,2,1,1,14082,0.41162109375
xor,126,b,global_rate60,global,bcd_normal,1,64,1,-1,105.37890625
xor,126,b,global_rate60,global,bcd_swapped,1,68,1,-1,105.37890625
xor,127,b,global_rate60,global,bcd_normal,1,30,1,-1,105.37890625
xor,127,b,global_rate60,global,bcd_swapped,1,117,1,-1,105.37890625
xor,128,b,global_rate60,global,u16LE_x10,2,2,1,-1,0.41162109375
xor,128,b,global_rate60,global,i16LE_x10,2,2,1,-1,0.41162109375
xor,128,b,global_rate60,global,bcd_normal,1,226,1,-1,105.37890625
xor,128,b,global_rate60,global,bcd_swapped,1,135,1,-1,105.37890625
xor,129,b,global_rate60,global,bcd_normal,1,124,1,-1,105.37890625
xor,129,b,global_rate60,global,bcd_swapped,1,159,1,-1,105.37890625
xor,130,b,global_rate60,global,bcd_normal,1,156,1,-1,105.37890625
xor,130,b,global_rate60,global,bcd_swapped,1,258,1,-1,105.37890625
xor,131,b,global_rate60,global,bcd_normal,1,67,1,-1,105.37890625
xor,131,b,global_rate60,global,bcd_swapped,1,186,1,-1,105.37890625
xor,132,b,global_rate60,global,bcd_normal,1,79,1,-1,105.37890625
xor,132,b,global_rate60,global,bcd_swapped,1,254,1,-1,105.37890625
xor,133,b,global_rate60,global,bcd_normal,1,94,1,-1,105.37890625
xor,133,b,global_rate60,global,bcd_swapped,1,171,1,-1,105.37890625
xor,134,b,global_rate60,global,bcd_normal,1,86,1,-1,105.37890625
xor,134,b,global_rate60,global,bcd_swapped,1,279,1,-1,105.37890625
xor,135,b,global_rate60,global,u16LE_x10,2,1,1,17584,0.41162109375
xor,135,b,global_rate60,global,i16LE_x10,2,1,1,17584,0.41162109375
xor,135,b,global_rate60,global,u16BE_x10,2,1,1,5626,0.41162109375
xor,135,b,global_rate60,global,i16BE_x10,2,1,1,5626,0.41162109375
xor,135,b,global_rate60,global,bcd_normal,1,63,1,-1,105.37890625
xor,135,b,global_rate60,global,bcd_swapped,1,113,1,-1,105.37890625
xor,136,b,global_rate60,global,u16LE_x100,2,1,1,19106,0.41162109375
xor,136,b,global_rate60,global,i16LE_x100,2,1,1,19106,0.41162109375
xor,136,b,global_rate60,global,bcd_normal,1,59,1,-1,105.37890625
xor,136,b,global_rate60,global,bcd_swapped,1,44,1,-1,105.37890625
xor,137,b,global_rate60,global,u16BE_x100,2,1,1,17506,0.41162109375
xor,137,b,global_rate60,global,i16BE_x100,2,1,1,17506,0.41162109375
xor,137,b,global_rate60,global,bcd_normal,1,98,1,-1,105.37890625
xor,137,b,global_rate60,global,bcd_swapped,1,81,1,-1,105.37890625
xor,138,b,global_rate60,global,u16LE_x1,2,9,1,-1,0.41162109375
xor,138,b,global_rate60,global,i16LE_x1,2,9,1,-1,0.41162109375
xor,138,b,global_rate60,global,u16LE_x100,2,1,1,25092,0.41162109375
xor,138,b,global_rate60,global,i16LE_x100,2,1,1,25092,0.41162109375
xor,138,b,global_rate60,global,bcd_normal,1,88,1,-1,105.37890625
xor,138,b,global_rate60,global,bcd_swapped,1,99,1,-1,105.37890625
xor,139,b,global_rate60,global,u16LE_x10,2,4,1,-1,0.41162109375
xor,139,b,global_rate60,global,i16LE_x10,2,4,1,-1,0.41162109375
xor,139,b,global_rate60,global,bcd_normal,1,67,1,-1,105.37890625
xor,139,b,global_rate60,global,bcd_swapped,1,76,1,-1,105.37890625
xor,140,b,global_rate60,global,bcd_normal,1,39,1,-1,105.37890625
xor,140,b,global_rate60,global,bcd_swapped,1,168,1,-1,105.37890625
xor,141,b,global_rate60,global,u16LE_x1,2,1,1,4803,0.41162109375
xor,141,b,global_rate60,global,i16LE_x1,2,1,1,4803,0.41162109375
xor,141,b,global_rate60,global,bcd_normal,1,40,1,-1,105.37890625
xor,141,b,global_rate60,global,bcd_swapped,1,92,1,-1,105.37890625
xor,142,b,global_rate60,global,bcd_normal,1,30,1,-1,105.37890625
xor,142,b,global_rate60,global,bcd_swapped,1,155,1,-1,105.37890625
xor,143,b,global_rate60,global,bcd_normal,1,38,1,-1,105.37890625
xor,143,b,global_rate60,global,bcd_swapped,1,126,1,-1,105.37890625
xor,144,b,global_rate60,global,u16BE_x100,2,49,1,-1,0.41162109375
xor,144,b,global_rate60,global,i16BE_x100,2,49,1,-1,0.41162109375
xor,144,b,global_rate60,global,bcd_normal,1,80,1,-1,105.37890625
xor,144,b,global_rate60,global,bcd_swapped,1,135,1,-1,105.37890625
xor,145,b,global_rate60,global,u16BE_x10,2,4,1,-1,0.41162109375
xor,145,b,global_rate60,global,i16BE_x10,2,4,1,-1,0.41162109375
xor,145,b,global_rate60,global,u16LE_x100,2,5,1,-1,0.41162109375
xor,145,b,global_rate60,global,i16LE_x100,2,5,1,-1,0.41162109375
xor,145,b,global_rate60,global,u16BE_x100,2,34,1,-1,0.41162109375
xor,145,b,global_rate60,global,i16BE_x100,2,34,1,-1,0.41162109375
xor,145,b,global_rate60,global,bcd_normal,1,61,1,-1,105.37890625
xor,145,b,global_rate60,global,bcd_swapped,1,149,1,-1,105.37890625
xor,146,b,global_rate60,global,bcd_normal,1,71,1,-1,105.37890625
xor,146,b,global_rate60,global,bcd_swapped,1,169,1,-1,105.37890625
xor,147,b,global_rate60,global,bcd_normal,1,68,1,-1,105.37890625
xor,147,b,global_rate60,global,bcd_swapped,1,162,1,-1,105.37890625
xor,148,b,global_rate60,global,bcd_normal,1,40,1,-1,105.37890625
xor,148,b,global_rate60,global,bcd_swapped,1,138,1,-1,105.37890625
xor,149,b,global_rate60,global,u16LE_x10,2,1,1,20574,0.41162109375
xor,149,b,global_rate60,global,i16LE_x10,2,1,1,20574,0.41162109375
xor,149,b,global_rate60,global,bcd_normal,1,49,1,-1,105.37890625
xor,149,b,global_rate60,global,bcd_swapped,1,109,1,-1,105.37890625
xor,150,b,global_rate60,global,u16LE_x1,2,1,1,18046,0.41162109375
xor,150,b,global_rate60,global,i16LE_x1,2,1,1,18046,0.41162109375
xor,150,b,global_rate60,global,u16BE_x1,2,5,1,-1,0.41162109375
xor,150,b,global_rate60,global,i16BE_x1,2,5,1,-1,0.41162109375
xor,150,b,global_rate60,global,u16BE_x10,2,2,1,-1,0.41162109375
xor,150,b,global_rate60,global,i16BE_x10,2,2,1,-1,0.41162109375
xor,150,b,global_rate60,global,bcd_normal,1,23,1,-1,105.37890625
xor,150,b,global_rate60,global,bcd_swapped,1,124,1,-1,105.37890625
xor,151,b,global_rate60,global,u16BE_x100,2,1,1,17368,0.41162109375
xor,151,b,global_rate60,global,i16BE_x100,2,1,1,17368,0.41162109375
xor,151,b,global_rate60,global,bcd_normal,1,32,1,-1,105.37890625
xor,151,b,global_rate60,global,bcd_swapped,1,104,1,-1,105.37890625
xor,152,b,global_rate60,global,bcd_normal,1,132,1,-1,105.37890625
xor,152,b,global_rate60,global,bcd_swapped,1,32,1,-1,105.37890625
xor,153,b,global_rate60,global,u16BE_x1,2,4,1,-1,0.41162109375
xor,153,b,global_rate60,global,i16BE_x1,2,4,1,-1,0.41162109375
xor,153,b,global_rate60,global,bcd_normal,1,71,1,-1,105.37890625
xor,153,b,global_rate60,global,bcd_swapped,1,39,1,-1,105.37890625
xor,154,b,global_rate60,global,u16LE_x1,2,1,1,4999,0.41162109375
xor,154,b,global_rate60,global,i16LE_x1,2,1,1,4999,0.41162109375
xor,154,b,global_rate60,global,u16BE_x1,2,7,1,-1,0.41162109375
xor,154,b,global_rate60,global,i16BE_x1,2,7,1,-1,0.41162109375
xor,154,b,global_rate60,global,u16LE_x10,2,1,1,17098,0.41162109375
xor,154,b,global_rate60,global,i16LE_x10,2,1,1,17098,0.41162109375
xor,154,b,global_rate60,global,u16BE_x10,2,1,1,13967,0.41162109375
xor,154,b,global_rate60,global,i16BE_x10,2,1,1,13967,0.41162109375
xor,154,b,global_rate60,global,bcd_normal,1,61,1,-1,105.37890625
xor,154,b,global_rate60,global,bcd_swapped,1,135,1,-1,105.37890625
xor,155,b,global_rate60,global,bcd_normal,1,31,1,-1,105.37890625
xor,155,b,global_rate60,global,bcd_swapped,1,61,1,-1,105.37890625
xor,156,b,global_rate60,global,bcd_normal,1,44,1,-1,105.37890625
xor,156,b,global_rate60,global,bcd_swapped,1,200,1,-1,105.37890625
xor,157,b,global_rate60,global,u16BE_x100,2,1,1,22357,0.41162109375
xor,157,b,global_rate60,global,i16BE_x100,2,1,1,22357,0.41162109375
xor,157,b,global_rate60,global,bcd_normal,1,24,1,-1,105.37890625
xor,157,b,global_rate60,global,bcd_swapped,1,64,1,-1,105.37890625
xor,158,b,global_rate60,global,bcd_normal,1,221,1,-1,105.37890625
xor,158,b,global_rate60,global,bcd_swapped,1,106,1,-1,105.37890625
xor,159,b,global_rate60,global,bcd_normal,1,15,1,-1,105.37890625
xor,159,b,global_rate60,global,bcd_swapped,1,158,1,-1,105.37890625
xor,160,b,global_rate60,global,bcd_normal,1,199,1,-1,105.37890625
xor,160,b,global_rate60,global,bcd_swapped,1,114,1,-1,105.37890625
xor,161,b,global_rate60,global,u16BE_x10,2,2,1,-1,0.41162109375
xor,161,b,global_rate60,global,i16BE_x10,2,2,1,-1,0.41162109375
xor,161,b,global_rate60,global,bcd_normal,1,64,1,-1,105.37890625
xor,161,b,global_rate60,global,bcd_swapped,1,77,1,-1,105.37890625
xor,162,b,global_rate60,global,bcd_normal,1,122,1,-1,105.37890625
xor,162,b,global_rate60,global,bcd_swapped,1,83,1,-1,105.37890625
xor,163,b,global_rate60,global,u16BE_x100,2,1,1,16833,0.41162109375
xor,163,b,global_rate60,global,i16BE_x100,2,1,1,16833,0.41162109375
xor,163,b,global_rate60,global,bcd_normal,1,49,1,-1,105.37890625
xor,163,b,global_rate60,global,bcd_swapped,1,169,1,-1,105.37890625
xor,164,b,global_rate60,global,bcd_normal,1,189,1,-1,105.37890625
xor,164,b,global_rate60,global,bcd_swapped,1,83,1,-1,105.37890625
xor,165,b,global_rate60,global,u16LE_x1,2,4,1,-1,0.41162109375
xor,165,b,global_rate60,global,i16LE_x1,2,4,1,-1,0.41162109375
xor,165,b,global_rate60,global,bcd_normal,1,83,1,-1,105.37890625
xor,165,b,global_rate60,global,bcd_swapped,1,60,1,-1,105.37890625
xor,166,b,global_rate60,global,u16LE_x1,2,7,1,-1,0.41162109375
xor,166,b,global_rate60,global,i16LE_x1,2,7,1,-1,0.41162109375
xor,166,b,global_rate60,global,u16BE_x1,2,1,1,4999,0.41162109375
xor,166,b,global_rate60,global,i16BE_x1,2,1,1,4999,0.41162109375
xor,166,b,global_rate60,global,u16LE_x100,2,2,1,-1,0.41162109375
xor,166,b,global_rate60,global,i16LE_x100,2,2,1,-1,0.41162109375
xor,166,b,global_rate60,global,bcd_normal,1,52,1,-1,105.37890625
xor,166,b,global_rate60,global,bcd_swapped,1,121,1,-1,105.37890625
xor,167,b,global_rate60,global,bcd_normal,1,37,1,-1,105.37890625
xor,167,b,global_rate60,global,bcd_swapped,1,94,1,-1,105.37890625
xor,168,b,global_rate60,global,bcd_normal,1,58,1,-1,105.37890625
xor,168,b,global_rate60,global,bcd_swapped,1,87,1,-1,105.37890625
xor,169,b,global_rate60,global,bcd_normal,1,111,1,-1,105.37890625
xor,169,b,global_rate60,global,bcd_swapped,1,71,1,-1,105.37890625
xor,170,b,global_rate60,global,u16LE_x1,2,5,1,-1,0.41162109375
xor,170,b,global_rate60,global,i16LE_x1,2,5,1,-1,0.41162109375
xor,170,b,global_rate60,global,u16BE_x1,2,1,1,18046,0.41162109375
xor,170,b,global_rate60,global,i16BE_x1,2,1,1,18046,0.41162109375
xor,170,b,global_rate60,global,bcd_normal,1,104,1,-1,105.37890625
xor,170,b,global_rate60,global,bcd_swapped,1,157,1,-1,105.37890625
xor,171,b,global_rate60,global,u16BE_x100,2,1,1,16757,0.41162109375
xor,171,b,global_rate60,global,i16BE_x100,2,1,1,16757,0.41162109375
xor,171,b,global_rate60,global,bcd_normal,1,129,1,-1,105.37890625
xor,171,b,global_rate60,global,bcd_swapped,1,93,1,-1,105.37890625
xor,172,b,global_rate60,global,u16LE_x100,2,1,1,17599,0.41162109375
xor,172,b,global_rate60,global,i16LE_x100,2,1,1,17599,0.41162109375
xor,172,b,global_rate60,global,bcd_normal,1,107,1,-1,105.37890625
xor,172,b,global_rate60,global,bcd_swapped,1,167,1,-1,105.37890625
xor,173,b,global_rate60,global,u16BE_x100,2,1,1,5118,0.41162109375
xor,173,b,global_rate60,global,i16BE_x100,2,1,1,5118,0.41162109375
xor,173,b,global_rate60,global,bcd_normal,1,94,1,-1,105.37890625
xor,173,b,global_rate60,global,bcd_swapped,1,92,1,-1,105.37890625
xor,174,b,global_rate60,global,u16BE_x100,2,1,1,17739,0.41162109375
xor,174,b,global_rate60,global,i16BE_x100,2,1,1,17739,0.41162109375
xor,174,b,global_rate60,global,bcd_normal,1,81,1,-1,105.37890625
xor,174,b,global_rate60,global,bcd_swapped,1,95,1,-1,105.37890625
xor,175,b,global_rate60,global,u16LE_x100,2,1,1,2202,0.41162109375
xor,175,b,global_rate60,global,i16LE_x100,2,1,1,2202,0.41162109375
xor,175,b,global_rate60,global,bcd_normal,1,34,1,-1,105.37890625
xor,175,b,global_rate60,global,bcd_swapped,1,108,1,-1,105.37890625
xor,176,b,global_rate60,global,bcd_normal,1,102,1,-1,105.37890625
xor,176,b,global_rate60,global,bcd_swapped,1,84,1,-1,105.37890625
xor,177,b,global_rate60,global,u16BE_x1,2,1,1,4803,0.41162109375
xor,177,b,global_rate60,global,i16BE_x1,2,1,1,4803,0.41162109375
xor,177,b,global_rate60,global,bcd_normal,1,93,1,-1,105.37890625
xor,177,b,global_rate60,global,bcd_swapped,1,22,1,-1,105.37890625
xor,178,b,global_rate60,global,bcd_normal,1,56,1,-1,105.37890625
xor,178,b,global_rate60,global,bcd_swapped,1,95,1,-1,105.37890625
xor,179,b,global_rate60,global,bcd_normal,1,89,1,-1,105.37890625
xor,179,b,global_rate60,global,bcd_swapped,1,104,1,-1,105.37890625
xor,180,b,global_rate60,global,u16BE_x10,2,2,1,-1,0.41162109375
xor,180,b,global_rate60,global,i16BE_x10,2,2,1,-1,0.41162109375
xor,180,b,global_rate60,global,bcd_normal,1,69,1,-1,105.37890625
xor,180,b,global_rate60,global,bcd_swapped,1,189,1,-1,105.37890625
xor,181,b,global_rate60,global,u16LE_x100,2,1,1,20539,0.41162109375
xor,181,b,global_rate60,global,i16LE_x100,2,1,1,20539,0.41162109375
xor,181,b,global_rate60,global,bcd_normal,1,58,1,-1,105.37890625
xor,181,b,global_rate60,global,bcd_swapped,1,44,1,-1,105.37890625
xor,182,b,global_rate60,global,u16BE_x1,2,9,1,-1,0.41162109375
xor,182,b,global_rate60,global,i16BE_x1,2,9,1,-1,0.41162109375
xor,182,b,global_rate60,global,u16BE_x10,2,1,1,4914,0.41162109375
xor,182,b,global_rate60,global,i16BE_x10,2,1,1,4914,0.41162109375
xor,182,b,global_rate60,global,bcd_normal,1,80,1,-1,105.37890625
xor,182,b,global_rate60,global,bcd_swapped,1,146,1,-1,105.37890625
xor,183,b,global_rate60,global,bcd_normal,1,48,1,-1,105.37890625
xor,183,b,global_rate60,global,bcd_swapped,1,80,1,-1,105.37890625
xor,184,b,global_rate60,global,bcd_normal,1,39,1,-1,105.37890625
xor,184,b,global_rate60,global,bcd_swapped,1,43,1,-1,105.37890625
xor,185,b,global_rate60,global,bcd_normal,1,65,1,-1,105.37890625
xor,185,b,global_rate60,global,bcd_swapped,1,9,1,-1,105.37890625
xor,186,b,global_rate60,global,u16LE_x10,2,4,1,-1,0.41162109375
xor,186,b,global_rate60,global,i16LE_x10,2,4,1,-1,0.41162109375
xor,186,b,global_rate60,global,u16BE_x10,2,4,1,-1,0.41162109375
xor,186,b,global_rate60,global,i16BE_x10,2,4,1,-1,0.41162109375
xor,186,b,global_rate60,global,bcd_normal,1,76,1,-1,105.37890625
xor,186,b,global_rate60,global,bcd_swapped,1,121,1,-1,105.37890625
xor,187,b,global_rate60,global,u16BE_x100,2,8,1,-1,0.41162109375
xor,187,b,global_rate60,global,i16BE_x100,2,8,1,-1,0.41162109375
xor,187,b,global_rate60,global,bcd_normal,1,63,1,-1,105.37890625
xor,187,b,global_rate60,global,bcd_swapped,1,42,1,-1,105.37890625
xor,188,b,global_rate60,global,bcd_normal,1,61,1,-1,105.37890625
xor,188,b,global_rate60,global,bcd_swapped,1,45,1,-1,105.37890625
xor,189,b,global_rate60,global,bcd_normal,1,61,1,-1,105.37890625
xor,189,b,global_rate60,global,bcd_swapped,1,59,1,-1,105.37890625
xor,190,b,global_rate60,global,bcd_normal,1,69,1,-1,105.37890625
xor,190,b,global_rate60,global,bcd_swapped,1,66,1,-1,105.37890625
xor,191,b,global_rate60,global,u16LE_x10,2,1,1,24971,0.41162109375
xor,191,b,global_rate60,global,i16LE_x10,2,1,1,24971,0.41162109375
xor,191,b,global_rate60,global,u16BE_x10,2,1,1,17651,0.41162109375
xor,191,b,global_rate60,global,i16BE_x10,2,1,1,17651,0.41162109375
xor,191,b,global_rate60,global,bcd_normal,1,41,1,-1,105.37890625
xor,191,b,global_rate60,global,bcd_swapped,1,128,1,-1,105.37890625
xor,192,b,global_rate60,global,u16LE_x10,2,1,1,13967,0.41162109375
xor,192,b,global_rate60,global,i16LE_x10,2,1,1,13967,0.41162109375
xor,192,b,global_rate60,global,u16BE_x10,2,1,1,17098,0.41162109375
xor,192,b,global_rate60,global,i16BE_x10,2,1,1,17098,0.41162109375
xor,192,b,global_rate60,global,bcd_normal,1,121,1,-1,105.37890625
xor,192,b,global_rate60,global,bcd_swapped,1,52,1,-1,105.37890625
xor,193,b,global_rate60,global,u16BE_x100,2,2,1,-1,0.41162109375
xor,193,b,global_rate60,global,i16BE_x100,2,2,1,-1,0.41162109375
xor,193,b,global_rate60,global,bcd_normal,1,94,1,-1,105.37890625
xor,193,b,global_rate60,global,bcd_swapped,1,37,1,-1,105.37890625
xor,194,b,global_rate60,global,u16BE_x1,2,2,1,-1,0.41162109375
xor,194,b,global_rate60,global,i16BE_x1,2,2,1,-1,0.41162109375
xor,194,b,global_rate60,global,bcd_normal,1,83,1,-1,105.37890625
xor,194,b,global_rate60,global,bcd_swapped,1,189,1,-1,105.37890625
xor,195,b,global_rate60,global,bcd_normal,1,60,1,-1,105.37890625
xor,195,b,global_rate60,global,bcd_swapped,1,83,1,-1,105.37890625
xor,196,b,global_rate60,global,u16LE_x1,2,1,1,22537,0.41162109375
xor,196,b,global_rate60,global,i16LE_x1,2,1,1,22537,0.41162109375
xor,196,b,global_rate60,global,u16LE_x100,2,1,1,16833,0.41162109375
xor,196,b,global_rate60,global,i16LE_x100,2,1,1,16833,0.41162109375
xor,196,b,global_rate60,global,bcd_normal,1,83,1,-1,105.37890625
xor,196,b,global_rate60,global,bcd_swapped,1,122,1,-1,105.37890625
xor,197,b,global_rate60,global,bcd_normal,1,169,1,-1,105.37890625
xor,197,b,global_rate60,global,bcd_swapped,1,49,1,-1,105.37890625
xor,198,b,global_rate60,global,bcd_normal,1,114,1,-1,105.37890625
xor,198,b,global_rate60,global,bcd_swapped,1,199,1,-1,105.37890625
xor,199,b,global_rate60,global,bcd_normal,1,77,1,-1,105.37890625
xor,199,b,global_rate60,global,bcd_swapped,1,64,1,-1,105.37890625
xor,200,b,global_rate60,global,u16BE_x100,2,1,1,2202,0.41162109375
xor,200,b,global_rate60,global,i16BE_x100,2,1,1,2202,0.41162109375
xor,200,b,global_rate60,global,bcd_normal,1,95,1,-1,105.37890625
xor,200,b,global_rate60,global,bcd_swapped,1,81,1,-1,105.37890625
xor,201,b,global_rate60,global,u16LE_x100,2,1,1,17739,0.41162109375
xor,201,b,global_rate60,global,i16LE_x100,2,1,1,17739,0.41162109375
xor,201,b,global_rate60,global,bcd_normal,1,108,1,-1,105.37890625
xor,201,b,global_rate60,global,bcd_swapped,1,34,1,-1,105.37890625
xor,202,b,global_rate60,global,u16LE_x100,2,1,1,5118,0.41162109375
xor,202,b,global_rate60,global,i16LE_x100,2,1,1,5118,0.41162109375
xor,202,b,global_rate60,global,bcd_normal,1,167,1,-1,105.37890625
xor,202,b,global_rate60,global,bcd_swapped,1,107,1,-1,105.37890625
xor,203,b,global_rate60,global,u16LE_x10,2,4,1,-1,0.41162109375
xor,203,b,global_rate60,global,i16LE_x10,2,4,1,-1,0.41162109375
xor,203,b,global_rate60,global,u16BE_x100,2,1,1,17599,0.41162109375
xor,203,b,global_rate60,global,i16BE_x100,2,1,1,17599,0.41162109375
xor,203,b,global_rate60,global,bcd_normal,1,92,1,-1,105.37890625
xor,203,b,global_rate60,global,bcd_swapped,1,94,1,-1,105.37890625
xor,204,b,global_rate60,global,u16LE_x1,2,1,1,25201,0.41162109375
xor,204,b,global_rate60,global,i16LE_x1,2,1,1,25201,0.41162109375
xor,204,b,global_rate60,global,u16LE_x10,2,2,1,-1,0.41162109375
xor,204,b,global_rate60,global,i16LE_x10,2,2,1,-1,0.41162109375
xor,204,b,global_rate60,global,u16LE_x100,2,1,1,16757,0.41162109375
xor,204,b,global_rate60,global,i16LE_x100,2,1,1,16757,0.41162109375
xor,204,b,global_rate60,global,bcd_normal,1,157,1,-1,105.37890625
xor,204,b,global_rate60,global,bcd_swapped,1,104,1,-1,105.37890625
xor,205,b,global_rate60,global,bcd_normal,1,93,1,-1,105.37890625
xor,205,b,global_rate60,global,bcd_swapped,1,129,1,-1,105.37890625
xor,206,b,global_rate60,global,bcd_normal,1,87,1,-1,105.37890625
xor,206,b,global_rate60,global,bcd_swapped,1,58,1,-1,105.37890625
xor,207,b,global_rate60,global,u16LE_x1,2,3,1,-1,0.41162109375
xor,207,b,global_rate60,global,i16LE_x1,2,3,1,-1,0.41162109375
xor,207,b,global_rate60,global,u16BE_x10,2,1,1,20574,0.41162109375
xor,207,b,global_rate60,global,i16BE_x10,2,1,1,20574,0.41162109375
xor,207,b,global_rate60,global,bcd_normal,1,71,1,-1,105.37890625
xor,207,b,global_rate60,global,bcd_swapped,1,111,1,-1,105.37890625
xor,208,b,global_rate60,global,bcd_normal,1,146,1,-1,105.37890625
xor,208,b,global_rate60,global,bcd_swapped,1,80,1,-1,105.37890625
xor,209,b,global_rate60,global,u16BE_x10,2,4,1,-1,0.41162109375
xor,209,b,global_rate60,global,i16BE_x10,2,4,1,-1,0.41162109375
xor,209,b,global_rate60,global,bcd_normal,1,80,1,-1,105.37890625
xor,209,b,global_rate60,global,bcd_swapped,1,48,1,-1,105.37890625
xor,210,b,global_rate60,global,u16BE_x100,2,1,1,20539,0.41162109375
xor,210,b,global_rate60,global,i16BE_x100,2,1,1,20539,0.41162109375
xor,210,b,global_rate60,global,bcd_normal,1,189,1,-1,105.37890625
xor,210,b,global_rate60,global,bcd_swapped,1,69,1,-1,105.37890625
xor,211,b,global_rate60,global,bcd_normal,1,44,1,-1,105.37890625
xor,211,b,global_rate60,global,bcd_swapped,1,58,1,-1,105.37890625
xor,212,b,global_rate60,global,bcd_normal,1,95,1,-1,105.37890625
xor,212,b,global_rate60,global,bcd_swapped,1,56,1,-1,105.37890625
xor,213,b,global_rate60,global,u16LE_x1,2,1,1,20473,0.41162109375
xor,213,b,global_rate60,global,i16LE_x1,2,1,1,20473,0.41162109375
xor,213,b,global_rate60,global,bcd_normal,1,104,1,-1,105.37890625
xor,213,b,global_rate60,global,bcd_swapped,1,89,1,-1,105.37890625
xor,214,b,global_rate60,global,bcd_normal,1,84,1,-1,105.37890625
xor,214,b,global_rate60,global,bcd_swapped,1,102,1,-1,105.37890625
xor,215,b,global_rate60,global,bcd_normal,1,22,1,-1,105.37890625
xor,215,b,global_rate60,global,bcd_swapped,1,93,1,-1,105.37890625
xor,216,b,global_rate60,global,bcd_normal,1,66,1,-1,105.37890625
xor,216,b,global_rate60,global,bcd_swapped,1,69,1,-1,105.37890625
xor,217,b,global_rate60,global,bcd_normal,1,128,1,-1,105.37890625
xor,217,b,global_rate60,global,bcd_swapped,1,41,1,-1,105.37890625
xor,218,b,global_rate60,global,u16BE_x10,2,2,1,-1,0.41162109375
xor,218,b,global_rate60,global,i16BE_x10,2,2,1,-1,0.41162109375
xor,218,b,global_rate60,global,bcd_normal,1,45,1,-1,105.37890625
xor,218,b,global_rate60,global,bcd_swapped,1,61,1,-1,105.37890625
xor,219,b,global_rate60,global,bcd_normal,1,59,1,-1,105.37890625
xor,219,b,global_rate60,global,bcd_swapped,1,61,1,-1,105.37890625
xor,220,b,global_rate60,global,u16LE_x100,2,8,1,-1,0.41162109375
xor,220,b,global_rate60,global,i16LE_x100,2,8,1,-1,0.41162109375
xor,220,b,global_rate60,global,bcd_normal,1,121,1,-1,105.37890625
xor,220,b,global_rate60,global,bcd_swapped,1,76,1,-1,105.37890625
xor,221,b,global_rate60,global,u16LE_x10,2,1,1,5626,0.41162109375
xor,221,b,global_rate60,global,i16LE_x10,2,1,1,5626,0.41162109375
xor,221,b,global_rate60,global,u16BE_x10,2,1,1,17584,0.41162109375
xor,221,b,global_rate60,global,i16BE_x10,2,1,1,17584,0.41162109375
xor,221,b,global_rate60,global,bcd_normal,1,42,1,-1,105.37890625
xor,221,b,global_rate60,global,bcd_swapped,1,63,1,-1,105.37890625
xor,222,b,global_rate60,global,bcd_normal,1,43,1,-1,105.37890625
xor,222,b,global_rate60,global,bcd_swapped,1,39,1,-1,105.37890625
xor,223,b,global_rate60,global,bcd_normal,1,9,1,-1,105.37890625
xor,223,b,global_rate60,global,bcd_swapped,1,65,1,-1,105.37890625
xor,224,b,global_rate60,global,u16LE_x10,2,4,1,-1,0.41162109375
xor,224,b,global_rate60,global,i16LE_x10,2,4,1,-1,0.41162109375
xor,224,b,global_rate60,global,u16BE_x10,2,4,1,-1,0.41162109375
xor,224,b,global_rate60,global,i16BE_x10,2,4,1,-1,0.41162109375
xor,224,b,global_rate60,global,bcd_normal,1,279,1,-1,105.37890625
xor,224,b,global_rate60,global,bcd_swapped,1,86,1,-1,105.37890625
xor,225,b,global_rate60,global,bcd_normal,1,113,1,-1,105.37890625
xor,225,b,global_rate60,global,bcd_swapped,1,63,1,-1,105.37890625
xor,226,b,global_rate60,global,bcd_normal,1,254,1,-1,105.37890625
xor,226,b,global_rate60,global,bcd_swapped,1,79,1,-1,105.37890625
xor,227,b,global_rate60,global,bcd_normal,1,171,1,-1,105.37890625
xor,227,b,global_rate60,global,bcd_swapped,1,94,1,-1,105.37890625
xor,228,b,global_rate60,global,bcd_normal,1,258,1,-1,105.37890625
xor,228,b,global_rate60,global,bcd_swapped,1,156,1,-1,105.37890625
xor,229,b,global_rate60,global,u16LE_x10,2,1,1,17651,0.41162109375
xor,229,b,global_rate60,global,i16LE_x10,2,1,1,17651,0.41162109375
xor,229,b,global_rate60,global,u16BE_x10,2,1,1,24971,0.41162109375
xor,229,b,global_rate60,global,i16BE_x10,2,1,1,24971,0.41162109375
xor,229,b,global_rate60,global,bcd_normal,1,186,1,-1,105.37890625
xor,229,b,global_rate60,global,bcd_swapped,1,67,1,-1,105.37890625
xor,230,b,global_rate60,global,bcd_normal,1,135,1,-1,105.37890625
xor,230,b,global_rate60,global,bcd_swapped,1,226,1,-1,105.37890625
xor,231,b,global_rate60,global,bcd_normal,1,159,1,-1,105.37890625
xor,231,b,global_rate60,global,bcd_swapped,1,124,1,-1,105.37890625
xor,232,b,global_rate60,global,bcd_normal,1,155,1,-1,105.37890625
xor,232,b,global_rate60,global,bcd_swapped,1,30,1,-1,105.37890625
xor,233,b,global_rate60,global,u16BE_x1,2,1,1,20473,0.41162109375
xor,233,b,global_rate60,global,i16BE_x1,2,1,1,20473,0.41162109375
xor,233,b,global_rate60,global,bcd_normal,1,126,1,-1,105.37890625
xor,233,b,global_rate60,global,bcd_swapped,1,38,1,-1,105.37890625
xor,234,b,global_rate60,global,bcd_normal,1,168,1,-1,105.37890625
xor,234,b,global_rate60,global,bcd_swapped,1,39,1,-1,105.37890625
xor,235,b,global_rate60,global,bcd_normal,1,92,1,-1,105.37890625
xor,235,b,global_rate60,global,bcd_swapped,1,40,1,-1,105.37890625
xor,236,b,global_rate60,global,u16LE_x10,2,1,1,4914,0.41162109375
xor,236,b,global_rate60,global,i16LE_x10,2,1,1,4914,0.41162109375
xor,236,b,global_rate60,global,bcd_normal,1,99,1,-1,105.37890625
xor,236,b,global_rate60,global,bcd_swapped,1,88,1,-1,105.37890625
xor,237,b,global_rate60,global,u16BE_x100,2,1,1,25092,0.41162109375
xor,237,b,global_rate60,global,i16BE_x100,2,1,1,25092,0.41162109375
xor,237,b,global_rate60,global,bcd_normal,1,76,1,-1,105.37890625
xor,237,b,global_rate60,global,bcd_swapped,1,67,1,-1,105.37890625
xor,238,b,global_rate60,global,u16LE_x10,2,2,1,-1,0.41162109375
xor,238,b,global_rate60,global,i16LE_x10,2,2,1,-1,0.41162109375
xor,238,b,global_rate60,global,u16LE_x100,2,1,1,17506,0.41162109375
xor,238,b,global_rate60,global,i16LE_x100,2,1,1,17506,0.41162109375
xor,238,b,global_rate60,global,bcd_normal,1,44,1,-1,105.37890625
xor,238,b,global_rate60,global,bcd_swapped,1,59,1,-1,105.37890625
xor,239,b,global_rate60,global,u16BE_x100,2,1,1,19106,0.41162109375
xor,239,b,global_rate60,global,i16BE_x100,2,1,1,19106,0.41162109375
xor,239,b,global_rate60,global,bcd_normal,1,81,1,-1,105.37890625
xor,239,b,global_rate60,global,bcd_swapped,1,98,1,-1,105.37890625
xor,240,b,global_rate60,global,u16BE_x1,2,1,1,25201,0.41162109375
xor,240,b,global_rate60,global,i16BE_x1,2,1,1,25201,0.41162109375
xor,240,b,global_rate60,global,u16LE_x100,2,1,1,17368,0.41162109375
xor,240,b,global_rate60,global,i16LE_x100,2,1,1,17368,0.41162109375
xor,240,b,global_rate60,global,bcd_normal,1,124,1,-1,105.37890625
xor,240,b,global_rate60,global,bcd_swapped,1,23,1,-1,105.37890625
xor,241,b,global_rate60,global,bcd_normal,1,104,1,-1,105.37890625
xor,241,b,global_rate60,global,bcd_swapped,1,32,1,-1,105.37890625
xor,242,b,global_rate60,global,bcd_normal,1,138,1,-1,105.37890625
xor,242,b,global_rate60,global,bcd_swapped,1,40,1,-1,105.37890625
xor,243,b,global_rate60,global,u16BE_x1,2,3,1,-1,0.41162109375
xor,243,b,global_rate60,global,i16BE_x1,2,3,1,-1,0.41162109375
xor,243,b,global_rate60,global,bcd_normal,1,109,1,-1,105.37890625
xor,243,b,global_rate60,global,bcd_swapped,1,49,1,-1,105.37890625
xor,244,b,global_rate60,global,bcd_normal,1,169,1,-1,105.37890625
xor,244,b,global_rate60,global,bcd_swapped,1,71,1,-1,105.37890625
xor,245,b,global_rate60,global,bcd_normal,1,162,1,-1,105.37890625
xor,245,b,global_rate60,global,bcd_swapped,1,68,1,-1,105.37890625
xor,246,b,global_rate60,global,u16LE_x100,2,34,1,-1,0.41162109375
xor,246,b,global_rate60,global,i16LE_x100,2,34,1,-1,0.41162109375
xor,246,b,global_rate60,global,u16BE_x100,2,5,1,-1,0.41162109375
xor,246,b,global_rate60,global,i16BE_x100,2,5,1,-1,0.41162109375
xor,246,b,global_rate60,global,bcd_normal,1,135,1,-1,105.37890625
xor,246,b,global_rate60,global,bcd_swapped,1,80,1,-1,105.37890625
xor,247,b,global_rate60,global,u16LE_x100,2,49,1,-1,0.41162109375
xor,247,b,global_rate60,global,i16LE_x100,2,49,1,-1,0.41162109375
xor,247,b,global_rate60,global,bcd_normal,1,149,1,-1,105.37890625
xor,247,b,global_rate60,global,bcd_swapped,1,61,1,-1,105.37890625
xor,248,b,global_rate60,global,u16BE_x1,2,1,1,22537,0.41162109375
xor,248,b,global_rate60,global,i16BE_x1,2,1,1,22537,0.41162109375
xor,248,b,global_rate60,global,bcd_normal,1,106,1,-1,105.37890625
xor,248,b,global_rate60,global,bcd_swapped,1,221,1,-1,105.37890625
xor,249,b,global_rate60,global,bcd_normal,1,158,1,-1,105.37890625
xor,249,b,global_rate60,global,bcd_swapped,1,15,1,-1,105.37890625
xor,250,b,global_rate60,global,u16LE_x100,2,1,1,22357,0.41162109375
xor,250,b,global_rate60,global,i16LE_x100,2,1,1,22357,0.41162109375
xor,250,b,global_rate60,global,bcd_normal,1,200,1,-1,105.37890625
xor,250,b,global_rate60,global,bcd_swapped,1,44,1,-1,105.37890625
xor,251,b,global_rate60,global,u16LE_x10,2,2,1,-1,0.41162109375
xor,251,b,global_rate60,global,i16LE_x10,2,2,1,-1,0.41162109375
xor,251,b,global_rate60,global,bcd_normal,1,64,1,-1,105.37890625
xor,251,b,global_rate60,global,bcd_swapped,1,24,1,-1,105.37890625
xor,252,b,global_rate60,global,bcd_normal,1,135,1,-1,105.37890625
xor,252,b,global_rate60,global,bcd_swapped,1,61,1,-1,105.37890625
xor,253,b,global_rate60,global,bcd_normal,1,61,1,-1,105.37890625
xor,253,b,global_rate60,global,bcd_swapped,1,31,1,-1,105.37890625
xor,254,b,global_rate60,global,u16LE_x1,2,2,1,-1,0.41162109375
xor,254,b,global_rate60,global,i16LE_x1,2,2,1,-1,0.41162109375
xor,254,b,global_rate60,global,bcd_normal,1,32,1,-1,105.37890625
xor,254,b,global_rate60,global,bcd_swapped,1,132,1,-1,105.37890625
xor,255,b,global_rate60,global,bcd_normal,1,39,1,-1,105.37890625
xor,255,b,global_rate60,global,bcd_swapped,1,71,1,-1,105.37890625
nibble_swap,,b,global_rate60,global,u16LE_x1,2,1,1,16679,0.41162109375
nibble_swap,,b,global_rate60,global,i16LE_x1,2,1,1,16679,0.41162109375
nibble_swap,,b,global_rate60,global,u16BE_x1,2,9,1,-1,0.41162109375
nibble_swap,,b,global_rate60,global,i16BE_x1,2,9,1,-1,0.41162109375
nibble_swap,,b,global_rate60,global,u32BE_x1,4,9,1,-1,6.280373781919479e-06
nibble_swap,,b,global_rate60,global,i32BE_x1,4,9,1,-1,6.280373781919479e-06
nibble_swap,,b,global_rate60,global,u16LE_x10,2,1,1,15134,0.41162109375
nibble_swap,,b,global_rate60,global,i16LE_x10,2,1,1,15134,0.41162109375
nibble_swap,,b,global_rate60,global,u16BE_x10,2,1,1,21071,0.41162109375
nibble_swap,,b,global_rate60,global,i16BE_x10,2,1,1,21071,0.41162109375
nibble_swap,,b,global_rate60,global,fx8.24_LE_s32,4,9,1,-1,6.280373781919479e-06
nibble_swap,,b,global_rate60,global,fx8.24_LE_u32,4,9,1,-1,6.280373781919479e-06
nibble_swap,,b,global_rate60,global,bcd_normal,1,89,1,-1,105.37890625
nibble_swap,,b,global_rate60,global,bcd_swapped,1,138,1,-1,105.37890625
bit_reverse,,b,global_rate60,global,u16LE_x1,2,5,1,-1,0.41162109375
bit_reverse,,b,global_rate60,global,i16LE_x1,2,5,1,-1,0.41162109375
bit_reverse,,b,global_rate60,global,bcd_normal,1,89,1,-1,105.37890625
bit_reverse,,b,global_rate60,global,bcd_swapped,1,138,1,-1,105.37890625
